"LSOA_Name","Total_Crime","Latitude","Longitude","Acquisitive_Share","High_Harm_Share","Public_Order_ASB_Share","Other_Crime_Share","Cluster","Cluster_Label"
"Westminster 013G",6352,51.5130479175414,-0.139306312722501,0.7713,0.1163,0.077,0.0354,1,"Central high-volume hotspots"
"Westminster 018A",4382,51.510762528547,-0.127354790626976,0.6125,0.1892,0.1248,0.0735,1,"Central high-volume hotspots"
"Westminster 013B",4293,51.5147630813157,-0.132729155612348,0.7333,0.1388,0.0748,0.0531,1,"Central high-volume hotspots"
"City of London 001F",3394,51.5139051616113,-0.0871841883121618,0.6376,0.2092,0.0737,0.0796,1,"Central high-volume hotspots"
"Hillingdon 031A",3032,51.472575656706,-0.468058667306622,0.2968,0.1751,0.2378,0.2902,1,"Central high-volume hotspots"
"Westminster 018C",2958,51.5076074857476,-0.130982626344159,0.5886,0.19,0.1626,0.0588,1,"Central high-volume hotspots"
"Newham 039D",2122,51.5426692784996,-0.00577683893555634,0.7064,0.1287,0.0961,0.0688,1,"Central high-volume hotspots"
"Westminster 011B",1957,51.5155995713603,-0.152202310633458,0.7736,0.0986,0.1032,0.0245,1,"Central high-volume hotspots"
"Kingston upon Thames 009C",1717,51.4103017286861,-0.304230193830265,0.4525,0.2073,0.2335,0.1066,1,"Central high-volume hotspots"
"Westminster 018B",1643,51.5128550629019,-0.119755981061777,0.7048,0.098,0.1662,0.031,1,"Central high-volume hotspots"
"Hammersmith and Fulham 004A",1408,51.5070393684639,-0.221722474527623,0.5554,0.2053,0.174,0.0653,1,"Central high-volume hotspots"
"Westminster 013D",1346,51.5170650481986,-0.142041498357533,0.7385,0.1285,0.1018,0.0312,1,"Central high-volume hotspots"
"Westminster 018D",1239,51.5081941837359,-0.145103239435952,0.527,0.2252,0.1977,0.05,1,"Central high-volume hotspots"
"Camden 026E",1224,51.5240272455659,-0.134794893553462,0.549,0.201,0.1969,0.0531,1,"Central high-volume hotspots"
"Camden 028D",1219,51.5151519238952,-0.127746339879119,0.6514,0.1395,0.1739,0.0353,1,"Central high-volume hotspots"
"Lambeth 036A",1195,51.4996677995873,-0.117437247262316,0.441,0.2745,0.246,0.0385,1,"Central high-volume hotspots"
"Lambeth 011B",1166,51.4628324925769,-0.113788544310915,0.3482,0.2727,0.2196,0.1595,1,"Central high-volume hotspots"
"Lambeth 036E",1095,51.5026301136806,-0.112688463443199,0.6311,0.1644,0.1598,0.0447,1,"Central high-volume hotspots"
"Hackney 033C",1089,51.5245902444023,-0.0809544770588244,0.5335,0.2075,0.1377,0.1212,1,"Central high-volume hotspots"
"Southwark 002B",1059,51.5041379958277,-0.092040517601672,0.6856,0.153,0.1265,0.0349,1,"Central high-volume hotspots"
"Camden 021A",1041,51.5390422351098,-0.143156220433891,0.4428,0.2421,0.1777,0.1374,1,"Central high-volume hotspots"
"Westminster 020C",996,51.4997826973619,-0.12701198658634,0.4317,0.3133,0.2068,0.0482,1,"Central high-volume hotspots"
"Westminster 019G",991,51.5042814504231,-0.163962428722781,0.558,0.2119,0.1372,0.0928,1,"Central high-volume hotspots"
"Hounslow 018F",944,51.4688231184642,-0.362779270017561,0.5032,0.1388,0.2765,0.0816,1,"Central high-volume hotspots"
"Islington 004B",926,51.5660410311924,-0.136520424452194,0.3844,0.351,0.1965,0.068,1,"Central high-volume hotspots"
"Westminster 020A",914,51.4987529837246,-0.13762410343216,0.5044,0.1335,0.2976,0.0646,1,"Central high-volume hotspots"
"Harrow 023C",904,51.5806179887768,-0.337886427900569,0.3993,0.1792,0.3407,0.0808,1,"Central high-volume hotspots"
"Camden 028A",900,51.5196032210527,-0.127594821428809,0.6389,0.1267,0.1956,0.0389,1,"Central high-volume hotspots"
"Islington 023D",871,51.5240078052612,-0.088016956574166,0.6326,0.1607,0.1206,0.0861,1,"Central high-volume hotspots"
"Hammersmith and Fulham 013C",842,51.493432623655,-0.224654922696541,0.348,0.2553,0.304,0.0926,1,"Central high-volume hotspots"
"Camden 028B",819,51.5184674598485,-0.118010034180491,0.6264,0.1368,0.188,0.0488,1,"Central high-volume hotspots"
"Camden 026A",809,51.5194813810546,-0.132672458505341,0.6588,0.1422,0.1632,0.0358,1,"Central high-volume hotspots"
"Westminster 011E",808,51.5118666863577,-0.153724788692354,0.7141,0.1213,0.1151,0.0495,1,"Central high-volume hotspots"
"Westminster 023E",786,51.4944119080643,-0.144934608222124,0.4885,0.159,0.299,0.0534,1,"Central high-volume hotspots"
"Ealing 042A",774,51.5132942124047,-0.303675751122049,0.4703,0.1796,0.2881,0.062,1,"Central high-volume hotspots"
"City of London 001G",767,51.5162737543768,-0.106321127012629,0.661,0.1669,0.09,0.0821,1,"Central high-volume hotspots"
"Enfield 030D",766,51.623982787562,-0.059007706802382,0.342,0.2585,0.2546,0.1449,1,"Central high-volume hotspots"
"Redbridge 039C",766,51.5578751623223,0.0724789757792439,0.5509,0.2128,0.1253,0.111,1,"Central high-volume hotspots"
"Ealing 023E",752,51.5097605150994,-0.375473840349037,0.3763,0.2473,0.2872,0.0891,1,"Central high-volume hotspots"
"Southwark 022E",744,51.4724225598688,-0.069313783518249,0.3629,0.2406,0.3024,0.0941,1,"Central high-volume hotspots"
"Islington 005B",742,51.5640162296296,-0.107319317504028,0.3248,0.2574,0.2871,0.1307,1,"Central high-volume hotspots"
"Tower Hamlets 033B",739,51.503560594648,-0.0199451366799874,0.4668,0.2097,0.2436,0.0798,1,"Central high-volume hotspots"
"Waltham Forest 017C",711,51.5840752827932,-0.0223498989552857,0.4121,0.1997,0.2743,0.1139,1,"Central high-volume hotspots"
"Camden 028C",700,51.5167342414418,-0.12296035089585,0.5643,0.1671,0.2286,0.04,1,"Central high-volume hotspots"
"Islington 021B",676,51.5321651609828,-0.120749908754434,0.5473,0.1967,0.2263,0.0296,1,"Central high-volume hotspots"
"Waltham Forest 024C",676,51.56915042948,0.0120050133693794,0.6553,0.1435,0.1509,0.0503,1,"Central high-volume hotspots"
"Hillingdon 026D",671,51.5153629301345,-0.404416508190708,0.6751,0.1311,0.1654,0.0283,1,"Central high-volume hotspots"
"Camden 022F",668,51.5345311489505,-0.124979310753549,0.6632,0.1362,0.1647,0.0359,1,"Central high-volume hotspots"
"Greenwich 040A",657,51.4984287558464,0.00690703829895018,0.4292,0.3166,0.1887,0.0654,1,"Central high-volume hotspots"
"Croydon 020B",651,51.3790488854206,-0.105405167258077,0.4562,0.2166,0.1935,0.1336,1,"Central high-volume hotspots"
"Islington 020B",636,51.5366784129783,-0.10367384833746,0.6148,0.1651,0.1777,0.0425,1,"Central high-volume hotspots"
"Hillingdon 016C",635,51.5459534430899,-0.481728800051817,0.4079,0.2378,0.2583,0.0961,1,"Central high-volume hotspots"
"Barking and Dagenham 015E",626,51.5381190862519,0.0806335502127268,0.3275,0.2652,0.3067,0.1006,1,"Central high-volume hotspots"
"Havering 013C",623,51.5751129374156,0.18124762118491,0.2424,0.374,0.2199,0.1637,1,"Central high-volume hotspots"
"Redbridge 022B",604,51.5767211808752,0.112457008305269,0.0993,0.6937,0.1126,0.0944,1,"Central high-volume hotspots"
"Westminster 012B",598,51.5151577738213,-0.162033679333193,0.4599,0.2508,0.1823,0.107,1,"Central high-volume hotspots"
"Lewisham 020B",595,51.4449832098497,-0.020784761022096,0.2689,0.3311,0.2672,0.1328,1,"Central high-volume hotspots"
"Newham 018B",588,51.5354302265732,0.0532218965590256,0.4626,0.2177,0.2551,0.0646,1,"Central high-volume hotspots"
"Haringey 016B",587,51.596223686391,-0.109762312321334,0.3509,0.3101,0.2811,0.0579,1,"Central high-volume hotspots"
"Haringey 016A",585,51.5941964407021,-0.107832134199238,0.5966,0.1932,0.1624,0.0479,1,"Central high-volume hotspots"
"Haringey 037A",584,51.6059830691101,-0.0676717044703112,0.1884,0.2928,0.3887,0.1301,1,"Central high-volume hotspots"
"Camden 029B",581,51.5297575833583,-0.122467819202219,0.5456,0.167,0.2306,0.0568,1,"Central high-volume hotspots"
"Brent 035D",576,51.5570476875835,-0.281527725117388,0.4444,0.2882,0.191,0.0764,1,"Central high-volume hotspots"
"Redbridge 029A",574,51.5602911241093,0.0711115802343465,0.4547,0.2491,0.1847,0.1115,1,"Central high-volume hotspots"
"Islington 022D",573,51.5216283196774,-0.10482671830934,0.6649,0.1815,0.1117,0.0419,1,"Central high-volume hotspots"
"Havering 013E",568,51.5779334778786,0.183132821048899,0.4701,0.2165,0.2025,0.1109,1,"Central high-volume hotspots"
"Tower Hamlets 015B",557,51.5194792359517,-0.0751148045402095,0.6068,0.1436,0.2136,0.0359,1,"Central high-volume hotspots"
"Bromley 008B",553,51.4064662609076,0.0144737498562074,0.4213,0.2405,0.1935,0.1447,1,"Central high-volume hotspots"
"Westminster 015G",539,51.5170757203974,-0.172397725757363,0.4935,0.2597,0.18,0.0668,1,"Central high-volume hotspots"
"Westminster 020E",538,51.4961755468884,-0.140003157965835,0.4777,0.197,0.2472,0.0781,1,"Central high-volume hotspots"
"Enfield 012F",532,51.6527536353354,-0.0572267376189968,0.7049,0.1259,0.1109,0.0583,1,"Central high-volume hotspots"
"Camden 021C",530,51.5349686766384,-0.139305465872078,0.4321,0.2585,0.2208,0.0887,1,"Central high-volume hotspots"
"Hackney 033B",520,51.5271398356394,-0.0785218337455564,0.4942,0.2231,0.125,0.1577,1,"Central high-volume hotspots"
"Haringey 024B",516,51.5845318950552,-0.073951417994858,0.5853,0.2481,0.1027,0.064,1,"Central high-volume hotspots"
"Camden 027B",514,51.520781559052,-0.108266041585502,0.5992,0.1712,0.1712,0.0584,1,"Central high-volume hotspots"
"Greenwich 042B",512,51.4917702746995,0.0644185754649571,0.4668,0.2246,0.1973,0.1113,1,"Central high-volume hotspots"
"Southwark 006F",511,51.5036589750179,-0.0868057657106161,0.5851,0.182,0.1937,0.0391,1,"Central high-volume hotspots"
"Westminster 012A",509,51.5149205354414,-0.158065463386812,0.7112,0.1238,0.1218,0.0432,1,"Central high-volume hotspots"
"Newham 012F",508,51.5422910688792,0.000340643846574881,0.4606,0.2146,0.2008,0.124,1,"Central high-volume hotspots"
"Westminster 012C",507,51.5195529879331,-0.16637724208221,0.3037,0.2091,0.4063,0.0809,1,"Central high-volume hotspots"
"Ealing 043B",506,51.500843004322,-0.383882282663217,0.4526,0.1779,0.3202,0.0494,1,"Central high-volume hotspots"
"Ealing 015E",505,51.5263324674085,-0.272248931541977,0.3881,0.2297,0.2931,0.0891,1,"Central high-volume hotspots"
"Lambeth 004A",494,51.4852748172607,-0.122340196427312,0.504,0.2854,0.1377,0.0729,1,"Central high-volume hotspots"
"Richmond upon Thames 008B",490,51.4607506170223,-0.304482252723076,0.4918,0.1898,0.2551,0.0633,1,"Central high-volume hotspots"
"Brent 031B",485,51.5366870696708,-0.248093994476767,0.3567,0.2062,0.3361,0.101,1,"Central high-volume hotspots"
"Westminster 005B",485,51.5258329422131,-0.197798225649418,0.6082,0.1938,0.1505,0.0474,1,"Central high-volume hotspots"
"Southwark 002C",485,51.5066511149759,-0.103937220477682,0.7155,0.167,0.0825,0.0351,1,"Central high-volume hotspots"
"Tower Hamlets 013C",485,51.5199078908716,-0.0581664929785005,0.3526,0.3299,0.2412,0.0763,1,"Central high-volume hotspots"
"Wandsworth 021B",480,51.4445155512763,-0.15146219106817,0.6,0.1646,0.1667,0.0688,1,"Central high-volume hotspots"
"Barking and Dagenham 015F",478,51.5367735760976,0.0774076805150792,0.3536,0.272,0.2155,0.159,1,"Central high-volume hotspots"
"Croydon 046D",473,51.3723823519841,-0.099375697466309,0.2896,0.2622,0.3636,0.0846,1,"Central high-volume hotspots"
"Barnet 039D",472,51.5762737076741,-0.225070250246132,0.6547,0.1144,0.1674,0.0636,1,"Central high-volume hotspots"
"Hackney 017C",469,51.548190768353,-0.0559451184450934,0.4606,0.2537,0.1983,0.0874,1,"Central high-volume hotspots"
"Tower Hamlets 010G",469,51.5234690302236,-0.0427264701824433,0.3284,0.3945,0.1812,0.0959,1,"Central high-volume hotspots"
"Bexley 015B",465,51.4555626677114,0.147289339488872,0.3247,0.2473,0.3312,0.0968,1,"Central high-volume hotspots"
"Redbridge 039B",465,51.5600206740346,0.0789189892924939,0.2473,0.2387,0.4172,0.0968,1,"Central high-volume hotspots"
"Croydon 024G",462,51.3750456745562,-0.102547741217155,0.381,0.2576,0.2403,0.1212,1,"Central high-volume hotspots"
"Croydon 046C",460,51.3728708495927,-0.0940271792007182,0.1696,0.3239,0.3717,0.1348,1,"Central high-volume hotspots"
"Haringey 016D",453,51.5914686955086,-0.104745609019877,0.4967,0.2561,0.1876,0.0596,1,"Central high-volume hotspots"
"Lambeth 012B",452,51.4638014091341,-0.134570494275657,0.5465,0.2588,0.1394,0.0553,1,"Central high-volume hotspots"
"Camden 023F",450,51.5276425753965,-0.135614643731131,0.5,0.16,0.28,0.06,1,"Central high-volume hotspots"
"Wandsworth 035A",450,51.4276826217816,-0.166786828560347,0.4022,0.2333,0.2867,0.0778,1,"Central high-volume hotspots"
"Croydon 047B",442,51.3660665367785,-0.0990905228695205,0.6131,0.1629,0.1606,0.0633,1,"Central high-volume hotspots"
"Southwark 035A",440,51.5046639464218,-0.0826265472952226,0.6636,0.1864,0.0886,0.0614,1,"Central high-volume hotspots"
"Hackney 030A",436,51.5484708935926,-0.0754380163738803,0.383,0.2248,0.3096,0.0826,1,"Central high-volume hotspots"
"Barking and Dagenham 018E",436,51.5307957469764,0.136509191031161,0.3784,0.2661,0.2339,0.1216,1,"Central high-volume hotspots"
"City of London 001E",427,51.5133295420931,-0.0753027715000656,0.6393,0.2037,0.082,0.0749,1,"Central high-volume hotspots"
"Barnet 018B",427,51.6132400195471,-0.276779366461463,0.3817,0.1803,0.377,0.0609,1,"Central high-volume hotspots"
"Newham 012C",427,51.5422385309689,0.00625604282011741,0.5316,0.1569,0.2342,0.0773,1,"Central high-volume hotspots"
"Wandsworth 012E",424,51.4631955299236,-0.168749280483433,0.4552,0.2123,0.2665,0.066,1,"Central high-volume hotspots"
"Westminster 023H",421,51.4917767603605,-0.150280429203981,0.5914,0.19,0.1591,0.0594,1,"Central high-volume hotspots"
"Lewisham 041B",420,51.4600407695719,-0.0115594596693765,0.3929,0.331,0.1643,0.1119,1,"Central high-volume hotspots"
"Ealing 012C",415,51.5277523163652,-0.35283643038983,0.4916,0.1928,0.2265,0.0892,1,"Central high-volume hotspots"
"Ealing 028A",414,51.5111005852284,-0.323039338579198,0.2899,0.2029,0.4179,0.0894,1,"Central high-volume hotspots"
"Lambeth 016D",410,51.4623267356926,-0.116580732541098,0.3854,0.2561,0.2805,0.078,1,"Central high-volume hotspots"
"Southwark 016E",406,51.4875322456235,-0.0932348672042524,0.6946,0.0961,0.1527,0.0567,1,"Central high-volume hotspots"
"Ealing 025E",404,51.5076104274747,-0.273644846015047,0.2228,0.2822,0.3886,0.1064,1,"Central high-volume hotspots"
"Newham 012D",404,51.5397126357497,0.00250413764279938,0.401,0.2252,0.2649,0.1089,1,"Central high-volume hotspots"
"Brent 028D",403,51.5389350045747,-0.194784458891681,0.4144,0.2159,0.3102,0.0596,1,"Central high-volume hotspots"
"Southwark 021C",398,51.474310373944,-0.0928987218024169,0.3618,0.2688,0.2688,0.1005,1,"Central high-volume hotspots"
"Hammersmith and Fulham 007D",397,51.5036399036929,-0.219825242112981,0.3778,0.2267,0.3275,0.068,1,"Central high-volume hotspots"
"Lambeth 014C",397,51.468107833512,-0.0943762514077552,0.2443,0.4987,0.1688,0.0882,1,"Central high-volume hotspots"
"Harrow 020B",395,51.5847167744805,-0.332231352429544,0.3165,0.3013,0.2608,0.1215,1,"Central high-volume hotspots"
"Camden 026B",393,51.5214045442601,-0.138001422695651,0.5929,0.1552,0.2188,0.0331,1,"Central high-volume hotspots"
"Westminster 017F",393,51.5137972971796,-0.188423860500163,0.5573,0.173,0.2265,0.0433,1,"Central high-volume hotspots"
"Hammersmith and Fulham 013D",392,51.4927228405295,-0.227830126630144,0.4184,0.1888,0.3291,0.0638,1,"Central high-volume hotspots"
"Sutton 012G",392,51.3627520988774,-0.192725132095874,0.3546,0.3495,0.1913,0.1046,1,"Central high-volume hotspots"
"Southwark 034C",391,51.4941671562978,-0.103031440835771,0.4808,0.2276,0.2072,0.0844,1,"Central high-volume hotspots"
"Kensington and Chelsea 012A",388,51.4996174447745,-0.160220545432669,0.6495,0.134,0.1366,0.0799,1,"Central high-volume hotspots"
"Bromley 018G",384,51.4009394666151,0.0173344604300582,0.3724,0.2943,0.2214,0.112,1,"Central high-volume hotspots"
"Islington 013D",384,51.5470567048146,-0.10575453146836,0.3385,0.2266,0.3776,0.0573,1,"Central high-volume hotspots"
"Southwark 009H",382,51.4940029743831,-0.098937345318082,0.5785,0.1885,0.1518,0.0812,1,"Central high-volume hotspots"
"Islington 011H",380,51.5543973250815,-0.112106309908821,0.3,0.2789,0.2816,0.1395,1,"Central high-volume hotspots"
"Islington 007F",380,51.5583897757029,-0.118323820903685,0.3974,0.1842,0.3237,0.0947,1,"Central high-volume hotspots"
"Tower Hamlets 033A",379,51.5061921575566,-0.0207148164781008,0.4512,0.2005,0.248,0.1003,1,"Central high-volume hotspots"
"Lewisham 041D",377,51.4526271123288,-0.0153825523738375,0.191,0.5809,0.1406,0.0875,1,"Central high-volume hotspots"
"Bromley 028C",376,51.3753625746184,0.0991346452156469,0.4282,0.2394,0.2394,0.0931,1,"Central high-volume hotspots"
"Islington 020A",376,51.5339950182969,-0.107308149271284,0.4548,0.2367,0.2314,0.0771,1,"Central high-volume hotspots"
"Brent 021B",374,51.5527217237828,-0.25661161865529,0.5214,0.2059,0.1578,0.115,1,"Central high-volume hotspots"
"Wandsworth 010E",374,51.4623375952244,-0.216079974929303,0.5749,0.1684,0.1898,0.0668,1,"Central high-volume hotspots"
"Westminster 022B",374,51.4925169334351,-0.140678376183923,0.361,0.2032,0.377,0.0588,1,"Central high-volume hotspots"
"Hillingdon 017B",372,51.5258307899787,-0.460002404948869,0.1559,0.5591,0.1962,0.0887,1,"Central high-volume hotspots"
"Bromley 006D",369,51.4081482869757,-0.0271808505559872,0.2927,0.2629,0.3117,0.1328,1,"Central high-volume hotspots"
"Hackney 018D",369,51.5450298247352,-0.0265842881816239,0.4499,0.2168,0.2466,0.0867,1,"Central high-volume hotspots"
"Newham 028A",369,51.5229583656159,0.0327297635759503,0.271,0.4363,0.1978,0.0949,1,"Central high-volume hotspots"
"Westminster 016B",368,51.5147680528217,-0.175647574491389,0.6033,0.1658,0.1712,0.0598,1,"Central high-volume hotspots"
"Wandsworth 038D",367,51.480728329826,-0.142653465081964,0.6158,0.1989,0.1063,0.079,1,"Central high-volume hotspots"
"Enfield 033F",366,51.6114160908243,-0.0499860299753617,0.5656,0.2104,0.1038,0.1202,1,"Central high-volume hotspots"
"Hackney 030B",362,51.5458317213043,-0.0745682598565015,0.5497,0.2182,0.1851,0.047,1,"Central high-volume hotspots"
"Greenwich 015C",362,51.4774850050255,0.0540494683792047,0.1851,0.511,0.2017,0.1022,1,"Central high-volume hotspots"
"Newham 017B",362,51.5363705733133,0.0346436726516291,0.6602,0.163,0.1077,0.0691,1,"Central high-volume hotspots"
"Hackney 019A",360,51.548813351542,-0.0445866061637538,0.2,0.525,0.2083,0.0667,1,"Central high-volume hotspots"
"Hillingdon 015H",359,51.5455352369197,-0.475735304640297,0.4401,0.195,0.2981,0.0669,1,"Central high-volume hotspots"
"Waltham Forest 020C",358,51.5746235026349,-0.0138591725423465,0.324,0.2933,0.2514,0.1313,1,"Central high-volume hotspots"
"Lewisham 007A",357,51.4631447381368,-0.00763461693436116,0.1373,0.409,0.2633,0.1905,1,"Central high-volume hotspots"
"Greenwich 042D",357,51.4906977641783,0.0662912224847704,0.4006,0.2773,0.2241,0.098,1,"Central high-volume hotspots"
"Brent 020G",355,51.5530455444176,-0.294384597981269,0.5521,0.1915,0.1746,0.0817,1,"Central high-volume hotspots"
"Southwark 016F",354,51.48429405827,-0.0889180990289447,0.2514,0.2599,0.3785,0.1102,1,"Central high-volume hotspots"
"Hackney 017A",353,51.5459875699582,-0.0528943229281537,0.4448,0.2181,0.2691,0.068,1,"Central high-volume hotspots"
"Hounslow 014C",351,51.4740787367992,-0.325614424936355,0.1054,0.6667,0.1339,0.094,1,"Central high-volume hotspots"
"Havering 013B",351,51.5805407626055,0.182290695475738,0.1852,0.3818,0.2849,0.1481,1,"Central high-volume hotspots"
"Tower Hamlets 021H",350,51.5159987118902,-0.0673531028275829,0.4314,0.1886,0.2914,0.0886,1,"Central high-volume hotspots"
"Lewisham 040C",350,51.463177596453,-0.0123196520751893,0.4629,0.2543,0.1971,0.0857,1,"Central high-volume hotspots"
"Newham 034K",349,51.5140791123562,0.00989172479545805,0.6046,0.2206,0.1261,0.0487,1,"Central high-volume hotspots"
"Islington 021A",348,51.5331210524974,-0.11089406445087,0.2241,0.2759,0.3333,0.1667,1,"Central high-volume hotspots"
"Barnet 024D",347,51.6018668951932,-0.264673614061246,0.438,0.245,0.2133,0.1037,1,"Central high-volume hotspots"
"Enfield 012D",346,51.6460726059063,-0.0453746175291204,0.3555,0.3237,0.1532,0.1676,1,"Central high-volume hotspots"
"Hackney 014B",346,51.5512519016794,-0.0753390894149254,0.4942,0.2659,0.185,0.0549,1,"Central high-volume hotspots"
"Enfield 020F",346,51.6331440790714,-0.129949819381697,0.5,0.2197,0.1965,0.0838,1,"Central high-volume hotspots"
"Newham 018A",345,51.538384633617,0.0514851815752646,0.429,0.2261,0.1623,0.1826,1,"Central high-volume hotspots"
"Croydon 010E",344,51.3984947786777,-0.0979037679430744,0.2442,0.311,0.3343,0.1105,1,"Central high-volume hotspots"
"Hillingdon 027E",344,51.5068406552585,-0.417317687253319,0.3517,0.2936,0.2616,0.093,1,"Central high-volume hotspots"
"Camden 008E",343,51.5521447569688,-0.165487683927003,0.4577,0.2624,0.207,0.0729,1,"Central high-volume hotspots"
"Newham 006D",342,51.5478815723952,0.0212729409481642,0.3684,0.2076,0.3801,0.0439,1,"Central high-volume hotspots"
"Camden 018B",340,51.5427165552483,-0.147313605849624,0.4324,0.2176,0.2706,0.0794,1,"Central high-volume hotspots"
"Brent 008D",339,51.5763787562814,-0.317730706463087,0.2271,0.4513,0.2183,0.1032,1,"Central high-volume hotspots"
"Wandsworth 027F",339,51.438780727476,-0.171002809167537,0.1622,0.6165,0.1475,0.0737,1,"Central high-volume hotspots"
"Croydon 046B",337,51.3760182921631,-0.0963624461868074,0.2997,0.2226,0.3086,0.1691,1,"Central high-volume hotspots"
"Havering 030B",337,51.5188530903192,0.192050844806798,0.4243,0.2315,0.273,0.0712,1,"Central high-volume hotspots"
"Tower Hamlets 017A",337,51.5186792508654,-0.0580310745113608,0.3917,0.273,0.2493,0.0861,1,"Central high-volume hotspots"
"Wandsworth 010K",337,51.4574230478995,-0.196172379985413,0.178,0.273,0.3917,0.1573,1,"Central high-volume hotspots"
"Greenwich 039D",335,51.490842558886,0.07088163215019,0.2239,0.3075,0.3284,0.1403,1,"Central high-volume hotspots"
"Southwark 007B",333,51.4958285668176,-0.0489925252055685,0.4805,0.2162,0.2372,0.0661,1,"Central high-volume hotspots"
"Southwark 009G",333,51.494676238448,-0.0962472857192555,0.5676,0.2553,0.1021,0.0751,1,"Central high-volume hotspots"
"Southwark 009B",329,51.4977820117286,-0.0973219371529971,0.465,0.3252,0.1155,0.0942,1,"Central high-volume hotspots"
"Camden 010D",325,51.5483652687914,-0.183993924720708,0.5108,0.1785,0.28,0.0308,1,"Central high-volume hotspots"
"Camden 010E",325,51.5476360190401,-0.192047751489988,0.3908,0.1508,0.4431,0.0154,1,"Central high-volume hotspots"
"Westminster 008C",321,51.5206789235634,-0.15637217785265,0.6293,0.1371,0.1745,0.0592,1,"Central high-volume hotspots"
"Bexley 004A",320,51.4797157441684,0.180749834487858,0.2562,0.2656,0.3219,0.1562,1,"Central high-volume hotspots"
"Havering 020C",319,51.5624016092342,0.218167720746559,0.2884,0.2602,0.3699,0.0815,1,"Central high-volume hotspots"
"Redbridge 022A",318,51.5668726043644,0.110800565587476,0.5629,0.217,0.1541,0.066,1,"Central high-volume hotspots"
"Lambeth 017C",317,51.4622942972959,-0.136426546983106,0.5804,0.2145,0.164,0.041,1,"Central high-volume hotspots"
"Westminster 008D",316,51.5246392061554,-0.158466749773821,0.6582,0.1424,0.1551,0.0443,1,"Central high-volume hotspots"
"Barking and Dagenham 015A",314,51.5402343798201,0.078531844443359,0.2166,0.3217,0.3312,0.1306,1,"Central high-volume hotspots"
"Lambeth 003F",314,51.4888791461892,-0.12151968778251,0.5732,0.242,0.1242,0.0605,1,"Central high-volume hotspots"
"Haringey 031C",310,51.5713181959067,-0.102942384083011,0.3452,0.2774,0.2194,0.1581,1,"Central high-volume hotspots"
"Southwark 002E",309,51.5020152240156,-0.0903107534447822,0.5502,0.1877,0.1748,0.0874,1,"Central high-volume hotspots"
"Hillingdon 015C",308,51.5493165535944,-0.480384227175504,0.1721,0.276,0.4643,0.0877,1,"Central high-volume hotspots"
"Newham 033E",308,51.5177923400409,0.0685372364084087,0.4351,0.25,0.237,0.0779,1,"Central high-volume hotspots"
"Croydon 015D",307,51.3891157606984,-0.109305812228305,0.1498,0.4495,0.2736,0.127,1,"Central high-volume hotspots"
"Hounslow 018A",307,51.4698183669079,-0.364158235302241,0.2313,0.3746,0.2736,0.1205,1,"Central high-volume hotspots"
"Hillingdon 022G",307,51.5141266763686,-0.476388760797998,0.4397,0.1987,0.241,0.1205,1,"Central high-volume hotspots"
"Harrow 013A",306,51.593815720188,-0.334524196749006,0.4216,0.2582,0.2124,0.1078,1,"Central high-volume hotspots"
"Kensington and Chelsea 013D",306,51.4929911705067,-0.193020522887312,0.2614,0.2124,0.4575,0.0686,1,"Central high-volume hotspots"
"Hillingdon 031C",305,51.4818585673604,-0.448426045971502,0.3574,0.1934,0.3508,0.0984,1,"Central high-volume hotspots"
"Tower Hamlets 027B",305,51.5069183532553,-0.0700286487266243,0.541,0.177,0.1639,0.118,1,"Central high-volume hotspots"
"Southwark 012E",305,51.4877793906343,-0.097301011584596,0.4492,0.223,0.223,0.1049,1,"Central high-volume hotspots"
"Westminster 011D",305,51.5199897714844,-0.152266594859552,0.7443,0.1115,0.1148,0.0295,1,"Central high-volume hotspots"
"Hammersmith and Fulham 005C",304,51.5046571726429,-0.226232864583333,0.2533,0.3289,0.2829,0.1349,1,"Central high-volume hotspots"
"Waltham Forest 026D",304,51.5573542324085,-0.009568571431371,0.3421,0.2007,0.3289,0.1283,1,"Central high-volume hotspots"
"Islington 003A",303,51.5660016945699,-0.109004534966588,0.3366,0.1947,0.4059,0.0627,1,"Central high-volume hotspots"
"Sutton 012F",302,51.3672383582365,-0.195958835411774,0.3212,0.2384,0.3675,0.0728,1,"Central high-volume hotspots"
"Croydon 037E",301,51.3385379349206,-0.115414311255015,0.3189,0.299,0.2458,0.1362,1,"Central high-volume hotspots"
"Westminster 009J",301,51.5213981585483,-0.170876463504975,0.515,0.196,0.1927,0.0963,1,"Central high-volume hotspots"
"Havering 004B",300,51.6063203424506,0.219765333279629,0.3033,0.3133,0.2667,0.1167,1,"Central high-volume hotspots"
"Tower Hamlets 015D",300,51.5169603678034,-0.0690517119400694,0.4333,0.23,0.2267,0.11,1,"Central high-volume hotspots"
"Islington 023B",299,51.5279869237213,-0.095183929132837,0.2809,0.2676,0.3712,0.0803,1,"Central high-volume hotspots"
"Lewisham 039D",299,51.4774774405014,-0.0267530031986532,0.3411,0.2609,0.311,0.087,1,"Central high-volume hotspots"
"Kingston upon Thames 011B",299,51.3929247746392,-0.305733906318075,0.4582,0.1538,0.3211,0.0669,1,"Central high-volume hotspots"
"Lambeth 036D",298,51.503790877462,-0.108477802276907,0.5738,0.1846,0.1577,0.0839,1,"Central high-volume hotspots"
"Haringey 023C",298,51.5880079881842,-0.104223257779548,0.2282,0.2517,0.4463,0.0738,1,"Central high-volume hotspots"
"Hackney 020G",297,51.5477587041458,-0.0726432270097286,0.3838,0.1886,0.33,0.0976,1,"Central high-volume hotspots"
"Brent 009F",297,51.5643552081522,-0.27649773442029,0.4141,0.2357,0.2222,0.1279,1,"Central high-volume hotspots"
"Redbridge 039A",296,51.5611760690139,0.0892177579435271,0.3412,0.3818,0.1622,0.1149,1,"Central high-volume hotspots"
"Barking and Dagenham 021E",295,51.5323456283756,0.0754546973936557,0.3017,0.3186,0.2271,0.1525,1,"Central high-volume hotspots"
"Haringey 025A",294,51.5870112272379,-0.0708250201953813,0.2823,0.2585,0.3401,0.119,1,"Central high-volume hotspots"
"Kensington and Chelsea 004C",293,51.5170694816819,-0.207961084554128,0.4232,0.2321,0.2355,0.1092,1,"Central high-volume hotspots"
"Ealing 026C",292,51.5073645428766,-0.382107943483468,0.2603,0.363,0.2911,0.0856,1,"Central high-volume hotspots"
"Brent 034B",292,51.5354944432839,-0.193285425101816,0.3801,0.2808,0.25,0.089,1,"Central high-volume hotspots"
"Merton 023A",292,51.4020449005809,-0.19517262649898,0.4041,0.3014,0.2158,0.0788,1,"Central high-volume hotspots"
"Westminster 009E",291,51.5212731023209,-0.173529751651926,0.1753,0.2818,0.4708,0.0722,1,"Central high-volume hotspots"
"Lambeth 036C",288,51.5059319203789,-0.111641529817944,0.566,0.2014,0.1944,0.0382,1,"Central high-volume hotspots"
"Lambeth 011F",287,51.4650891081207,-0.115282090359786,0.331,0.1986,0.3066,0.1638,1,"Central high-volume hotspots"
"Bromley 018F",286,51.4049386541086,0.0177129576945412,0.528,0.2273,0.1538,0.0909,1,"Central high-volume hotspots"
"Hounslow 005C",286,51.4974754693096,-0.402660067132636,0.528,0.1853,0.1993,0.0874,1,"Central high-volume hotspots"
"Lewisham 039C",286,51.4764034311804,-0.0354142375253024,0.3182,0.3322,0.2238,0.1259,1,"Central high-volume hotspots"
"Croydon 024B",285,51.3721855372118,-0.103308221428571,0.3333,0.2667,0.2421,0.1579,1,"Central high-volume hotspots"
"Camden 013C",285,51.542679699078,-0.197216208966797,0.3579,0.2175,0.2947,0.1298,1,"Central high-volume hotspots"
"Tower Hamlets 015A",285,51.5183471035171,-0.0705360428389788,0.3193,0.2737,0.2596,0.1474,1,"Central high-volume hotspots"
"Hackney 023F",284,51.5400454586211,-0.0573091299439776,0.4718,0.1866,0.2746,0.0669,1,"Central high-volume hotspots"
"Brent 028A",283,51.5429458944797,-0.199738980057319,0.424,0.3145,0.1625,0.0989,1,"Central high-volume hotspots"
"Hillingdon 033B",282,51.5568477669468,-0.396160887197811,0.5993,0.1596,0.1277,0.1135,1,"Central high-volume hotspots"
"Newham 036E",282,51.5145580111121,0.0241573571340821,0.656,0.1596,0.1241,0.0603,1,"Central high-volume hotspots"
"Kensington and Chelsea 019E",282,51.4890970281954,-0.16867491863003,0.5213,0.1667,0.2695,0.0426,1,"Central high-volume hotspots"
"Hounslow 017F",281,51.4677967066286,-0.370602001939521,0.3025,0.3096,0.2954,0.0925,1,"Central high-volume hotspots"
"Enfield 032B",281,51.6123341879348,-0.138404266647356,0.6833,0.1495,0.1032,0.0641,1,"Central high-volume hotspots"
"Tower Hamlets 004E",281,51.5337386689518,-0.0197965758483853,0.3452,0.2847,0.2028,0.1673,1,"Central high-volume hotspots"
"Wandsworth 034D",280,51.4259651259441,-0.17489418595772,0.1964,0.45,0.2429,0.1107,1,"Central high-volume hotspots"
"Barking and Dagenham 014C",279,51.5404250941443,0.150808041503734,0.3584,0.2903,0.233,0.1183,1,"Central high-volume hotspots"
"Hillingdon 027I",279,51.5081631171106,-0.420282712709442,0.5161,0.2115,0.2115,0.0609,1,"Central high-volume hotspots"
"Ealing 038A",276,51.502777624221,-0.378385211732976,0.2536,0.3406,0.2645,0.1413,1,"Central high-volume hotspots"
"Greenwich 033C",276,51.4849635125167,0.101818951497925,0.2826,0.192,0.4094,0.1159,1,"Central high-volume hotspots"
"Redbridge 007G",276,51.5950787142322,0.0250169965355805,0.6341,0.1775,0.1304,0.058,1,"Central high-volume hotspots"
"Hounslow 025B",276,51.4429776196214,-0.414409517970061,0.2355,0.2101,0.4783,0.0761,1,"Central high-volume hotspots"
"Hounslow 029E",275,51.4925965670761,-0.264743048642491,0.6509,0.1455,0.1309,0.0727,1,"Central high-volume hotspots"
"Greenwich 027D",274,51.4518275924105,0.0539767222743103,0.4672,0.2482,0.1861,0.0985,1,"Central high-volume hotspots"
"Barnet 019A",274,51.6146257450089,-0.17717919691533,0.3467,0.2445,0.3358,0.073,1,"Central high-volume hotspots"
"Lambeth 013C",274,51.4632798599565,-0.140137447791165,0.7117,0.1022,0.1387,0.0474,1,"Central high-volume hotspots"
"Camden 022E",274,51.5293486723921,-0.129944565279376,0.6642,0.1642,0.1168,0.0547,1,"Central high-volume hotspots"
"Bexley 015A",274,51.457287279793,0.139983475506294,0.292,0.3285,0.2007,0.1788,1,"Central high-volume hotspots"
"Haringey 012D",273,51.5909153707074,-0.0685787297660819,0.315,0.304,0.2564,0.1245,1,"Central high-volume hotspots"
"Kensington and Chelsea 012B",273,51.497982213994,-0.166723879245353,0.6374,0.1868,0.1355,0.0403,1,"Central high-volume hotspots"
"Brent 020F",272,51.5537795021957,-0.295585122159975,0.3603,0.1801,0.3787,0.0809,1,"Central high-volume hotspots"
"Hackney 001A",272,51.5722469197207,-0.0720568592664449,0.4853,0.2647,0.2169,0.0331,1,"Central high-volume hotspots"
"Newham 018D",272,51.5330244425743,0.0519425153199932,0.4118,0.25,0.1912,0.1471,1,"Central high-volume hotspots"
"Merton 003C",271,51.4210004963642,-0.204335421948734,0.3284,0.31,0.3063,0.0554,1,"Central high-volume hotspots"
"Ealing 025C",270,51.5081846906793,-0.270892799148882,0.263,0.2741,0.3556,0.1074,1,"Central high-volume hotspots"
"Kensington and Chelsea 014A",270,51.4947506208169,-0.173038522242228,0.6778,0.1148,0.1667,0.0407,1,"Central high-volume hotspots"
"Tower Hamlets 012G",270,51.5193906836622,-0.018881254739011,0.3444,0.2593,0.2444,0.1519,1,"Central high-volume hotspots"
"Hammersmith and Fulham 016C",269,51.4865723587561,-0.217294956912508,0.197,0.5725,0.1004,0.1301,1,"Central high-volume hotspots"
"Lambeth 004I",268,51.4822740393844,-0.123944430858824,0.3843,0.2425,0.291,0.0821,1,"Central high-volume hotspots"
"Southwark 034D",268,51.5024832010498,-0.104310412809776,0.5336,0.2127,0.209,0.0448,1,"Central high-volume hotspots"
"Brent 022D",267,51.5476246382997,-0.224313333346283,0.367,0.221,0.3408,0.0712,1,"Central high-volume hotspots"
"Bexley 003B",267,51.4934223655602,0.154609176702409,0.5693,0.191,0.1423,0.0974,1,"Central high-volume hotspots"
"Hackney 022D",267,51.543014411396,-0.0452614108974359,0.5955,0.1648,0.1798,0.0599,1,"Central high-volume hotspots"
"Havering 028C",267,51.5228773017769,0.18497578162962,0.2247,0.3034,0.221,0.2509,1,"Central high-volume hotspots"
"Southwark 002F",267,51.50294274425,-0.0978896435302141,0.4757,0.1573,0.2846,0.0824,1,"Central high-volume hotspots"
"Enfield 015C",265,51.6504451501641,-0.0809703468505319,0.3849,0.2604,0.2943,0.0604,1,"Central high-volume hotspots"
"Haringey 032C",265,51.5762051493935,-0.0845972878340307,0.1811,0.2264,0.5358,0.0566,1,"Central high-volume hotspots"
"Tower Hamlets 035B",264,51.5094432850265,-0.00879943533068783,0.428,0.2386,0.1705,0.1629,1,"Central high-volume hotspots"
"Hammersmith and Fulham 021F",263,51.4799538481003,-0.198388003783528,0.3574,0.1293,0.4144,0.0989,1,"Central high-volume hotspots"
"Islington 022F",262,51.5262090382985,-0.110125576117886,0.5038,0.2061,0.2023,0.0878,1,"Central high-volume hotspots"
"Westminster 005E",262,51.5250461355507,-0.203368694436819,0.3092,0.2634,0.3435,0.084,1,"Central high-volume hotspots"
"Barnet 038D",260,51.5718430588933,-0.196900035711775,0.5692,0.1269,0.2154,0.0885,1,"Central high-volume hotspots"
"Newham 009D",259,51.5439544565402,0.00996458632447098,0.305,0.278,0.2896,0.1274,1,"Central high-volume hotspots"
"Lewisham 003B",258,51.4755423072115,-0.0442214052474929,0.2403,0.3566,0.3256,0.0775,1,"Central high-volume hotspots"
"Islington 004E",258,51.5628221658521,-0.129731670894858,0.2713,0.2326,0.4031,0.093,1,"Central high-volume hotspots"
"Brent 027H",256,51.5341787044502,-0.269831180323612,0.1836,0.375,0.3281,0.1133,1,"Central high-volume hotspots"
"Barnet 039A",256,51.5579061686753,-0.215001084474718,0.3867,0.2734,0.1914,0.1484,1,"Central high-volume hotspots"
"Camden 029C",255,51.5280016852261,-0.126291677131941,0.5451,0.1333,0.2863,0.0353,1,"Central high-volume hotspots"
"Brent 031A",255,51.5392600057798,-0.250081487698278,0.2,0.2078,0.4157,0.1765,1,"Central high-volume hotspots"
"Lambeth 029C",255,51.431650399989,-0.130685059593955,0.5216,0.2275,0.2196,0.0314,1,"Central high-volume hotspots"
"Croydon 020E",254,51.3857177386373,-0.0972218599845198,0.1693,0.3701,0.2717,0.189,1,"Central high-volume hotspots"
"Lambeth 026B",254,51.440181118947,-0.1268251046749,0.2913,0.2677,0.2992,0.1417,1,"Central high-volume hotspots"
"Wandsworth 008C",254,51.4606543936699,-0.166384536587136,0.5945,0.2283,0.1339,0.0433,1,"Central high-volume hotspots"
"Lewisham 033E",254,51.4272081031658,-0.0536038079427715,0.378,0.2244,0.315,0.0827,1,"Central high-volume hotspots"
"Barnet 039B",253,51.5730152170198,-0.220112762685295,0.4269,0.2925,0.2292,0.0514,1,"Central high-volume hotspots"
"Tower Hamlets 026E",253,51.5093745529759,-0.0636546312439463,0.7431,0.1067,0.0909,0.0593,1,"Central high-volume hotspots"
"Newham 008C",253,51.5458957560862,0.0297509154451259,0.2332,0.3281,0.3281,0.1107,1,"Central high-volume hotspots"
"Ealing 029D",252,51.5074461563846,-0.348538193843844,0.2698,0.373,0.2897,0.0675,1,"Central high-volume hotspots"
"Croydon 020H",252,51.3782582299875,-0.101385849969847,0.2579,0.3175,0.2738,0.1508,1,"Central high-volume hotspots"
"Kingston upon Thames 005A",252,51.4099241525882,-0.299530113190002,0.2183,0.4881,0.1786,0.1151,1,"Central high-volume hotspots"
"Tower Hamlets 023A",252,51.5145628992303,-0.0302016782558807,0.381,0.2817,0.2421,0.0952,1,"Central high-volume hotspots"
"Newham 003A",252,51.5539627680556,0.0553546385204082,0.373,0.2738,0.3056,0.0476,1,"Central high-volume hotspots"
"Enfield 033E",251,51.6135223981043,-0.0654707285468544,0.251,0.3426,0.1992,0.2072,1,"Central high-volume hotspots"
"Newham 023A",251,51.5267680761479,0.0705303406826632,0.3068,0.2988,0.2351,0.1594,1,"Central high-volume hotspots"
"Haringey 034C",250,51.5796350559699,-0.123048964362043,0.608,0.156,0.192,0.044,1,"Central high-volume hotspots"
"Camden 008C",250,51.5456110972428,-0.176689476041022,0.524,0.244,0.184,0.048,1,"Central high-volume hotspots"
"Kensington and Chelsea 008C",250,51.5028345716524,-0.191330523963663,0.528,0.184,0.216,0.072,1,"Central high-volume hotspots"
"Hackney 014C",250,51.5582887452696,-0.0748794452236902,0.232,0.424,0.208,0.136,1,"Central high-volume hotspots"
"Haringey 015F",250,51.5887396835381,-0.0594598519381313,0.528,0.264,0.156,0.052,1,"Central high-volume hotspots"
"Waltham Forest 017D",250,51.5797232309743,-0.0303857833785598,0.34,0.248,0.264,0.148,1,"Central high-volume hotspots"
"Redbridge 026A",249,51.5633614639975,0.0701410588285058,0.2249,0.3133,0.3052,0.1566,1,"Central high-volume hotspots"
"Southwark 012H",248,51.4913909435517,-0.0964539522558923,0.5726,0.1895,0.1855,0.0524,1,"Central high-volume hotspots"
"Enfield 008B",247,51.653593252249,-0.0830134608990603,0.3887,0.2186,0.2915,0.1012,1,"Central high-volume hotspots"
"Croydon 022B",247,51.3802346466274,-0.0877154570625584,0.417,0.166,0.3117,0.1053,1,"Central high-volume hotspots"
"Camden 021B",247,51.526701790307,-0.141964970741848,0.4858,0.2632,0.1822,0.0688,1,"Central high-volume hotspots"
"Lewisham 005E",247,51.4751062986968,-0.0325784430971977,0.4372,0.2834,0.1943,0.085,1,"Central high-volume hotspots"
"Newham 034N",247,51.5084398312605,0.0200908487867482,0.3158,0.2551,0.3806,0.0486,1,"Central high-volume hotspots"
"Newham 008A",247,51.5473615244898,0.0259598696428571,0.502,0.2632,0.1457,0.0891,1,"Central high-volume hotspots"
"Kensington and Chelsea 016C",246,51.4939101322751,-0.182506168503821,0.4715,0.1382,0.3171,0.0732,1,"Central high-volume hotspots"
"Greenwich 035F",245,51.4818527904113,-0.0112999852637987,0.4082,0.2449,0.2327,0.1143,1,"Central high-volume hotspots"
"Kensington and Chelsea 003C",245,51.5169513971075,-0.21259778983142,0.4367,0.302,0.1755,0.0857,1,"Central high-volume hotspots"
"Haringey 025B",245,51.5860177937169,-0.0633123630291005,0.4408,0.2531,0.1878,0.1184,1,"Central high-volume hotspots"
"Waltham Forest 017A",245,51.5827665255887,-0.0301290963631607,0.4898,0.2571,0.1347,0.1184,1,"Central high-volume hotspots"
"Waltham Forest 006D",245,51.6068042190223,-0.0196533539431543,0.498,0.2204,0.1592,0.1224,1,"Central high-volume hotspots"
"Brent 026D",244,51.5410402822906,-0.284255625778563,0.291,0.1844,0.1926,0.332,1,"Central high-volume hotspots"
"Barnet 017B",244,51.608023921242,-0.209352689486247,0.5041,0.168,0.1885,0.1393,1,"Central high-volume hotspots"
"Hounslow 015F",244,51.4713660244941,-0.355382920909948,0.2664,0.2787,0.377,0.0779,1,"Central high-volume hotspots"
"Westminster 017C",244,51.5113428737952,-0.187473965433161,0.5164,0.2336,0.1803,0.0697,1,"Central high-volume hotspots"
"Redbridge 035A",243,51.5744722352305,0.0664624192484223,0.3128,0.3539,0.2263,0.107,1,"Central high-volume hotspots"
"Tower Hamlets 020B",243,51.5124724413941,-0.0170276082185886,0.5597,0.2181,0.1276,0.0947,1,"Central high-volume hotspots"
"Westminster 021E",243,51.492051558371,-0.135367969387059,0.3251,0.1975,0.4115,0.0658,1,"Central high-volume hotspots"
"Newham 030D",242,51.5168342446555,0.00956479810030395,0.4835,0.2521,0.1446,0.1198,1,"Central high-volume hotspots"
"Tower Hamlets 032C",242,51.4997117775172,-0.0217057012042125,0.2521,0.2397,0.281,0.2273,1,"Central high-volume hotspots"
"Hackney 018A",241,51.547676373381,-0.0265844084444444,0.3734,0.1743,0.3651,0.0871,1,"Central high-volume hotspots"
"Newham 036D",241,51.5098768367816,0.0314048754179728,0.5477,0.2033,0.1452,0.1037,1,"Central high-volume hotspots"
"Barnet 032C",239,51.5901220225728,-0.221261522972409,0.5941,0.1255,0.1967,0.0837,1,"Central high-volume hotspots"
"Brent 025B",239,51.5403331728504,-0.253566417098774,0.1632,0.2594,0.4603,0.1172,1,"Central high-volume hotspots"
"Ealing 026A",239,51.5117181876162,-0.384069810470323,0.2301,0.2762,0.3933,0.1004,1,"Central high-volume hotspots"
"Southwark 017B",239,51.4829173473413,-0.0927913021693122,0.3054,0.3096,0.1967,0.1883,1,"Central high-volume hotspots"
"Enfield 037E",238,51.6117717051239,-0.0723587161797099,0.2395,0.5,0.1555,0.105,1,"Central high-volume hotspots"
"Wandsworth 018F",238,51.4551815627386,-0.194032997940526,0.4118,0.2941,0.2269,0.0672,1,"Central high-volume hotspots"
"Lewisham 040D",238,51.4643163291503,-0.0155830849806405,0.2395,0.2941,0.3277,0.1387,1,"Central high-volume hotspots"
"Camden 020B",237,51.5376683158751,-0.191484194063747,0.4768,0.211,0.2363,0.0759,1,"Central high-volume hotspots"
"Newham 030C",237,51.5182940669465,0.0134533518772894,0.3122,0.3165,0.2996,0.0717,1,"Central high-volume hotspots"
"Haringey 007D",237,51.5988187469208,-0.109275887935304,0.2616,0.3249,0.1899,0.2236,1,"Central high-volume hotspots"
"Islington 007D",237,51.5562554827913,-0.119244023925668,0.4599,0.2236,0.2658,0.0506,1,"Central high-volume hotspots"
"City of London 001B",236,51.519049366035,-0.0921739138969874,0.6737,0.1102,0.0805,0.1356,1,"Central high-volume hotspots"
"Brent 035B",236,51.5601264767396,-0.279830571925683,0.3136,0.2966,0.2754,0.1144,1,"Central high-volume hotspots"
"Hounslow 024E",236,51.4464203757104,-0.406825473195924,0.1525,0.4576,0.2839,0.1059,1,"Central high-volume hotspots"
"Ealing 043A",235,51.5028658448037,-0.386380441208893,0.1574,0.166,0.6043,0.0723,1,"Central high-volume hotspots"
"Islington 016E",235,51.5446113821502,-0.101597886021382,0.6426,0.1362,0.183,0.0383,1,"Central high-volume hotspots"
"Lewisham 020E",235,51.4478988303531,-0.0190918897491783,0.3617,0.3319,0.183,0.1234,1,"Central high-volume hotspots"
"Wandsworth 010I",235,51.461564580017,-0.188843804657974,0.434,0.2128,0.2426,0.1106,1,"Central high-volume hotspots"
"Haringey 031D",234,51.5762516348145,-0.0965736580633925,0.4402,0.2479,0.2308,0.0812,1,"Central high-volume hotspots"
"Westminster 016A",234,51.5166820876258,-0.179517404868742,0.5427,0.1667,0.235,0.0556,1,"Central high-volume hotspots"
"Tower Hamlets 007A",234,51.5279104812169,-0.0522013945914168,0.2009,0.4103,0.2393,0.1496,1,"Central high-volume hotspots"
"Tower Hamlets 013D",234,51.5259850527069,-0.0605537761333603,0.2222,0.3333,0.3205,0.1239,1,"Central high-volume hotspots"
"Waltham Forest 014G",234,51.5881120663244,-0.0413882352083333,0.5769,0.2137,0.141,0.0684,1,"Central high-volume hotspots"
"Greenwich 038B",233,51.479914731119,-0.0100640243238971,0.3777,0.279,0.2103,0.133,1,"Central high-volume hotspots"
"Enfield 016D",233,51.6477356298872,-0.058650059341061,0.4979,0.2833,0.1073,0.1116,1,"Central high-volume hotspots"
"Greenwich 041G",233,51.4875997149327,0.0262930469887256,0.4249,0.2575,0.2747,0.0429,1,"Central high-volume hotspots"
"Hackney 002E",233,51.5716953885402,-0.0952676068472423,0.3219,0.3648,0.2575,0.0558,1,"Central high-volume hotspots"
"Richmond upon Thames 014C",233,51.4474851324013,-0.326620488838483,0.4206,0.1931,0.3004,0.0858,1,"Central high-volume hotspots"
"Hounslow 025G",233,51.4468986829308,-0.411345411755233,0.4592,0.2403,0.2189,0.0815,1,"Central high-volume hotspots"
"Brent 024B",232,51.547509912027,-0.236790447312072,0.1638,0.194,0.5172,0.125,1,"Central high-volume hotspots"
"Haringey 012B",232,51.5949938986097,-0.0680468000582751,0.3448,0.3017,0.2629,0.0905,1,"Central high-volume hotspots"
"Camden 017C",232,51.542757779849,-0.17409658568525,0.4052,0.2629,0.25,0.0819,1,"Central high-volume hotspots"
"Brent 036A",231,51.5592203885518,-0.274378476128566,0.2987,0.2814,0.3117,0.1082,1,"Central high-volume hotspots"
"Havering 028A",231,51.5265541220198,0.168827992104204,0.2381,0.3333,0.2511,0.1775,1,"Central high-volume hotspots"
"Camden 003C",231,51.5532825056223,-0.140056133913187,0.2771,0.2251,0.4502,0.0476,1,"Central high-volume hotspots"
"Southwark 018B",231,51.4815059725144,-0.058465363115054,0.303,0.2641,0.3203,0.1126,1,"Central high-volume hotspots"
"Barnet 038C",230,51.5731607813684,-0.197885081427748,0.413,0.2174,0.2783,0.0913,1,"Central high-volume hotspots"
"Kensington and Chelsea 002C",230,51.5227686527317,-0.219052912393707,0.1348,0.6348,0.1565,0.0739,1,"Central high-volume hotspots"
"Westminster 013A",230,51.5222466398893,-0.142771553650794,0.5696,0.187,0.2174,0.0261,1,"Central high-volume hotspots"
"Lewisham 041A",229,51.4600974014401,-0.00401381510074513,0.476,0.2576,0.1528,0.1135,1,"Central high-volume hotspots"
"Newham 019B",229,51.53434356898,0.0379226882305195,0.2969,0.2271,0.3537,0.1223,1,"Central high-volume hotspots"
"Ealing 015D",228,51.5301497164309,-0.256249217063363,0.2675,0.3114,0.3421,0.0789,1,"Central high-volume hotspots"
"Greenwich 003D",228,51.4909772885323,0.118443217868243,0.3553,0.3158,0.2325,0.0965,1,"Central high-volume hotspots"
"Bromley 019A",227,51.3952622847631,0.115435810866013,0.5551,0.2379,0.1498,0.0573,1,"Central high-volume hotspots"
"Kensington and Chelsea 006C",227,51.5101469291152,-0.196985039540466,0.4273,0.2203,0.2952,0.0573,1,"Central high-volume hotspots"
"Lambeth 015C",227,51.463356166564,-0.131516165232035,0.5727,0.2335,0.163,0.0308,1,"Central high-volume hotspots"
"Newham 014D",227,51.5373256708766,0.0357444987971136,0.3656,0.207,0.3568,0.0705,1,"Central high-volume hotspots"
"Tower Hamlets 006E",227,51.5302787283726,-0.0696005574071278,0.4185,0.2731,0.2379,0.0705,1,"Central high-volume hotspots"
"Croydon 028D",226,51.3594376963999,-0.117000203196347,0.2389,0.3584,0.2478,0.1549,1,"Central high-volume hotspots"
"Barnet 032E",226,51.5873803515275,-0.220222999850004,0.4159,0.2168,0.2434,0.1239,1,"Central high-volume hotspots"
"Croydon 011E",226,51.3957397367567,-0.11444185846814,0.3584,0.292,0.2699,0.0796,1,"Central high-volume hotspots"
"Newham 034A",226,51.5191921691297,0.00615813558657179,0.4027,0.2876,0.1991,0.1106,1,"Central high-volume hotspots"
"Enfield 014E",225,51.6447590716581,-0.0353682228636683,0.2889,0.2533,0.3422,0.1156,1,"Central high-volume hotspots"
"Lambeth 036B",225,51.4971810341207,-0.112276093194889,0.3467,0.2933,0.2933,0.0667,1,"Central high-volume hotspots"
"Brent 025A",224,51.5487175083339,-0.247956137236712,0.1518,0.3527,0.3259,0.1696,1,"Central high-volume hotspots"
"Hackney 023C",224,51.540244001943,-0.05444467503256,0.2946,0.3661,0.2411,0.0982,1,"Central high-volume hotspots"
"Lambeth 012D",224,51.4660723086823,-0.128459968665137,0.4777,0.2589,0.192,0.0714,1,"Central high-volume hotspots"
"Lambeth 018E",224,51.4539834488758,-0.10537441955852,0.4196,0.3125,0.2009,0.067,1,"Central high-volume hotspots"
"Hackney 016D",224,51.5500413325177,-0.0591175282862801,0.2812,0.3527,0.2679,0.0982,1,"Central high-volume hotspots"
"Southwark 006E",224,51.4948615936765,-0.0808413924369748,0.3616,0.2946,0.2545,0.0893,1,"Central high-volume hotspots"
"Lewisham 009D",223,51.4593591507158,0.00337347711892927,0.4664,0.1659,0.2377,0.13,1,"Central high-volume hotspots"
"Harrow 023H",223,51.5793267400533,-0.334936258325321,0.157,0.2377,0.4888,0.1166,1,"Central high-volume hotspots"
"Kensington and Chelsea 015B",223,51.4916488554394,-0.194146352933012,0.296,0.2152,0.4036,0.0852,1,"Central high-volume hotspots"
"Hackney 023G",222,51.5369548829867,-0.0607262024083511,0.4369,0.2658,0.2207,0.0766,1,"Central high-volume hotspots"
"Islington 020F",222,51.5328450871258,-0.10376139216545,0.3423,0.2432,0.3649,0.0495,1,"Central high-volume hotspots"
"Hillingdon 032A",222,51.4817605516234,-0.425427183209723,0.2838,0.2568,0.2748,0.1847,1,"Central high-volume hotspots"
"Islington 006C",222,51.5635623687867,-0.104383794265552,0.4324,0.2748,0.1261,0.1667,1,"Central high-volume hotspots"
"Hounslow 029D",222,51.4928995008203,-0.257992045544733,0.6171,0.1486,0.2072,0.027,1,"Central high-volume hotspots"
"Islington 005A",222,51.5602903241883,-0.110445622206783,0.1982,0.2883,0.3694,0.1441,1,"Central high-volume hotspots"
"Hackney 031D",221,51.5393933983211,-0.0788430416208791,0.2851,0.2353,0.2715,0.2081,1,"Central high-volume hotspots"
"Lambeth 016A",221,51.459651070439,-0.118644192524005,0.3891,0.2579,0.2036,0.1493,1,"Central high-volume hotspots"
"Islington 007E",221,51.5610679625919,-0.115462249700671,0.2398,0.1538,0.4932,0.1131,1,"Central high-volume hotspots"
"Southwark 012G",221,51.4931189098318,-0.0926458233357024,0.4525,0.2217,0.2443,0.0814,1,"Central high-volume hotspots"
"Southwark 002G",221,51.5002299761206,-0.0993030159659091,0.5204,0.2127,0.2081,0.0588,1,"Central high-volume hotspots"
"Bexley 019G",220,51.4514872000415,0.178847934854211,0.2955,0.2273,0.3682,0.1091,1,"Central high-volume hotspots"
"Ealing 024D",220,51.5103251778207,-0.247858362188975,0.2409,0.2273,0.3955,0.1364,1,"Central high-volume hotspots"
"Southwark 025B",220,51.4673893036988,-0.0666057971106018,0.5182,0.25,0.1682,0.0636,1,"Central high-volume hotspots"
"Bromley 024A",219,51.3820439328074,-0.0278667680071498,0.0639,0.6895,0.21,0.0365,1,"Central high-volume hotspots"
"Camden 029A",219,51.5297960423591,-0.119022792260903,0.3653,0.2283,0.3379,0.0685,1,"Central high-volume hotspots"
"Hillingdon 031B",219,51.4945774221065,-0.461116971604938,0.2374,0.3105,0.3242,0.1279,1,"Central high-volume hotspots"
"Greenwich 028C",218,51.4493928573965,0.0545428347127511,0.1606,0.2706,0.4817,0.0872,1,"Central high-volume hotspots"
"Hackney 031C",218,51.5406484951121,-0.0743962103694084,0.4266,0.2844,0.2064,0.0826,1,"Central high-volume hotspots"
"Greenwich 035B",218,51.481677883671,-0.022577812534505,0.4404,0.2569,0.1514,0.1514,1,"Central high-volume hotspots"
"Lambeth 017B",218,51.4605274635883,-0.137982423613231,0.3761,0.2248,0.3119,0.0872,1,"Central high-volume hotspots"
"Waltham Forest 024D",218,51.565958817927,0.00808337701123663,0.3349,0.1835,0.3349,0.1468,1,"Central high-volume hotspots"
"Hillingdon 022H",217,51.5119596771336,-0.472568125161479,0.3134,0.2719,0.3041,0.1106,1,"Central high-volume hotspots"
"Kensington and Chelsea 016F",217,51.493265982684,-0.1766914566473,0.5484,0.1613,0.2442,0.0461,1,"Central high-volume hotspots"
"Redbridge 017D",217,51.575908333778,0.0850077265890972,0.47,0.2765,0.212,0.0415,1,"Central high-volume hotspots"
"Kensington and Chelsea 015D",217,51.4931322948591,-0.195711827854347,0.3272,0.2442,0.3502,0.0783,1,"Central high-volume hotspots"
"Tower Hamlets 017D",217,51.5148360432583,-0.0569860963068783,0.2903,0.2442,0.318,0.1475,1,"Central high-volume hotspots"
"Camden 020C",216,51.5402448754506,-0.192931796550562,0.3287,0.1806,0.4213,0.0694,1,"Central high-volume hotspots"
"Kensington and Chelsea 020E",216,51.4843393482548,-0.181802680587291,0.3426,0.4907,0.125,0.0417,1,"Central high-volume hotspots"
"Tower Hamlets 002E",216,51.5338723670907,-0.0560107145140248,0.5694,0.2315,0.1574,0.0417,1,"Central high-volume hotspots"
"Brent 024D",215,51.5431503029542,-0.235993363387298,0.2093,0.3442,0.3256,0.1209,1,"Central high-volume hotspots"
"Barking and Dagenham 020B",215,51.5321190077381,0.149435543535923,0.3767,0.3163,0.2093,0.0977,1,"Central high-volume hotspots"
"Southwark 006B",215,51.4983909743605,-0.0859602506489007,0.4698,0.2,0.2837,0.0465,1,"Central high-volume hotspots"
"Southwark 022D",215,51.4747228207143,-0.0702833705102041,0.2791,0.3349,0.2,0.186,1,"Central high-volume hotspots"
"Tower Hamlets 013A",215,51.5213355324292,-0.0601533120755475,0.3628,0.2605,0.2837,0.093,1,"Central high-volume hotspots"
"Southwark 015H",215,51.4853812911336,-0.0725453702519017,0.414,0.2512,0.2698,0.0651,1,"Central high-volume hotspots"
"Croydon 007A",214,51.3977198904762,-0.0772856263620764,0.4019,0.3879,0.1355,0.0748,1,"Central high-volume hotspots"
"Redbridge 024B",214,51.5651665245897,0.102716071816319,0.3037,0.2383,0.3598,0.0981,1,"Central high-volume hotspots"
"Redbridge 038B",214,51.5714423812233,0.120920540034702,0.3972,0.285,0.2009,0.1168,1,"Central high-volume hotspots"
"Bromley 018C",213,51.4032937744701,0.0131525118288638,0.2958,0.2207,0.3286,0.1549,1,"Central high-volume hotspots"
"Newham 028B",213,51.5238373877377,0.0381835422560505,0.1596,0.6197,0.1268,0.0939,1,"Central high-volume hotspots"
"Hammersmith and Fulham 020A",213,51.4805232531371,-0.192714708159129,0.3286,0.3052,0.2958,0.0704,1,"Central high-volume hotspots"
"Newham 008B",213,51.5454967263892,0.0235287299152699,0.2676,0.2723,0.3991,0.061,1,"Central high-volume hotspots"
"Ealing 028E",212,51.5098652714355,-0.318288793488987,0.2406,0.2594,0.4104,0.0896,1,"Central high-volume hotspots"
"Harrow 011E",212,51.5971614670826,-0.338375152113952,0.25,0.1792,0.4434,0.1274,1,"Central high-volume hotspots"
"Hillingdon 030F",212,51.5035638979309,-0.420001529313815,0.4057,0.2642,0.2642,0.066,1,"Central high-volume hotspots"
"Islington 002F",212,51.5652349535064,-0.131473590001062,0.2217,0.2123,0.4764,0.0896,1,"Central high-volume hotspots"
"Tower Hamlets 021F",212,51.5126378073514,-0.0701984427299552,0.3632,0.25,0.3066,0.0802,1,"Central high-volume hotspots"
"Waltham Forest 011D",212,51.5908719779486,-0.0188644685839079,0.2453,0.2311,0.434,0.0896,1,"Central high-volume hotspots"
"Camden 015F",211,51.5446910901525,-0.131042121021303,0.3081,0.218,0.2512,0.2227,1,"Central high-volume hotspots"
"Haringey 025D",211,51.5826114901525,-0.0727035036505932,0.3128,0.237,0.3791,0.0711,1,"Central high-volume hotspots"
"Newham 033C",211,51.5148538908779,0.0587129046826288,0.436,0.237,0.2417,0.0853,1,"Central high-volume hotspots"
"Newham 009B",211,51.5445903519703,0.0135345742661853,0.2559,0.2986,0.3744,0.0711,1,"Central high-volume hotspots"
"Hackney 017B",210,51.5512987502679,-0.0522521370634921,0.3952,0.2667,0.2429,0.0952,1,"Central high-volume hotspots"
"Hackney 007B",210,51.5660686121069,-0.101051532153288,0.2476,0.2429,0.3095,0.2,1,"Central high-volume hotspots"
"Tower Hamlets 015E",210,51.5166733274431,-0.0732999213042647,0.3429,0.219,0.281,0.1571,1,"Central high-volume hotspots"
"Haringey 021B",209,51.5897701124161,-0.145110127309727,0.5502,0.177,0.2105,0.0622,1,"Central high-volume hotspots"
"Hounslow 023C",209,51.4491244304106,-0.442856994404538,0.2201,0.2344,0.4211,0.1244,1,"Central high-volume hotspots"
"Harrow 001D",208,51.6178560222222,-0.311890957264957,0.4519,0.2212,0.226,0.101,1,"Central high-volume hotspots"
"Ealing 030B",207,51.5080098635833,-0.336303420693543,0.2029,0.3913,0.3043,0.1014,1,"Central high-volume hotspots"
"Barking and Dagenham 015B",207,51.5385218142762,0.0706926030502964,0.3768,0.2657,0.1884,0.1691,1,"Central high-volume hotspots"
"Brent 032E",207,51.5318124992237,-0.217678598735931,0.3961,0.3188,0.2464,0.0386,1,"Central high-volume hotspots"
"Islington 022B",207,51.5302167932495,-0.102339409070154,0.4203,0.2029,0.2947,0.0821,1,"Central high-volume hotspots"
"Enfield 033C",207,51.611440400952,-0.0632528666967292,0.2415,0.2319,0.3527,0.1739,1,"Central high-volume hotspots"
"Camden 017A",207,51.5457205122906,-0.179634324900794,0.5845,0.1304,0.2464,0.0386,1,"Central high-volume hotspots"
"Southwark 023D",207,51.4729119413841,-0.0604195681852539,0.3237,0.3285,0.2415,0.1063,1,"Central high-volume hotspots"
"Haringey 002B",207,51.6057296662779,-0.0549582870068733,0.3043,0.3382,0.285,0.0725,1,"Central high-volume hotspots"
"Westminster 008A",207,51.523333575625,-0.163571255549242,0.5411,0.1884,0.2319,0.0386,1,"Central high-volume hotspots"
"Redbridge 006D",206,51.5909695402805,0.0838822586268754,0.3301,0.3204,0.2379,0.1117,1,"Central high-volume hotspots"
"Lewisham 029A",206,51.4304976157806,-0.0358267664637165,0.2913,0.3107,0.2913,0.1068,1,"Central high-volume hotspots"
"Sutton 017D",206,51.3588256446152,-0.147772025692137,0.3738,0.2718,0.2184,0.1359,1,"Central high-volume hotspots"
"Greenwich 012C",205,51.4832787406664,0.0355214413321838,0.1902,0.3268,0.2439,0.239,1,"Central high-volume hotspots"
"Westminster 017E",205,51.5127464319061,-0.185186766225005,0.3268,0.2195,0.3756,0.078,1,"Central high-volume hotspots"
"Hackney 029A",204,51.5635295615741,-0.0611030926638177,0.2794,0.299,0.3039,0.1176,1,"Central high-volume hotspots"
"Hammersmith and Fulham 001C",204,51.5168870862013,-0.237812116666667,0.1863,0.4265,0.2206,0.1667,1,"Central high-volume hotspots"
"Lambeth 004G",204,51.485181090202,-0.124764207190569,0.6127,0.1716,0.152,0.0637,1,"Central high-volume hotspots"
"Camden 019A",204,51.5411655020308,-0.141067623403361,0.4167,0.2549,0.2255,0.1029,1,"Central high-volume hotspots"
"Southwark 021F",204,51.4787683695684,-0.101986844568452,0.5882,0.2157,0.1176,0.0784,1,"Central high-volume hotspots"
"Enfield 010B",203,51.6659452126248,-0.104731094157732,0.1872,0.5369,0.1773,0.0985,1,"Central high-volume hotspots"
"Barking and Dagenham 020E",203,51.5283609464201,0.158653754219777,0.2414,0.3596,0.2562,0.1429,1,"Central high-volume hotspots"
"Islington 015A",203,51.5427601165538,-0.122841508096784,0.2759,0.2808,0.2857,0.1576,1,"Central high-volume hotspots"
"Waltham Forest 022B",203,51.5705943542435,-0.0234520299605107,0.2857,0.2906,0.3399,0.0837,1,"Central high-volume hotspots"
"Islington 002C",203,51.571911138144,-0.13275328214575,0.0296,0.0246,0.931,0.0148,1,"Central high-volume hotspots"
"Tower Hamlets 034C",203,51.5106666988036,0.0016843153991945,0.3892,0.2217,0.133,0.2562,1,"Central high-volume hotspots"
"Hackney 032D",202,51.5275139981675,-0.0851603258962012,0.4356,0.1683,0.1683,0.2277,1,"Central high-volume hotspots"
"Barnet 001C",202,51.6537121425259,-0.198894892553368,0.2178,0.2525,0.4356,0.0941,1,"Central high-volume hotspots"
"Kensington and Chelsea 004B",202,51.5175712447434,-0.204444880612245,0.4257,0.2327,0.1931,0.1485,1,"Central high-volume hotspots"
"Lewisham 029D",202,51.4324063918537,-0.0225025979081633,0.3119,0.4257,0.1881,0.0743,1,"Central high-volume hotspots"
"Tower Hamlets 009B",202,51.5265170657491,-0.0660024157324897,0.3168,0.2277,0.3614,0.0941,1,"Central high-volume hotspots"
"Greenwich 011B",201,51.4881439670883,0.0662452199956646,0.2139,0.3184,0.3632,0.1045,1,"Central high-volume hotspots"
"Ealing 027E",200,51.5075673356302,-0.279836379681729,0.19,0.13,0.615,0.065,1,"Central high-volume hotspots"
"Camden 022D",200,51.5308102023746,-0.132767572497029,0.31,0.285,0.25,0.155,1,"Central high-volume hotspots"
"Enfield 003B",200,51.672701912455,-0.0220430358379497,0.275,0.26,0.365,0.1,1,"Central high-volume hotspots"
"Hounslow 011E",200,51.4766431258578,-0.365597024754902,0.28,0.305,0.325,0.09,1,"Central high-volume hotspots"
"Tower Hamlets 009F",200,51.5235628467146,-0.0725274410908726,0.52,0.175,0.255,0.05,1,"Central high-volume hotspots"
"Barnet 027E",199,51.6039326176984,-0.174737259380952,0.3668,0.2161,0.2714,0.1457,1,"Central high-volume hotspots"
"Camden 007E",199,51.5493144461497,-0.141952584942085,0.3417,0.2764,0.2814,0.1005,1,"Central high-volume hotspots"
"Southwark 004D",199,51.498568411571,-0.0627660492951493,0.3065,0.3116,0.2915,0.0905,1,"Central high-volume hotspots"
"Southwark 036D",199,51.4987481395017,-0.0778353079111926,0.3819,0.1709,0.3417,0.1055,1,"Central high-volume hotspots"
"Tower Hamlets 012D",199,51.5258704283034,-0.0222538067584003,0.3216,0.2312,0.3216,0.1256,1,"Central high-volume hotspots"
"Brent 032B",198,51.5380203037289,-0.206961219261779,0.6061,0.1515,0.1717,0.0707,1,"Central high-volume hotspots"
"Barnet 036A",198,51.5838822035193,-0.244659379173026,0.5707,0.2475,0.0909,0.0909,1,"Central high-volume hotspots"
"Kensington and Chelsea 001A",198,51.5259089408819,-0.213362004413845,0.3384,0.2879,0.2828,0.0909,1,"Central high-volume hotspots"
"Camden 022A",198,51.5338279823798,-0.135147573240938,0.1869,0.3384,0.3182,0.1566,1,"Central high-volume hotspots"
"Westminster 014B",198,51.5156163317192,-0.191322969457438,0.3333,0.1667,0.4242,0.0758,1,"Central high-volume hotspots"
"Hammersmith and Fulham 004D",197,51.5092279059084,-0.228428320449689,0.203,0.198,0.4264,0.1726,1,"Central high-volume hotspots"
"Havering 017C",197,51.5675564433827,0.175907287332381,0.2284,0.4162,0.2741,0.0812,1,"Central high-volume hotspots"
"Lewisham 039E",197,51.4770180298203,-0.0235299281639929,0.2284,0.3909,0.2792,0.1015,1,"Central high-volume hotspots"
"Croydon 019D",196,51.3782500736168,-0.119922415383803,0.4388,0.2653,0.1327,0.1633,1,"Central high-volume hotspots"
"Ealing 041A",196,51.5160867719541,-0.301864819766195,0.3878,0.2857,0.2755,0.051,1,"Central high-volume hotspots"
"Barking and Dagenham 015D",196,51.5435287749825,0.0761779855742297,0.25,0.3367,0.3061,0.1071,1,"Central high-volume hotspots"
"Islington 015C",196,51.545915402617,-0.115849537588682,0.2194,0.4031,0.2194,0.1582,1,"Central high-volume hotspots"
"Hillingdon 021C",196,51.5212635131274,-0.414492494787645,0.5204,0.2755,0.1531,0.051,1,"Central high-volume hotspots"
"Newham 042B",196,51.5032109887353,0.0348439475986976,0.5663,0.1888,0.1276,0.1173,1,"Central high-volume hotspots"
"Barnet 042B",195,51.5959970656777,-0.248774149267399,0.2769,0.4051,0.2205,0.0974,1,"Central high-volume hotspots"
"Southwark 024A",195,51.4711375457105,-0.0896906340550692,0.3026,0.4615,0.1692,0.0667,1,"Central high-volume hotspots"
"Brent 029C",194,51.5399437761438,-0.304425844117647,0.5412,0.1753,0.1856,0.0979,1,"Central high-volume hotspots"
"Enfield 023A",194,51.6341639330915,-0.0547046489087302,0.2165,0.2423,0.4227,0.1186,1,"Central high-volume hotspots"
"Hounslow 018H",194,51.4667371119374,-0.366720285828441,0.2629,0.2526,0.3093,0.1753,1,"Central high-volume hotspots"
"Hackney 020F",194,51.5494604279266,-0.0702967900442018,0.2526,0.1495,0.5206,0.0773,1,"Central high-volume hotspots"
"Westminster 010F",194,51.5210836912108,-0.192518061183035,0.2835,0.3144,0.3608,0.0412,1,"Central high-volume hotspots"
"Ealing 015G",193,51.5192228265597,-0.261473937207892,0.2435,0.3316,0.3161,0.1088,1,"Central high-volume hotspots"
"Brent 009D",193,51.5636504607021,-0.264433644676435,0.1969,0.2332,0.4197,0.1503,1,"Central high-volume hotspots"
"Hounslow 030A",193,51.4908626822047,-0.287246305905999,0.3938,0.2487,0.2176,0.1399,1,"Central high-volume hotspots"
"Southwark 013C",193,51.4880128134377,-0.0741492720808871,0.4456,0.1917,0.3057,0.057,1,"Central high-volume hotspots"
"Westminster 014D",193,51.5178671105431,-0.186581437666051,0.2694,0.2383,0.4041,0.0881,1,"Central high-volume hotspots"
"Tower Hamlets 023F",193,51.5118897867504,-0.0317611848359291,0.2383,0.2435,0.3938,0.1244,1,"Central high-volume hotspots"
"Southwark 013A",193,51.4913118477686,-0.0783286652864044,0.3834,0.2642,0.2487,0.1036,1,"Central high-volume hotspots"
"Greenwich 038D",192,51.4737246164533,-0.0179400563913786,0.3385,0.2604,0.2969,0.1042,1,"Central high-volume hotspots"
"Lambeth 032B",192,51.4224368525502,-0.133853943405696,0.3021,0.3385,0.2448,0.1146,1,"Central high-volume hotspots"
"Havering 016B",192,51.5708775853724,0.185240682630654,0.3125,0.2448,0.3594,0.0833,1,"Central high-volume hotspots"
"Hillingdon 033A",192,51.5581302263958,-0.382341976647388,0.5885,0.1979,0.1406,0.0729,1,"Central high-volume hotspots"
"Islington 023A",192,51.5273114994678,-0.0901830938311688,0.4271,0.2604,0.224,0.0885,1,"Central high-volume hotspots"
"Newham 038E",192,51.544291069697,-0.0103389145640074,0.526,0.2708,0.125,0.0781,1,"Central high-volume hotspots"
"Tower Hamlets 003C",192,51.5260765190196,-0.0347705161437908,0.4583,0.25,0.151,0.1406,1,"Central high-volume hotspots"
"Waltham Forest 022A",192,51.5679093032691,-0.0362468622118292,0.4167,0.2396,0.1979,0.1458,1,"Central high-volume hotspots"
"Wandsworth 008E",192,51.4640892403931,-0.16558827106866,0.3958,0.2917,0.2135,0.099,1,"Central high-volume hotspots"
"Enfield 012E",191,51.6455806989409,-0.0504027105021301,0.2461,0.3194,0.3403,0.0942,1,"Central high-volume hotspots"
"Croydon 001E",191,51.4183745748402,-0.0830923397340755,0.3089,0.3246,0.2932,0.0733,1,"Central high-volume hotspots"
"Greenwich 006B",191,51.4878196521374,0.0905525510594668,0.2356,0.2932,0.3351,0.1361,1,"Central high-volume hotspots"
"Newham 040A",191,51.536871052793,-0.0116004513326031,0.3037,0.2932,0.2461,0.1571,1,"Central high-volume hotspots"
"Westminster 019E",191,51.5005083722061,-0.155653213443801,0.6702,0.1623,0.1047,0.0628,1,"Central high-volume hotspots"
"Brent 026E",190,51.551232723447,-0.296007253772291,0.4368,0.2789,0.1579,0.1263,1,"Central high-volume hotspots"
"Bexley 026D",190,51.4259458792391,0.103511421433144,0.3789,0.2526,0.3,0.0684,1,"Central high-volume hotspots"
"Camden 027D",190,51.5228118714554,-0.114981833950021,0.3895,0.2421,0.2842,0.0842,1,"Central high-volume hotspots"
"Hackney 015A",190,51.5517732817364,-0.0434213034843206,0.4421,0.2211,0.2053,0.1316,1,"Central high-volume hotspots"
"Hounslow 022D",190,51.4602539427229,-0.409226860019841,0.2737,0.2947,0.2474,0.1842,1,"Central high-volume hotspots"
"Hammersmith and Fulham 018B",190,51.4859886956129,-0.222141038723545,0.4632,0.1737,0.2579,0.1053,1,"Central high-volume hotspots"
"Redbridge 032B",190,51.551738471058,0.0732709646377192,0.3579,0.3474,0.2263,0.0684,1,"Central high-volume hotspots"
"Ealing 010G",189,51.5320441324413,-0.372256036227482,0.2804,0.2063,0.2487,0.2646,1,"Central high-volume hotspots"
"Ealing 024F",189,51.5062914546903,-0.248731307604736,0.6138,0.1693,0.1376,0.0794,1,"Central high-volume hotspots"
"Enfield 027B",189,51.6176675109798,-0.065692668550061,0.2593,0.3386,0.1323,0.2698,1,"Central high-volume hotspots"
"Lambeth 004E",189,51.4781354317204,-0.122037527688172,0.672,0.1481,0.1164,0.0635,1,"Central high-volume hotspots"
"Camden 019B",189,51.5389617470727,-0.139829165470439,0.4656,0.2434,0.1693,0.1217,1,"Central high-volume hotspots"
"Tower Hamlets 011D",189,51.5256202264286,-0.0559079524603175,0.328,0.2751,0.3386,0.0582,1,"Central high-volume hotspots"
"Westminster 010B",189,51.5228857988136,-0.198687384986162,0.2434,0.2963,0.3545,0.1058,1,"Central high-volume hotspots"
"Sutton 004A",189,51.3729507666667,-0.16519345,0.7037,0.1693,0.0899,0.037,1,"Central high-volume hotspots"
"Barnet 042D",188,51.5950836833618,-0.242471307177839,0.3191,0.3723,0.2553,0.0532,1,"Central high-volume hotspots"
"Barnet 023C",188,51.6036555914513,-0.192766644013666,0.3245,0.2394,0.2872,0.1489,1,"Central high-volume hotspots"
"Barnet 032D",188,51.5903347130309,-0.226342779552767,0.4894,0.25,0.1915,0.0691,1,"Central high-volume hotspots"
"Hackney 033A",188,51.5308389273088,-0.0772313392496392,0.5691,0.2181,0.1383,0.0745,1,"Central high-volume hotspots"
"Haringey 011D",188,51.5926821948413,-0.0709879256613757,0.2394,0.3511,0.2394,0.1702,1,"Central high-volume hotspots"
"Greenwich 002B",188,51.5076025819444,0.110983017460317,0.4096,0.2926,0.234,0.0638,1,"Central high-volume hotspots"
"Bexley 016B",188,51.4622170971781,0.111294651410935,0.5319,0.1915,0.1383,0.1383,1,"Central high-volume hotspots"
"Southwark 012B",188,51.4909305812507,-0.0850161625327635,0.3191,0.2979,0.2819,0.1011,1,"Central high-volume hotspots"
"Tower Hamlets 008F",188,51.5258030175676,-0.0112766008365508,0.5,0.2021,0.2074,0.0904,1,"Central high-volume hotspots"
"Tower Hamlets 018D",188,51.5161694503247,-0.00873060634920635,0.3404,0.3085,0.3032,0.0479,1,"Central high-volume hotspots"
"Tower Hamlets 020C",188,51.5124445004862,-0.0116173172870557,0.383,0.3457,0.1915,0.0798,1,"Central high-volume hotspots"
"Waltham Forest 027F",188,51.5594402912651,0.00603183724899598,0.484,0.2553,0.1596,0.1011,1,"Central high-volume hotspots"
"Brent 022E",187,51.5464909625369,-0.231169846802492,0.2941,0.3102,0.262,0.1337,1,"Central high-volume hotspots"
"Greenwich 034G",187,51.4599849737923,0.0284290788302277,0.3262,0.3262,0.2032,0.1444,1,"Central high-volume hotspots"
"Harrow 021B",187,51.5813753579247,-0.346832395015992,0.3422,0.2086,0.3797,0.0695,1,"Central high-volume hotspots"
"Hillingdon 029C",187,51.5075621072377,-0.470081353203696,0.2781,0.2781,0.3476,0.0963,1,"Central high-volume hotspots"
"Islington 013B",187,51.5479304451606,-0.102290391723202,0.4492,0.1925,0.262,0.0963,1,"Central high-volume hotspots"
"Tower Hamlets 021C",187,51.5152602986085,-0.0629464210884354,0.2513,0.2674,0.2941,0.1872,1,"Central high-volume hotspots"
"Wandsworth 021C",187,51.4518448711154,-0.148773626824548,0.4171,0.2513,0.246,0.0856,1,"Central high-volume hotspots"
"Westminster 009I",187,51.5218157849632,-0.16633862530554,0.1872,0.2834,0.385,0.1444,1,"Central high-volume hotspots"
"Camden 014A",186,51.5470629718812,-0.161192124038938,0.4731,0.1774,0.3065,0.043,1,"Central high-volume hotspots"
"Hounslow 020D",186,51.4589350883354,-0.335187433114035,0.4409,0.129,0.2796,0.1505,1,"Central high-volume hotspots"
"Waltham Forest 009E",186,51.5996835009623,-0.0257350702395577,0.3172,0.2634,0.3226,0.0968,1,"Central high-volume hotspots"
"Croydon 041C",185,51.3208214041126,-0.137287858658009,0.4378,0.2865,0.1459,0.1297,1,"Central high-volume hotspots"
"Enfield 037A",185,51.615869800219,-0.0753079458494098,0.2,0.3189,0.3351,0.1459,1,"Central high-volume hotspots"
"Hillingdon 026E",185,51.5192791165804,-0.415694177818035,0.3189,0.2865,0.2649,0.1297,1,"Central high-volume hotspots"
"Sutton 011A",185,51.3804430726389,-0.136011074239376,0.2649,0.2973,0.2649,0.173,1,"Central high-volume hotspots"
"Brent 002F",184,51.5938958981981,-0.261747233687525,0.5272,0.1902,0.212,0.0707,1,"Central high-volume hotspots"
"Hammersmith and Fulham 001D",184,51.5310865205502,-0.236030194216971,0.288,0.3098,0.3098,0.0924,1,"Central high-volume hotspots"
"Lambeth 008E",184,51.4717045723682,-0.124616441595593,0.2554,0.3315,0.3587,0.0543,1,"Central high-volume hotspots"
"Camden 017B",184,51.5425699540742,-0.17725355431726,0.5,0.1359,0.3152,0.0489,1,"Central high-volume hotspots"
"Islington 003D",184,51.5647671459123,-0.119064569011788,0.3043,0.2391,0.3424,0.1141,1,"Central high-volume hotspots"
"Tower Hamlets 009E",184,51.5232394781015,-0.0690462186873434,0.3043,0.25,0.288,0.1576,1,"Central high-volume hotspots"
"Tower Hamlets 025F",184,51.5120196905128,-0.0411343002464202,0.3043,0.212,0.2772,0.2065,1,"Central high-volume hotspots"
"Westminster 015F",184,51.5193476340235,-0.173824233126294,0.4511,0.2337,0.2065,0.1087,1,"Central high-volume hotspots"
"Brent 035A",183,51.5609499416032,-0.284022448656338,0.2787,0.2295,0.4317,0.0601,1,"Central high-volume hotspots"
"Barnet 006B",183,51.6492606123903,-0.170925933004386,0.388,0.2404,0.2514,0.1202,1,"Central high-volume hotspots"
"Tower Hamlets 016D",183,51.5206095651759,-0.0472075893178893,0.3169,0.2842,0.2568,0.1421,1,"Central high-volume hotspots"
"Tower Hamlets 035D",183,51.5034409920813,-0.0111938591625207,0.2678,0.2459,0.377,0.1093,1,"Central high-volume hotspots"
"Kensington and Chelsea 019D",182,51.485115574746,-0.177350864989418,0.4725,0.2033,0.2363,0.0879,1,"Central high-volume hotspots"
"Ealing 004C",182,51.5474943863715,-0.367434234486607,0.3352,0.2143,0.3901,0.0604,1,"Central high-volume hotspots"
"Hounslow 004A",182,51.4856111087571,-0.378429015659011,0.1538,0.3846,0.3681,0.0934,1,"Central high-volume hotspots"
"Tower Hamlets 018F",182,51.5146314390693,-0.013620907712957,0.3187,0.2747,0.3022,0.1044,1,"Central high-volume hotspots"
"Southwark 012I",182,51.4899541915751,-0.0938149416245181,0.2143,0.1758,0.5,0.1099,1,"Central high-volume hotspots"
"Newham 004C",182,51.5485056554436,0.0468229759157509,0.3297,0.3791,0.1758,0.1154,1,"Central high-volume hotspots"
"Ealing 029G",181,51.5065603015028,-0.352649953467023,0.0994,0.663,0.1381,0.0994,1,"Central high-volume hotspots"
"Islington 023E",181,51.5245699273701,-0.0935449400303644,0.3425,0.2486,0.2652,0.1436,1,"Central high-volume hotspots"
"Lambeth 010D",181,51.4665841650649,-0.121403193203463,0.1713,0.5856,0.116,0.1271,1,"Central high-volume hotspots"
"Newham 042A",181,51.5041499754579,0.0218916861538462,0.5249,0.2486,0.1547,0.0718,1,"Central high-volume hotspots"
"Ealing 028F",180,51.5090167172159,-0.324921974738146,0.2778,0.2333,0.4111,0.0778,1,"Central high-volume hotspots"
"Camden 019D",180,51.5379879008547,-0.133369294764957,0.4611,0.2833,0.1333,0.1222,1,"Central high-volume hotspots"
"Southwark 007C",180,51.4988479328012,-0.0507277915223665,0.5056,0.2889,0.15,0.0556,1,"Central high-volume hotspots"
"Barking and Dagenham 013A",179,51.5426941619204,0.148038069627193,0.3184,0.4525,0.1341,0.095,1,"Central high-volume hotspots"
"Bexley 008F",179,51.4683138750336,0.185234484202803,0.3073,0.3296,0.257,0.1061,1,"Central high-volume hotspots"
"Enfield 015D",179,51.6507737843058,-0.075463114453387,0.4413,0.2346,0.1732,0.1508,1,"Central high-volume hotspots"
"Havering 029B",179,51.5140195849822,0.210438320942802,0.3464,0.2402,0.2346,0.1788,1,"Central high-volume hotspots"
"Harrow 030B",179,51.5631093388128,-0.354461845629485,0.2737,0.2235,0.3966,0.1061,1,"Central high-volume hotspots"
"Newham 041D",179,51.5028496948052,0.0455205123376623,0.257,0.162,0.2235,0.3575,1,"Central high-volume hotspots"
"Harrow 027A",179,51.5664210698883,-0.350591672541824,0.1732,0.3966,0.324,0.1061,1,"Central high-volume hotspots"
"Barking and Dagenham 006C",178,51.5609416758011,0.153024322222222,0.2247,0.4663,0.1798,0.1292,1,"Central high-volume hotspots"
"Hackney 029C",178,51.5650388528875,-0.0575649102412527,0.2528,0.2135,0.4551,0.0787,1,"Central high-volume hotspots"
"Haringey 037B",178,51.6010557092949,-0.0668416412037037,0.3034,0.4045,0.1461,0.1461,1,"Central high-volume hotspots"
"Lambeth 020A",178,51.4549023632751,-0.120879859613757,0.2809,0.2191,0.264,0.236,1,"Central high-volume hotspots"
"Croydon 019E",177,51.3816051689512,-0.109755729580966,0.209,0.4011,0.3051,0.0847,1,"Central high-volume hotspots"
"Bexley 004B",177,51.484495497276,0.174294117386393,0.1469,0.3107,0.2655,0.2768,1,"Central high-volume hotspots"
"Hackney 026H",177,51.5297543607794,-0.0932959602404643,0.452,0.322,0.1525,0.0734,1,"Central high-volume hotspots"
"Barnet 019F",177,51.6137248000334,-0.174981338614082,0.3955,0.3333,0.1977,0.0734,1,"Central high-volume hotspots"
"Greenwich 042C",177,51.4918195570599,0.0407143969438522,0.3333,0.3446,0.1695,0.1525,1,"Central high-volume hotspots"
"Hillingdon 016H",177,51.5336538829104,-0.483293613667217,0.3333,0.2712,0.2034,0.1921,1,"Central high-volume hotspots"
"Hillingdon 028D",177,51.5007162731349,-0.460277108425926,0.1751,0.2655,0.4463,0.113,1,"Central high-volume hotspots"
"Tower Hamlets 022C",177,51.513726381496,-0.0591206052728854,0.2768,0.3955,0.2203,0.1073,1,"Central high-volume hotspots"
"Tower Hamlets 036A",177,51.4996806698413,-0.0108299798730159,0.4124,0.2542,0.2203,0.113,1,"Central high-volume hotspots"
"Hammersmith and Fulham 006B",176,51.5054053129274,-0.240016808760684,0.4773,0.3011,0.1477,0.0739,1,"Central high-volume hotspots"
"Hackney 025H",176,51.5363403999206,-0.0841401492460317,0.5625,0.25,0.1307,0.0568,1,"Central high-volume hotspots"
"Brent 019D",176,51.5507257942705,-0.298545097499456,0.3466,0.375,0.1875,0.0909,1,"Central high-volume hotspots"
"Enfield 033B",176,51.6153791797363,-0.0611488550563236,0.2273,0.375,0.2784,0.1193,1,"Central high-volume hotspots"
"Westminster 011A",176,51.5196345091784,-0.147035349375584,0.5682,0.125,0.2557,0.0511,1,"Central high-volume hotspots"
"Southwark 009C",176,51.4962472124339,-0.0965108634920635,0.4716,0.25,0.25,0.0284,1,"Central high-volume hotspots"
"Brent 024C",175,51.551130312348,-0.238473379974359,0.1143,0.2343,0.5029,0.1486,1,"Central high-volume hotspots"
"Harrow 005C",175,51.6058923232826,-0.339576647111632,0.5314,0.16,0.2343,0.0743,1,"Central high-volume hotspots"
"Lambeth 016C",175,51.4610315821599,-0.110547443361678,0.2343,0.2343,0.36,0.1714,1,"Central high-volume hotspots"
"Richmond upon Thames 014D",175,51.4479892932437,-0.329895578984945,0.2114,0.2571,0.4229,0.1086,1,"Central high-volume hotspots"
"Ealing 007C",174,51.5343096744561,-0.317526065008325,0.3908,0.2529,0.2299,0.1264,1,"Central high-volume hotspots"
"Hammersmith and Fulham 017B",174,51.4821613635212,-0.19991175878268,0.3966,0.2759,0.2299,0.0977,1,"Central high-volume hotspots"
"Enfield 036E",174,51.6154304402169,-0.110657262717996,0.3333,0.2299,0.3333,0.1034,1,"Central high-volume hotspots"
"Redbridge 034G",174,51.5652336556753,0.123498403167695,0.1667,0.3448,0.4368,0.0517,1,"Central high-volume hotspots"
"Waltham Forest 005E",174,51.6164392097973,-0.0195822552927928,0.3506,0.2816,0.2414,0.1264,1,"Central high-volume hotspots"
"Tower Hamlets 024C",174,51.5091620883443,-0.0190001124533001,0.2701,0.3103,0.2816,0.1379,1,"Central high-volume hotspots"
"Brent 027I",173,51.5308984149758,-0.283942814975845,0.4971,0.2081,0.1734,0.1214,1,"Central high-volume hotspots"
"Hillingdon 030G",173,51.5006314811224,-0.419582358871882,0.3873,0.2717,0.2717,0.0694,1,"Central high-volume hotspots"
"Lewisham 005A",173,51.4740528647034,-0.0255966365027151,0.3526,0.3237,0.1908,0.1329,1,"Central high-volume hotspots"
"Westminster 006E",173,51.5238784200843,-0.192094317569794,0.1676,0.1561,0.6243,0.052,1,"Central high-volume hotspots"
"Brent 024A",172,51.5496953811688,-0.239460246761376,0.2558,0.3198,0.2674,0.157,1,"Central high-volume hotspots"
"Brent 003B",172,51.5849013117265,-0.276879054260829,0.5349,0.1047,0.3256,0.0349,1,"Central high-volume hotspots"
"Brent 029E",171,51.5431898392671,-0.298650365625,0.3509,0.3392,0.2632,0.0468,1,"Central high-volume hotspots"
"Ealing 028B",171,51.5101713745895,-0.329161260180624,0.1287,0.1988,0.4912,0.1813,1,"Central high-volume hotspots"
"Hammersmith and Fulham 013E",171,51.4903714384074,-0.222217554777778,0.4386,0.2807,0.2105,0.0702,1,"Central high-volume hotspots"
"Lambeth 005B",171,51.482218723184,-0.110648168011837,0.345,0.3743,0.2105,0.0702,1,"Central high-volume hotspots"
"Camden 018E",171,51.5395808312169,-0.147543145992063,0.4795,0.193,0.2515,0.076,1,"Central high-volume hotspots"
"Redbridge 032G",171,51.5567612950517,0.0668851487093508,0.1871,0.3041,0.4327,0.076,1,"Central high-volume hotspots"
"Bexley 017D",170,51.4579135521138,0.150291781960036,0.0941,0.3353,0.2824,0.2882,1,"Central high-volume hotspots"
"Barking and Dagenham 001D",170,51.5841641660053,0.136125862962963,0.1824,0.3588,0.3118,0.1471,1,"Central high-volume hotspots"
"Newham 038A",170,51.548415851363,-0.0130841872325742,0.2941,0.2529,0.3353,0.1176,1,"Central high-volume hotspots"
"Tower Hamlets 014B",170,51.5212402400742,-0.0320322936301793,0.3706,0.3059,0.1588,0.1647,1,"Central high-volume hotspots"
"Redbridge 034B",170,51.5622578605495,0.0964578518681319,0.3059,0.3353,0.2118,0.1471,1,"Central high-volume hotspots"
"Barnet 002D",170,51.6502243931406,-0.177470284832452,0.2588,0.2706,0.3353,0.1353,1,"Central high-volume hotspots"
"Hillingdon 007E",170,51.5732081196376,-0.423784279756086,0.3,0.2353,0.3647,0.1,1,"Central high-volume hotspots"
"Merton 009D",170,51.419381939881,-0.204930235993304,0.4059,0.2529,0.2588,0.0824,1,"Central high-volume hotspots"
"Waltham Forest 016D",170,51.5829221782921,-0.0176998791951776,0.2941,0.2059,0.4353,0.0647,1,"Central high-volume hotspots"
"Lambeth 029B",170,51.437103471714,-0.128797911187215,0.4059,0.2353,0.3,0.0588,1,"Central high-volume hotspots"
"Ealing 011C",169,51.5277689047279,-0.289110876666667,0.4556,0.2604,0.1834,0.1006,1,"Central high-volume hotspots"
"Barnet 039C",169,51.5663135800995,-0.222416245255864,0.2959,0.3195,0.284,0.1006,1,"Central high-volume hotspots"
"Enfield 016F",169,51.6515525029847,-0.0673932600393434,0.2604,0.2663,0.3254,0.1479,1,"Central high-volume hotspots"
"Enfield 030C",169,51.6162251849937,-0.0480305587092732,0.3728,0.2071,0.2604,0.1598,1,"Central high-volume hotspots"
"Kingston upon Thames 017D",169,51.3774655133478,-0.282589490467172,0.2367,0.284,0.3609,0.1183,1,"Central high-volume hotspots"
"Hillingdon 028C",169,51.5039140109195,-0.461928201436782,0.355,0.3077,0.2189,0.1183,1,"Central high-volume hotspots"
"Barnet 004F",168,51.6505813189823,-0.212407904502573,0.1429,0.4167,0.3869,0.0536,1,"Central high-volume hotspots"
"Hackney 002A",168,51.5698888249051,-0.0959880388490165,0.5833,0.2798,0.0952,0.0417,1,"Central high-volume hotspots"
"Richmond upon Thames 011A",168,51.4538725117214,-0.337920210138445,0.1429,0.2381,0.25,0.369,1,"Central high-volume hotspots"
"Greenwich 011D",167,51.4821456535948,0.0709415647058824,0.1916,0.491,0.2575,0.0599,1,"Central high-volume hotspots"
"Hackney 004C",167,51.5676618210859,-0.0734942848304473,0.4611,0.2156,0.2695,0.0539,1,"Central high-volume hotspots"
"Newham 035D",167,51.5103287600756,0.0442467339879491,0.5629,0.2036,0.1317,0.1018,1,"Central high-volume hotspots"
"Kingston upon Thames 017B",167,51.3804685260753,-0.280331774731183,0.2156,0.2635,0.1916,0.3293,1,"Central high-volume hotspots"
"Southwark 036B",167,51.5004680148097,-0.0812288575654504,0.5868,0.1737,0.1617,0.0778,1,"Central high-volume hotspots"
"Bromley 001D",166,51.4282216784504,0.042877455488297,0.1627,0.4096,0.1807,0.247,1,"Central high-volume hotspots"
"Brent 023A",166,51.5452229769305,-0.204717986776062,0.3494,0.2289,0.3012,0.1205,1,"Central high-volume hotspots"
"Brent 029A",166,51.5369290805383,-0.298531389325972,0.3554,0.1988,0.2108,0.2349,1,"Central high-volume hotspots"
"Croydon 020A",166,51.3817499555401,-0.10382107828154,0.1627,0.3133,0.3795,0.1446,1,"Central high-volume hotspots"
"Hammersmith and Fulham 015E",166,51.4866288441558,-0.200862991774892,0.1386,0.3313,0.4217,0.1084,1,"Central high-volume hotspots"
"Newham 018E",166,51.5316821894294,0.0527980235582011,0.2108,0.3735,0.2892,0.1265,1,"Central high-volume hotspots"
"Newham 027D",166,51.5305917850771,0.0175275884473508,0.5904,0.2771,0.0843,0.0482,1,"Central high-volume hotspots"
"Lewisham 021B",166,51.4395445503528,-0.0550860210045662,0.3373,0.2952,0.259,0.1084,1,"Central high-volume hotspots"
"Tower Hamlets 001A",166,51.5338243991746,-0.0303767095555556,0.3614,0.2831,0.2349,0.1205,1,"Central high-volume hotspots"
"Tower Hamlets 011A",166,51.5224940599647,-0.0477276891534392,0.5422,0.1988,0.1386,0.1205,1,"Central high-volume hotspots"
"Ealing 029C",165,51.5004656088351,-0.372008656561975,0.1576,0.2788,0.4848,0.0788,1,"Central high-volume hotspots"
"Hammersmith and Fulham 013B",165,51.4919200055941,-0.231242113458995,0.3394,0.3515,0.2121,0.097,1,"Central high-volume hotspots"
"Hackney 024B",165,51.5332344098684,-0.0704691076754386,0.4182,0.2303,0.1879,0.1636,1,"Central high-volume hotspots"
"Brent 014C",165,51.5594556342963,-0.249002030296296,0.2303,0.3576,0.2303,0.1818,1,"Central high-volume hotspots"
"Camden 002C",165,51.5560015104115,-0.177296142958066,0.6667,0.1455,0.1091,0.0788,1,"Central high-volume hotspots"
"Greenwich 002G",165,51.4974782983165,0.0931862690716691,0.1818,0.4303,0.1818,0.2061,1,"Central high-volume hotspots"
"Kingston upon Thames 007B",165,51.4009901393046,-0.256335943972033,0.297,0.4,0.2182,0.0848,1,"Central high-volume hotspots"
"Lewisham 023A",165,51.4336693575386,0.0213011984800026,0.2788,0.2667,0.297,0.1576,1,"Central high-volume hotspots"
"Southwark 025C",165,51.4676676303597,-0.0704107560966811,0.3697,0.2788,0.2606,0.0909,1,"Central high-volume hotspots"
"Waltham Forest 002C",165,51.6314926852819,0.00549391032338308,0.3455,0.1879,0.3697,0.097,1,"Central high-volume hotspots"
"Westminster 020D",165,51.4952531949695,-0.136832077936508,0.3879,0.1879,0.3576,0.0667,1,"Central high-volume hotspots"
"Wandsworth 018B",165,51.4542654993873,-0.190450715896359,0.5091,0.1879,0.2121,0.0909,1,"Central high-volume hotspots"
"Southwark 014F",165,51.4899776933498,-0.0979609711001642,0.1212,0.2727,0.4,0.2061,1,"Central high-volume hotspots"
"Westminster 017A",165,51.516707536473,-0.187254210922483,0.297,0.1152,0.4788,0.1091,1,"Central high-volume hotspots"
"Hackney 019B",164,51.5464445149857,-0.0455293573137125,0.2622,0.3598,0.2134,0.1646,1,"Central high-volume hotspots"
"Brent 015D",164,51.5555584702726,-0.215645257740971,0.2927,0.3171,0.2927,0.0976,1,"Central high-volume hotspots"
"Haringey 037D",164,51.6056107555178,-0.0716016646006551,0.2073,0.3476,0.2622,0.1829,1,"Central high-volume hotspots"
"Lambeth 009B",164,51.4659338596008,-0.104925410726587,0.2439,0.2195,0.4085,0.128,1,"Central high-volume hotspots"
"Haringey 023B",164,51.5830371705432,-0.100228974992328,0.2988,0.1646,0.439,0.0976,1,"Central high-volume hotspots"
"Haringey 015E",164,51.591963113154,-0.0622340722696351,0.2744,0.4146,0.1829,0.128,1,"Central high-volume hotspots"
"Lambeth 018C",164,51.4629670438799,-0.105938774447682,0.2317,0.2256,0.4085,0.1341,1,"Central high-volume hotspots"
"Haringey 001B",164,51.6028089031108,-0.113444528427633,0.0854,0.4451,0.2744,0.1951,1,"Central high-volume hotspots"
"Bromley 004A",163,51.4137476182093,-0.0518107136709144,0.3252,0.2822,0.3129,0.0798,1,"Central high-volume hotspots"
"Barnet 016D",163,51.6165963366497,-0.248791237857143,0.3252,0.2577,0.2945,0.1227,1,"Central high-volume hotspots"
"Hounslow 009B",163,51.4858278092021,-0.331794079021879,0.3865,0.2945,0.1963,0.1227,1,"Central high-volume hotspots"
"Islington 022C",163,51.5277088001984,-0.102769156042569,0.3804,0.2883,0.2086,0.1227,1,"Central high-volume hotspots"
"Hillingdon 030D",163,51.4965736804956,-0.430458319324602,0.2761,0.3006,0.3497,0.0736,1,"Central high-volume hotspots"
"Newham 029C",163,51.5223383618924,0.0601544515625,0.589,0.1902,0.135,0.0859,1,"Central high-volume hotspots"
"Tower Hamlets 030C",163,51.4892640626446,-0.00942903310465429,0.0982,0.3374,0.3742,0.1902,1,"Central high-volume hotspots"
"Barnet 043D",162,51.5918014311184,-0.25559214953099,0.1728,0.2284,0.5123,0.0864,1,"Central high-volume hotspots"
"Hammersmith and Fulham 011C",162,51.492391861116,-0.23664373815875,0.537,0.1914,0.1975,0.0741,1,"Central high-volume hotspots"
"Islington 015D",162,51.5486665095238,-0.118478860634921,0.3148,0.321,0.284,0.0802,1,"Central high-volume hotspots"
"Haringey 008B",162,51.5991555562149,-0.0939701065445665,0.1852,0.3889,0.3025,0.1235,1,"Central high-volume hotspots"
"Greenwich 006D",162,51.4866430666776,0.090024153886693,0.3395,0.463,0.0864,0.1111,1,"Central high-volume hotspots"
"Newham 024A",162,51.5313131145833,0.0572946202256944,0.2901,0.3395,0.2593,0.1111,1,"Central high-volume hotspots"
"Lambeth 004D",162,51.477390786385,-0.130950511893584,0.463,0.2037,0.2407,0.0926,1,"Central high-volume hotspots"
"Southwark 032D",162,51.4494533457792,-0.0735778032024793,0.5741,0.0926,0.284,0.0494,1,"Central high-volume hotspots"
"Sutton 012A",162,51.3646129131794,-0.190316249050024,0.2099,0.4136,0.284,0.0926,1,"Central high-volume hotspots"
"Sutton 018C",162,51.3596015554687,-0.194222699479167,0.2099,0.2222,0.4012,0.1667,1,"Central high-volume hotspots"
"Tower Hamlets 019C",162,51.5141921696512,-0.0378509118376928,0.321,0.2654,0.1975,0.216,1,"Central high-volume hotspots"
"Westminster 014H",162,51.5178928534452,-0.195497908141685,0.3765,0.216,0.3148,0.0926,1,"Central high-volume hotspots"
"Ealing 007D",161,51.5338168874051,-0.327629152380952,0.3851,0.2795,0.1863,0.1491,1,"Central high-volume hotspots"
"Ealing 044A",161,51.498483892292,-0.396343462277537,0.3106,0.2795,0.2919,0.118,1,"Central high-volume hotspots"
"Croydon 004C",161,51.4094860141918,-0.124580155170301,0.6894,0.1615,0.1056,0.0435,1,"Central high-volume hotspots"
"Kensington and Chelsea 010B",161,51.50114871875,-0.190395834635417,0.4845,0.2609,0.1925,0.0621,1,"Central high-volume hotspots"
"Haringey 015C",161,51.5870047592104,-0.0566885982172589,0.1863,0.354,0.3354,0.1242,1,"Central high-volume hotspots"
"Havering 022E",161,51.5565898627862,0.247384476594517,0.5466,0.2236,0.1739,0.0559,1,"Central high-volume hotspots"
"Lambeth 007D",161,51.4735899673677,-0.114675476888286,0.2857,0.3106,0.2981,0.1056,1,"Central high-volume hotspots"
"Hillingdon 002A",161,51.610617217837,-0.42604797102502,0.6087,0.1553,0.1677,0.0683,1,"Central high-volume hotspots"
"Southwark 035B",161,51.5031621249715,-0.0760184588459786,0.6894,0.1118,0.1739,0.0248,1,"Central high-volume hotspots"
"Hackney 016A",161,51.5530820384641,-0.0712517133467472,0.2981,0.3354,0.236,0.1304,1,"Central high-volume hotspots"
"Newham 030A",161,51.5234499602974,0.0220118701465201,0.3354,0.2857,0.2919,0.087,1,"Central high-volume hotspots"
"Newham 009C",161,51.5422619124217,0.0137381698860399,0.1553,0.1739,0.5901,0.0807,1,"Central high-volume hotspots"
"Westminster 019F",161,51.5010082169826,-0.171492250813362,0.2733,0.2733,0.323,0.1304,1,"Central high-volume hotspots"
"Bromley 036C",160,51.365460988022,0.0590603528754579,0.2625,0.3688,0.2875,0.0813,1,"Central high-volume hotspots"
"Harrow 016B",160,51.5940664269661,-0.381280910894661,0.5188,0.125,0.25,0.1062,1,"Central high-volume hotspots"
"Havering 016A",160,51.5661778172309,0.191886027951389,0.2938,0.2438,0.3125,0.15,1,"Central high-volume hotspots"
"Camden 003E",160,51.5526491798942,-0.142184476190476,0.5938,0.2062,0.125,0.075,1,"Central high-volume hotspots"
"Greenwich 007B",160,51.4903242190476,0.0826262447055138,0.2313,0.3438,0.2313,0.1938,1,"Central high-volume hotspots"
"Merton 022B",160,51.3948501248982,-0.163384821733822,0.1875,0.3,0.2938,0.2188,1,"Central high-volume hotspots"
"Richmond upon Thames 019D",160,51.4271070228571,-0.356083443867244,0.4938,0.2062,0.2313,0.0688,1,"Central high-volume hotspots"
"Hillingdon 027C",160,51.5105884686744,-0.414879979000532,0.3,0.2562,0.3938,0.05,1,"Central high-volume hotspots"
"Southwark 006C",160,51.4966339432264,-0.082855023328877,0.5688,0.2812,0.1312,0.0187,1,"Central high-volume hotspots"
"Westminster 020B",160,51.4973857164272,-0.131337205707941,0.3438,0.2812,0.3188,0.0562,1,"Central high-volume hotspots"
"Croydon 013F",159,51.3887016318174,-0.0951328211350615,0.2138,0.2956,0.3585,0.1321,1,"Central high-volume hotspots"
"Camden 012E",159,51.5445357075231,-0.154835817939815,0.4591,0.3208,0.1384,0.0818,1,"Central high-volume hotspots"
"Haringey 029B",159,51.5791140825,-0.0728054524829932,0.3082,0.3019,0.2956,0.0943,1,"Central high-volume hotspots"
"Hounslow 012C",159,51.4739882594064,-0.359976844494746,0.3019,0.283,0.2642,0.1509,1,"Central high-volume hotspots"
"Kensington and Chelsea 002B",159,51.5223204586123,-0.214981349162946,0.2453,0.3522,0.283,0.1195,1,"Central high-volume hotspots"
"Westminster 012E",159,51.5183303432263,-0.165016204663343,0.3962,0.2138,0.327,0.0629,1,"Central high-volume hotspots"
"Brent 027F",158,51.5427025632431,-0.265275187208217,0.2089,0.2342,0.3165,0.2405,1,"Central high-volume hotspots"
"Bromley 026A",158,51.3859398787638,0.0405438519680936,0.1456,0.4051,0.3101,0.1392,1,"Central high-volume hotspots"
"Brent 019C",158,51.550505632297,-0.304476134638594,0.0886,0.3481,0.2975,0.2658,1,"Central high-volume hotspots"
"Ealing 009B",158,51.536241355303,-0.394227906944444,0.3544,0.3291,0.2278,0.0886,1,"Central high-volume hotspots"
"Lewisham 009B",158,51.467003033562,0.00864166256389562,0.5759,0.1266,0.2152,0.0823,1,"Central high-volume hotspots"
"Hounslow 006B",158,51.4901317492364,-0.309914875879221,0.3038,0.2911,0.1899,0.2152,1,"Central high-volume hotspots"
"Lambeth 013A",158,51.4681056448179,-0.146622844957983,0.2975,0.2911,0.3165,0.0949,1,"Central high-volume hotspots"
"Lewisham 007B",158,51.4650090809855,-0.00949149049747044,0.1329,0.1203,0.6962,0.0506,1,"Central high-volume hotspots"
"Southwark 036A",158,51.501466581322,-0.076506453570366,0.3671,0.1709,0.4177,0.0443,1,"Central high-volume hotspots"
"Brent 031H",157,51.534531389654,-0.244866237498115,0.2611,0.2548,0.3567,0.1274,1,"Central high-volume hotspots"
"Hillingdon 006D",157,51.5788093639574,-0.399325884391738,0.4522,0.1465,0.3376,0.0637,1,"Central high-volume hotspots"
"Newham 027C",157,51.5247271199043,0.00725703142479214,0.3822,0.3312,0.2293,0.0573,1,"Central high-volume hotspots"
"Newham 033F",157,51.5108368432105,0.077296479631636,0.4204,0.242,0.2739,0.0637,1,"Central high-volume hotspots"
"Richmond upon Thames 013B",157,51.4522235519316,-0.377152307107843,0.2357,0.3567,0.2548,0.1529,1,"Central high-volume hotspots"
"Merton 001G",157,51.4291905302889,-0.188995776364087,0.4522,0.2484,0.2229,0.0764,1,"Central high-volume hotspots"
"Southwark 034B",157,51.4970730627036,-0.102059518720367,0.5541,0.1911,0.1975,0.0573,1,"Central high-volume hotspots"
"Haringey 002D",157,51.6009364289775,-0.0601765920695124,0.2357,0.3503,0.3057,0.1083,1,"Central high-volume hotspots"
"Waltham Forest 019A",157,51.5786940430526,-0.00033942395167022,0.2484,0.4268,0.1975,0.1274,1,"Central high-volume hotspots"
"Croydon 029B",156,51.3604897753878,-0.0970792788780664,0.5321,0.2372,0.1474,0.0833,1,"Central high-volume hotspots"
"Croydon 024H",156,51.373216372136,-0.118291250517598,0.4231,0.3077,0.1923,0.0769,1,"Central high-volume hotspots"
"Kensington and Chelsea 001D",156,51.5208435671202,-0.206905406160242,0.25,0.3333,0.2179,0.1987,1,"Central high-volume hotspots"
"Enfield 037C",156,51.6110037141555,-0.0664484384548611,0.2564,0.3333,0.2628,0.1474,1,"Central high-volume hotspots"
"Hounslow 029C",156,51.4919054978687,-0.277010994726644,0.3846,0.3333,0.1667,0.1154,1,"Central high-volume hotspots"
"Tower Hamlets 008H",156,51.5232687890598,-0.010444174957265,0.2756,0.3526,0.2308,0.141,1,"Central high-volume hotspots"
"Southwark 018D",156,51.4808643760769,-0.0704214982577532,0.2564,0.2692,0.3013,0.1731,1,"Central high-volume hotspots"
"Bromley 004B",155,51.4187903894431,-0.0561587532929782,0.5742,0.1677,0.1677,0.0903,1,"Central high-volume hotspots"
"Brent 014F",155,51.5565116213543,-0.251053543454804,0.2968,0.3806,0.2129,0.1097,1,"Central high-volume hotspots"
"Ealing 006C",155,51.5349349267244,-0.348629948452381,0.2581,0.2968,0.3548,0.0903,1,"Central high-volume hotspots"
"Lambeth 008A",155,51.473445213104,-0.134612769445608,0.2839,0.2452,0.4065,0.0645,1,"Central high-volume hotspots"
"Tower Hamlets 024G",155,51.5129283030187,-0.0261395553287982,0.2516,0.3613,0.1677,0.2194,1,"Central high-volume hotspots"
"Hackney 008A",155,51.5590125140255,-0.083675742421736,0.2452,0.2774,0.4129,0.0645,1,"Central high-volume hotspots"
"Westminster 002B",155,51.5352911487455,-0.183909488351255,0.3806,0.2323,0.3226,0.0645,1,"Central high-volume hotspots"
"Barnet 024G",154,51.6049122505929,-0.270879868807642,0.1234,0.5325,0.2987,0.0455,1,"Central high-volume hotspots"
"Brent 014E",154,51.5613910105785,-0.256520821799816,0.2273,0.2532,0.4221,0.0974,1,"Central high-volume hotspots"
"Harrow 002E",154,51.6099057172633,-0.284672372959756,0.2013,0.3506,0.3312,0.1169,1,"Central high-volume hotspots"
"Hillingdon 027A",154,51.5134970947279,-0.432267713214286,0.2857,0.3571,0.2403,0.1169,1,"Central high-volume hotspots"
"Lambeth 032D",154,51.4285428797556,-0.130004674244142,0.2857,0.3701,0.2078,0.1364,1,"Central high-volume hotspots"
"Lewisham 018A",154,51.4445356110187,-0.0151207985693994,0.1948,0.3896,0.2792,0.1364,1,"Central high-volume hotspots"
"Tower Hamlets 001E",154,51.5424068034391,-0.0238115234126984,0.526,0.2338,0.1818,0.0584,1,"Central high-volume hotspots"
"Hammersmith and Fulham 010D",153,51.4960141831946,-0.220034474292193,0.1373,0.1895,0.5948,0.0784,1,"Central high-volume hotspots"
"Brent 013D",153,51.5575280914424,-0.316939374258109,0.2484,0.2876,0.3333,0.1307,1,"Central high-volume hotspots"
"Hillingdon 028G",153,51.5066555749898,-0.457037123914666,0.183,0.3268,0.3203,0.1699,1,"Central high-volume hotspots"
"Croydon 010D",153,51.3977219541486,-0.0884888892496393,0.3464,0.3595,0.1961,0.098,1,"Central high-volume hotspots"
"Newham 010C",153,51.5406686485897,0.0491610674075924,0.3137,0.2745,0.3072,0.1046,1,"Central high-volume hotspots"
"Lambeth 032A",153,51.4258264698507,-0.133382624096688,0.2418,0.2092,0.4837,0.0654,1,"Central high-volume hotspots"
"Tower Hamlets 025D",153,51.5108547361928,-0.0484248244047619,0.3922,0.3072,0.2092,0.0915,1,"Central high-volume hotspots"
"Westminster 002D",153,51.5344817590852,-0.190057243379282,0.3399,0.3529,0.2484,0.0588,1,"Central high-volume hotspots"
"Croydon 047A",152,51.3655218527845,-0.0951008720742534,0.2171,0.1974,0.2171,0.3684,1,"Central high-volume hotspots"
"Barnet 043B",152,51.5951196808812,-0.252166104013225,0.1053,0.1382,0.6316,0.125,1,"Central high-volume hotspots"
"Brent 020E",152,51.5531424580688,-0.287858600308642,0.25,0.3553,0.2566,0.1382,1,"Central high-volume hotspots"
"Enfield 005D",152,51.6607179954639,-0.0567183672003284,0.4539,0.3882,0.0855,0.0724,1,"Central high-volume hotspots"
"Ealing 006B",152,51.5397481758658,-0.34155539215368,0.4605,0.1316,0.2961,0.1118,1,"Central high-volume hotspots"
"Islington 003B",152,51.569053897549,-0.113812987336601,0.3092,0.2697,0.2961,0.125,1,"Central high-volume hotspots"
"Croydon 016A",152,51.3821749897809,-0.126890930611308,0.3684,0.2632,0.2895,0.0789,1,"Central high-volume hotspots"
"Islington 018B",152,51.5397341915493,-0.0941036450033535,0.3224,0.2763,0.2697,0.1316,1,"Central high-volume hotspots"
"Haringey 002A",152,51.6059776356481,-0.0623692008994709,0.2434,0.2895,0.3289,0.1382,1,"Central high-volume hotspots"
"Islington 001C",152,51.5717862610317,-0.12682126234127,0.1842,0.3618,0.25,0.2039,1,"Central high-volume hotspots"
"Newham 022A",152,51.5340367920635,0.0345305505332341,0.4145,0.2171,0.1776,0.1908,1,"Central high-volume hotspots"
"Redbridge 015D",152,51.5777424566131,0.0691562880142275,0.2237,0.2763,0.4342,0.0658,1,"Central high-volume hotspots"
"Tower Hamlets 014G",152,51.5244093490334,-0.0329170529593969,0.4079,0.2039,0.3355,0.0526,1,"Central high-volume hotspots"
"Waltham Forest 006E",152,51.6093666492064,-0.0287138768806073,0.4474,0.2434,0.1382,0.1711,1,"Central high-volume hotspots"
"Waltham Forest 016C",152,51.5857321929894,-0.0171661551587302,0.3092,0.3947,0.2171,0.0789,1,"Central high-volume hotspots"
"Southwark 026E",152,51.4678391573179,-0.0610858597338936,0.375,0.2895,0.2039,0.1316,1,"Central high-volume hotspots"
"Hounslow 027B",152,51.4358724799031,-0.430900065375303,0.125,0.4605,0.1447,0.2697,1,"Central high-volume hotspots"
"Newham 012A",152,51.5471200796107,0.00418914351763433,0.3684,0.2171,0.3421,0.0724,1,"Central high-volume hotspots"
"Tower Hamlets 005C",152,51.5278658200368,-0.0595305902634,0.3092,0.3487,0.2434,0.0987,1,"Central high-volume hotspots"
"Greenwich 035I",151,51.4770678095238,-0.0161343176445578,0.2649,0.3046,0.3444,0.0861,1,"Central high-volume hotspots"
"Greenwich 040B",151,51.4920741595709,0.019005790543449,0.5099,0.1788,0.1987,0.1126,1,"Central high-volume hotspots"
"Greenwich 012B",151,51.4870485424145,0.036388627457265,0.4106,0.3311,0.1589,0.0993,1,"Central high-volume hotspots"
"Kingston upon Thames 017E",151,51.3810363105942,-0.286533926838509,0.2781,0.5828,0.0464,0.0927,1,"Central high-volume hotspots"
"Hounslow 006E",151,51.4816318048906,-0.316715425732323,0.3709,0.2517,0.2715,0.106,1,"Central high-volume hotspots"
"Islington 011C",151,51.5520882322279,-0.11911693422619,0.2318,0.2848,0.3907,0.0927,1,"Central high-volume hotspots"
"Newham 034J",151,51.5154011791925,0.0154931464458247,0.3113,0.404,0.1391,0.1457,1,"Central high-volume hotspots"
"Wandsworth 038A",151,51.4824171578388,-0.133502902030724,0.4371,0.2384,0.2185,0.106,1,"Central high-volume hotspots"
"Enfield 029B",150,51.6183605121212,-0.107417982070707,0.4,0.2667,0.1933,0.14,1,"Central high-volume hotspots"
"Brent 025D",150,51.5465143383844,-0.251221754820226,0.1867,0.2533,0.3867,0.1733,1,"Central high-volume hotspots"
"Enfield 014A",150,51.6537205175099,-0.0315786857142857,0.3733,0.3267,0.24,0.06,1,"Central high-volume hotspots"
"Croydon 024D",150,51.3704164910433,-0.105864205469482,0.1467,0.2733,0.4,0.18,1,"Central high-volume hotspots"
"Barking and Dagenham 014D",150,51.5400248667087,0.158225336263428,0.16,0.4533,0.2867,0.1,1,"Central high-volume hotspots"
"Hounslow 013E",150,51.4674214954292,-0.398805759582598,0.22,0.3933,0.28,0.1067,1,"Central high-volume hotspots"
"Hackney 017D",150,51.545781398,-0.0570065737777778,0.4133,0.2533,0.2267,0.1067,1,"Central high-volume hotspots"
"Croydon 008D",150,51.3962638771122,-0.071546992233646,0.1733,0.36,0.3733,0.0933,1,"Central high-volume hotspots"
"Haringey 024D",149,51.5827197038911,-0.0776008377225114,0.302,0.2685,0.3691,0.0604,1,"Central high-volume hotspots"
"Bromley 009B",149,51.4063745393903,-0.0669978463311688,0.2081,0.2886,0.3289,0.1745,1,"Central high-volume hotspots"
"Lewisham 001C",149,51.4885213152116,-0.0428946621315193,0.4027,0.2953,0.2215,0.0805,1,"Central high-volume hotspots"
"Newham 004D",149,51.5513443829381,0.0488491991713674,0.2483,0.4161,0.2349,0.1007,1,"Central high-volume hotspots"
"Islington 011D",149,51.5535307384335,-0.115005135688264,0.4362,0.2349,0.2819,0.047,1,"Central high-volume hotspots"
"Newham 022B",149,51.5320466067802,0.0263074797208539,0.2953,0.3826,0.2617,0.0604,1,"Central high-volume hotspots"
"Haringey 014D",149,51.592463057266,-0.143088907532841,0.5705,0.2617,0.0872,0.0805,1,"Central high-volume hotspots"
"Hillingdon 020C",149,51.527090291978,-0.38866650029304,0.396,0.2081,0.2148,0.1812,1,"Central high-volume hotspots"
"Wandsworth 039B",149,51.4762588801768,-0.147069159722222,0.4765,0.1879,0.2617,0.0738,1,"Central high-volume hotspots"
"Waltham Forest 010B",149,51.592928084596,-0.00681047853535353,0.3624,0.3154,0.1879,0.1342,1,"Central high-volume hotspots"
"Waltham Forest 024B",149,51.5602876126344,0.0108345195084485,0.2953,0.2752,0.2819,0.1477,1,"Central high-volume hotspots"
"Brent 019E",148,51.5540738227976,-0.301055075978836,0.223,0.3176,0.3311,0.1284,1,"Central high-volume hotspots"
"Barnet 015C",148,51.6130175877049,-0.144875534153005,0.5,0.2635,0.1622,0.0743,1,"Central high-volume hotspots"
"Lambeth 010B",148,51.4708795525424,-0.121850436393597,0.3784,0.2568,0.2568,0.1081,1,"Central high-volume hotspots"
"Kingston upon Thames 009A",148,51.4023720054167,-0.30454196625,0.3446,0.3041,0.2162,0.1351,1,"Central high-volume hotspots"
"Sutton 019C",148,51.3560812816975,-0.12726567206821,0.1689,0.4595,0.2568,0.1149,1,"Central high-volume hotspots"
"Westminster 009F",148,51.5241059815029,-0.174295303479237,0.3851,0.2432,0.3108,0.0608,1,"Central high-volume hotspots"
"Brent 034C",147,51.5335960094933,-0.200623799114774,0.2925,0.3537,0.3061,0.0476,1,"Central high-volume hotspots"
"Ealing 034D",147,51.505306214406,-0.255468706661857,0.3469,0.3333,0.1905,0.1293,1,"Central high-volume hotspots"
"Enfield 006D",147,51.6666782071722,-0.0466366413874192,0.3333,0.3197,0.2517,0.0952,1,"Central high-volume hotspots"
"Croydon 036A",147,51.3407189830862,-0.0126430392965368,0.2585,0.3265,0.3265,0.0884,1,"Central high-volume hotspots"
"Bromley 013E",147,51.4113737282828,-0.0448656512626263,0.5102,0.2381,0.1769,0.0748,1,"Central high-volume hotspots"
"Camden 029H",147,51.5247083933333,-0.124364469037037,0.5442,0.2041,0.1973,0.0544,1,"Central high-volume hotspots"
"Hounslow 010B",147,51.4762431502839,-0.389060576840659,0.2041,0.3129,0.381,0.102,1,"Central high-volume hotspots"
"Islington 016C",147,51.5436790532434,-0.0921012859138258,0.4218,0.3129,0.1973,0.068,1,"Central high-volume hotspots"
"Islington 016D",147,51.5431715240443,-0.104059932768362,0.5578,0.2585,0.1088,0.0748,1,"Central high-volume hotspots"
"Lambeth 015B",147,51.4656691665977,-0.118698164078675,0.4762,0.2925,0.1837,0.0476,1,"Central high-volume hotspots"
"Redbridge 034F",147,51.5634006100105,0.111901167183288,0.2313,0.3741,0.3469,0.0476,1,"Central high-volume hotspots"
"Southwark 024B",147,51.4724697675926,-0.0803666148569024,0.3265,0.2721,0.2925,0.1088,1,"Central high-volume hotspots"
"Southwark 002D",147,51.5061360214912,-0.095265460839599,0.5986,0.1701,0.1769,0.0544,1,"Central high-volume hotspots"
"Barking and Dagenham 010B",146,51.5453617194444,0.164043986363636,0.3425,0.3288,0.2123,0.1164,1,"Central high-volume hotspots"
"Brent 014B",146,51.5616068541026,-0.25069274974359,0.2877,0.3082,0.2671,0.137,1,"Central high-volume hotspots"
"Ealing 019G",146,51.5121039609631,-0.315211786965295,0.3014,0.2329,0.3973,0.0685,1,"Central high-volume hotspots"
"Harrow 006C",146,51.608250033378,-0.368522715041572,0.5068,0.1644,0.2329,0.0959,1,"Central high-volume hotspots"
"Barnet 034C",146,51.5799915828571,-0.224110632857143,0.2671,0.3767,0.1986,0.1575,1,"Central high-volume hotspots"
"Hammersmith and Fulham 020C",146,51.4753291670263,-0.197841927145337,0.4932,0.226,0.1438,0.137,1,"Central high-volume hotspots"
"Greenwich 006E",146,51.4858320743747,0.0968210539442039,0.2192,0.3699,0.2808,0.1301,1,"Central high-volume hotspots"
"Hackney 022A",146,51.537458652534,-0.0450170745748299,0.3356,0.3356,0.2192,0.1096,1,"Central high-volume hotspots"
"Kensington and Chelsea 011D",146,51.4980392736481,-0.198452728712672,0.3973,0.3219,0.2534,0.0274,1,"Central high-volume hotspots"
"Merton 005G",146,51.414491686832,-0.179007678703704,0.4795,0.1918,0.2466,0.0822,1,"Central high-volume hotspots"
"Southwark 034E",146,51.4991588222701,-0.106256661933995,0.3973,0.2329,0.2808,0.089,1,"Central high-volume hotspots"
"Wandsworth 005C",146,51.4658945394353,-0.153977140333073,0.2671,0.3219,0.3014,0.1096,1,"Central high-volume hotspots"
"Wandsworth 007B",146,51.4649747799587,-0.175872984399604,0.2055,0.3014,0.4041,0.089,1,"Central high-volume hotspots"
"Westminster 008B",146,51.5222049289308,-0.158608379694519,0.6301,0.1438,0.1849,0.0411,1,"Central high-volume hotspots"
"Brent 009G",145,51.5636702057415,-0.271416562898213,0.1655,0.2897,0.3586,0.1862,1,"Central high-volume hotspots"
"Havering 007F",145,51.5929921474138,0.219626578735632,0.5103,0.1724,0.2345,0.0828,1,"Central high-volume hotspots"
"Enfield 018D",145,51.6413538117394,-0.0439781386904762,0.3724,0.3034,0.1448,0.1793,1,"Central high-volume hotspots"
"Islington 008B",145,51.5604236189011,-0.126054253846154,0.3172,0.1448,0.3448,0.1931,1,"Central high-volume hotspots"
"Lambeth 014B",145,51.4637743876712,-0.100756690639269,0.4759,0.2966,0.1379,0.0897,1,"Central high-volume hotspots"
"Richmond upon Thames 021C",145,51.4259128195513,-0.338527236858974,0.5172,0.2345,0.1655,0.0828,1,"Central high-volume hotspots"
"Newham 020E",145,51.5375742143799,0.00889485025558246,0.2138,0.3034,0.2828,0.2,1,"Central high-volume hotspots"
"Kensington and Chelsea 021D",145,51.4808685746377,-0.182656562882448,0.4138,0.2276,0.2483,0.1103,1,"Central high-volume hotspots"
"Hackney 010F",145,51.5541482441684,-0.0550503349486162,0.3241,0.2759,0.3172,0.0828,1,"Central high-volume hotspots"
"Bexley 027D",144,51.4209980552193,0.100313148027417,0.2431,0.4444,0.1806,0.1319,1,"Central high-volume hotspots"
"Bromley 030B",144,51.3769927186935,-0.018230014957265,0.5,0.2431,0.1736,0.0833,1,"Central high-volume hotspots"
"Brent 003F",144,51.5861262891584,-0.279077678781513,0.3819,0.2569,0.2917,0.0694,1,"Central high-volume hotspots"
"Ealing 044B",144,51.4972108221232,-0.387747892812875,0.1597,0.2153,0.4861,0.1389,1,"Central high-volume hotspots"
"Hounslow 016D",144,51.4725463930589,-0.388655117433414,0.2708,0.3472,0.2986,0.0833,1,"Central high-volume hotspots"
"Newham 035B",144,51.5091990419271,0.0621064988715278,0.3264,0.3194,0.2292,0.125,1,"Central high-volume hotspots"
"Hammersmith and Fulham 023G",144,51.4759468789801,-0.18431929539801,0.4028,0.2986,0.1875,0.1111,1,"Central high-volume hotspots"
"Lambeth 028D",144,51.4362944056841,-0.104101118259557,0.3889,0.2153,0.2847,0.1111,1,"Central high-volume hotspots"
"Tower Hamlets 012E",144,51.5258460631868,-0.0259455953296703,0.1667,0.5208,0.2361,0.0764,1,"Central high-volume hotspots"
"Bexley 001A",143,51.4970525381313,0.131165136919192,0.2238,0.4056,0.2378,0.1329,1,"Central high-volume hotspots"
"Ealing 011A",143,51.5360720505259,-0.284865689466089,0.4126,0.2517,0.2517,0.0839,1,"Central high-volume hotspots"
"Camden 012D",143,51.5463068772834,-0.151475388758782,0.2448,0.2448,0.3776,0.1329,1,"Central high-volume hotspots"
"Islington 015E",143,51.5481775452242,-0.125066161403509,0.2308,0.4056,0.2517,0.1119,1,"Central high-volume hotspots"
"Tower Hamlets 036D",143,51.4953758218254,-0.0124817567460317,0.3287,0.3287,0.1958,0.1469,1,"Central high-volume hotspots"
"Camden 012C",143,51.5442488391969,-0.149275879175551,0.3427,0.3217,0.2657,0.0699,1,"Central high-volume hotspots"
"Greenwich 005A",143,51.4893753486111,0.0569668672222222,0.3287,0.3427,0.1958,0.1329,1,"Central high-volume hotspots"
"Newham 021C",143,51.533990884726,0.0137537474056604,0.1958,0.2867,0.4406,0.0769,1,"Central high-volume hotspots"
"Lewisham 034B",143,51.426956694347,-0.0354163826023392,0.3357,0.2937,0.2657,0.1049,1,"Central high-volume hotspots"
"Southwark 021D",143,51.4719334300955,-0.094210729094778,0.3147,0.3217,0.2727,0.0909,1,"Central high-volume hotspots"
"Newham 016B",143,51.5363710767196,0.0232196414462081,0.3147,0.4056,0.2308,0.049,1,"Central high-volume hotspots"
"Tower Hamlets 013B",143,51.5223595670635,-0.0566262130952381,0.2378,0.2448,0.3986,0.1189,1,"Central high-volume hotspots"
"Barking and Dagenham 006B",142,51.55796233414,0.152057823822534,0.3099,0.3944,0.1831,0.1127,1,"Central high-volume hotspots"
"Barnet 043E",142,51.5901042441856,-0.245877246859903,0.3451,0.2183,0.3944,0.0423,1,"Central high-volume hotspots"
"Greenwich 040E",142,51.4861277529478,0.00139873460569413,0.2676,0.3944,0.2394,0.0986,1,"Central high-volume hotspots"
"Croydon 003C",142,51.408429665,-0.1208609775,0.2746,0.4296,0.1901,0.1056,1,"Central high-volume hotspots"
"Ealing 015F",142,51.5227911080128,-0.259393982967033,0.3451,0.2958,0.2958,0.0634,1,"Central high-volume hotspots"
"Bromley 009D",142,51.4130960003419,-0.0548232211111111,0.2817,0.2535,0.3028,0.162,1,"Central high-volume hotspots"
"Lewisham 029E",142,51.4307375569813,-0.0273692760755584,0.2042,0.3451,0.2676,0.1831,1,"Central high-volume hotspots"
"Harrow 020C",142,51.5925510224712,-0.343215845035792,0.331,0.2183,0.3592,0.0915,1,"Central high-volume hotspots"
"Lewisham 035B",142,51.4252857565578,-0.0489356003985164,0.2183,0.3732,0.2465,0.162,1,"Central high-volume hotspots"
"Islington 008D",142,51.5561359275862,-0.134571445833333,0.3592,0.2394,0.2887,0.1127,1,"Central high-volume hotspots"
"Lewisham 017A",142,51.4520328805621,-0.0075121860525631,0.2465,0.3592,0.2817,0.1127,1,"Central high-volume hotspots"
"Lambeth 028C",142,51.4306083322529,-0.104657254697703,0.2254,0.331,0.331,0.1127,1,"Central high-volume hotspots"
"Hammersmith and Fulham 001F",141,51.5172357623016,-0.228045726071429,0.2837,0.305,0.3121,0.0993,1,"Central high-volume hotspots"
"Enfield 032C",141,51.6153772595987,-0.138739413828991,0.305,0.2482,0.2979,0.1489,1,"Central high-volume hotspots"
"Greenwich 005F",141,51.4904062780556,0.0489081972222222,0.2411,0.3191,0.2837,0.156,1,"Central high-volume hotspots"
"Hillingdon 030C",141,51.5000424693989,-0.424898315768931,0.4043,0.3191,0.2057,0.0709,1,"Central high-volume hotspots"
"Hillingdon 024B",141,51.522735086147,-0.43162555605473,0.2482,0.2908,0.383,0.078,1,"Central high-volume hotspots"
"Lambeth 034C",141,51.4197284284864,-0.124614327465986,0.5106,0.305,0.0851,0.0993,1,"Central high-volume hotspots"
"Southwark 010D",141,51.4917390136719,-0.0630473063802083,0.3617,0.2979,0.2411,0.0993,1,"Central high-volume hotspots"
"Tower Hamlets 001B",141,51.5374364256746,-0.0291711831349206,0.3475,0.3404,0.1915,0.1206,1,"Central high-volume hotspots"
"Westminster 023D",141,51.4869136230101,-0.143515766838384,0.2057,0.2624,0.4539,0.078,1,"Central high-volume hotspots"
"Barking and Dagenham 001A",140,51.5873105628708,0.139403668363499,0.2,0.3929,0.2429,0.1643,1,"Central high-volume hotspots"
"Bexley 005C",140,51.4839375329639,0.163103052360427,0.2214,0.35,0.1357,0.2929,1,"Central high-volume hotspots"
"Harrow 007A",140,51.6076413560304,-0.277731303649493,0.3786,0.2857,0.1929,0.1429,1,"Central high-volume hotspots"
"Lewisham 038D",140,51.4240801829424,-0.00444677814498934,0.4214,0.3214,0.15,0.1071,1,"Central high-volume hotspots"
"Hillingdon 022D",140,51.5234984366883,-0.483259616436688,0.1429,0.1929,0.4357,0.2286,1,"Central high-volume hotspots"
"Hammersmith and Fulham 017E",140,51.4846350348244,-0.201390326202501,0.2929,0.2643,0.3357,0.1071,1,"Central high-volume hotspots"
"Redbridge 029D",140,51.5647969313492,0.0649805019444444,0.2429,0.4214,0.2286,0.1071,1,"Central high-volume hotspots"
"Waltham Forest 013A",140,51.5886374352757,-0.0108124051517683,0.2,0.25,0.35,0.2,1,"Central high-volume hotspots"
"Waltham Forest 016E",140,51.581900425947,-0.0202965629377104,0.3286,0.2286,0.3571,0.0857,1,"Central high-volume hotspots"
"Hammersmith and Fulham 002C",139,51.5133295706349,-0.233546570899471,0.0791,0.3813,0.4245,0.1151,1,"Central high-volume hotspots"
"Camden 001D",139,51.5569125416667,-0.149078085906863,0.4245,0.2374,0.2086,0.1295,1,"Central high-volume hotspots"
"Hounslow 013B",139,51.4803029068149,-0.412414975285321,0.2158,0.4676,0.2302,0.0863,1,"Central high-volume hotspots"
"Hounslow 014D",139,51.4788189363095,-0.324369133356227,0.2446,0.2734,0.4101,0.0719,1,"Central high-volume hotspots"
"Islington 022G",139,51.5241577642857,-0.10106988633157,0.5396,0.2518,0.1367,0.0719,1,"Central high-volume hotspots"
"Hillingdon 015A",139,51.5345641995494,-0.471096965092817,0.2878,0.1439,0.3741,0.1942,1,"Central high-volume hotspots"
"Westminster 015B",139,51.5135427333333,-0.171630748051948,0.6475,0.1655,0.1151,0.0719,1,"Central high-volume hotspots"
"Hackney 020C",138,51.5444003286508,-0.0587768329761905,0.4058,0.2319,0.2899,0.0725,1,"Central high-volume hotspots"
"Hackney 032A",138,51.5316971957711,-0.0813578864250178,0.3551,0.2246,0.2536,0.1667,1,"Central high-volume hotspots"
"Camden 005B",138,51.5531226252933,-0.209622552415459,0.4058,0.3261,0.1957,0.0725,1,"Central high-volume hotspots"
"Newham 039B",138,51.5497373458525,-0.0048384856374808,0.3406,0.3333,0.1957,0.1304,1,"Central high-volume hotspots"
"Brent 012D",138,51.5634519635756,-0.283211226796157,0.3986,0.2464,0.2101,0.1449,1,"Central high-volume hotspots"
"Lewisham 002A",138,51.4829641437158,-0.0366842633879781,0.3551,0.3478,0.1522,0.1449,1,"Central high-volume hotspots"
"Enfield 025B",138,51.6273406538056,-0.0561044853239656,0.2319,0.3841,0.2029,0.1812,1,"Central high-volume hotspots"
"Newham 040D",138,51.5319612091954,-0.00478169302134647,0.3478,0.3116,0.2391,0.1014,1,"Central high-volume hotspots"
"Wandsworth 008B",138,51.4667630986794,-0.170480503460838,0.2246,0.3478,0.3261,0.1014,1,"Central high-volume hotspots"
"Islington 007C",138,51.5608906054413,-0.120908241200096,0.3478,0.1884,0.3913,0.0725,1,"Central high-volume hotspots"
"Tower Hamlets 003E",138,51.5326881655788,-0.0394125081280788,0.3986,0.2899,0.2246,0.087,1,"Central high-volume hotspots"
"Waltham Forest 026A",138,51.5550055719866,-0.00574463162202381,0.2899,0.2826,0.2536,0.1739,1,"Central high-volume hotspots"
"Brent 001F",137,51.5942991454233,-0.283331136666667,0.2701,0.2628,0.3285,0.1387,1,"Central high-volume hotspots"
"Ealing 032E",137,51.5104683209286,-0.3116053725,0.2628,0.3066,0.3869,0.0438,1,"Central high-volume hotspots"
"Barnet 032F",137,51.582704196918,-0.229902944034392,0.1898,0.3285,0.3577,0.1241,1,"Central high-volume hotspots"
"Enfield 012A",137,51.6548638031926,-0.0487389586319545,0.3285,0.2117,0.3942,0.0657,1,"Central high-volume hotspots"
"Croydon 022A",137,51.376597273545,-0.0896460920634921,0.3139,0.365,0.1971,0.1241,1,"Central high-volume hotspots"
"Enfield 017A",137,51.6487977140056,-0.0831541893907563,0.365,0.3066,0.2628,0.0657,1,"Central high-volume hotspots"
"Hounslow 018D",137,51.4634825313455,-0.364870222566801,0.2117,0.2993,0.3212,0.1679,1,"Central high-volume hotspots"
"Haringey 024A",137,51.5879719148693,-0.0808649712418301,0.292,0.2847,0.3139,0.1095,1,"Central high-volume hotspots"
"Havering 022B",137,51.5557808010837,0.232778031986532,0.3358,0.1679,0.438,0.0584,1,"Central high-volume hotspots"
"Merton 013A",137,51.4095068058401,-0.156653434201857,0.2263,0.4526,0.219,0.1022,1,"Central high-volume hotspots"
"Hounslow 024B",137,51.4502914359649,-0.40863913625731,0.2263,0.4015,0.292,0.0803,1,"Central high-volume hotspots"
"Haringey 020B",137,51.586931356627,-0.116620490912698,0.2774,0.3504,0.2847,0.0876,1,"Central high-volume hotspots"
"Redbridge 006G",137,51.6021492823129,0.0852549931972789,0.6058,0.2044,0.1606,0.0292,1,"Central high-volume hotspots"
"Southwark 014B",137,51.4894030039683,-0.101184195870536,0.1606,0.2409,0.4891,0.1095,1,"Central high-volume hotspots"
"Brent 033C",136,51.5313847874367,-0.226518828419453,0.25,0.3235,0.3162,0.1103,1,"Central high-volume hotspots"
"Greenwich 033A",136,51.4808655086057,0.102728963849984,0.3015,0.2206,0.3824,0.0956,1,"Central high-volume hotspots"
"Barking and Dagenham 022C",136,51.5249290725694,0.117093567708333,0.1838,0.5515,0.2132,0.0515,1,"Central high-volume hotspots"
"Kensington and Chelsea 007A",136,51.5151362975309,-0.204595684259259,0.4853,0.125,0.3309,0.0588,1,"Central high-volume hotspots"
"Lewisham 034D",136,51.4251619066716,-0.0205067765640274,0.2279,0.3897,0.1544,0.2279,1,"Central high-volume hotspots"
"Lambeth 027C",136,51.4396943731183,-0.108907405184332,0.4779,0.2574,0.1838,0.0809,1,"Central high-volume hotspots"
"Wandsworth 030B",136,51.4406880455935,-0.153547878642502,0.5368,0.2279,0.1765,0.0588,1,"Central high-volume hotspots"
"Hounslow 023B",136,51.4533784899315,-0.432381699595394,0.2059,0.3971,0.3456,0.0515,1,"Central high-volume hotspots"
"Tower Hamlets 005B",136,51.5328243241935,-0.062452177016129,0.3529,0.2868,0.2868,0.0735,1,"Central high-volume hotspots"
"Wandsworth 038E",136,51.4804340756568,-0.136030163546798,0.4412,0.2279,0.1544,0.1765,1,"Central high-volume hotspots"
"Bromley 028A",135,51.3825531795789,0.105185268513996,0.5556,0.1926,0.1556,0.0963,1,"Central high-volume hotspots"
"Ealing 026F",135,51.5100340242512,-0.389332579416283,0.4074,0.3333,0.1704,0.0889,1,"Central high-volume hotspots"
"Ealing 033B",135,51.5049513719363,-0.267010796816114,0.2,0.2296,0.4963,0.0741,1,"Central high-volume hotspots"
"Bromley 005C",135,51.4164013636563,-0.064743965530925,0.163,0.3333,0.3259,0.1778,1,"Central high-volume hotspots"
"Greenwich 019A",135,51.4730741107584,0.0464613037037037,0.3185,0.4,0.163,0.1185,1,"Central high-volume hotspots"
"Hounslow 015C",135,51.4678165883333,-0.356982014047619,0.2444,0.3259,0.2444,0.1852,1,"Central high-volume hotspots"
"Islington 016F",135,51.5397143864439,-0.0992887377880184,0.3259,0.3481,0.2,0.1259,1,"Central high-volume hotspots"
"Barnet 036D",135,51.5781454546044,-0.243554049738687,0.1556,0.2741,0.4667,0.1037,1,"Central high-volume hotspots"
"Bromley 023A",135,51.3901577335931,0.108484963463203,0.3852,0.2593,0.2296,0.1259,1,"Central high-volume hotspots"
"Greenwich 042A",135,51.4928288447012,0.0562355095938375,0.1852,0.3852,0.2741,0.1556,1,"Central high-volume hotspots"
"Newham 025E",135,51.5308157421631,0.0394246413660414,0.4444,0.2444,0.237,0.0741,1,"Central high-volume hotspots"
"Tower Hamlets 026F",135,51.5098264187278,-0.0689787780859352,0.437,0.1111,0.3556,0.0963,1,"Central high-volume hotspots"
"Tower Hamlets 008G",135,51.5246112828125,-0.0133138971354167,0.3333,0.3778,0.2222,0.0667,1,"Central high-volume hotspots"
"Croydon 011C",134,51.3921968613583,-0.117733935128806,0.2388,0.2985,0.3209,0.1418,1,"Central high-volume hotspots"
"Kensington and Chelsea 006B",134,51.5101429696517,-0.199913209577114,0.5373,0.1866,0.2015,0.0746,1,"Central high-volume hotspots"
"Newham 029B",134,51.5233589358814,0.0437184025480368,0.1716,0.4776,0.2164,0.1343,1,"Central high-volume hotspots"
"Lambeth 027A",134,51.4351983650505,-0.106734276111111,0.2388,0.3134,0.3806,0.0672,1,"Central high-volume hotspots"
"Harrow 025B",134,51.5764228322222,-0.371863132777778,0.5522,0.2164,0.194,0.0373,1,"Central high-volume hotspots"
"Wandsworth 001C",134,51.4787470396322,-0.16665312285339,0.3731,0.1119,0.1493,0.3657,1,"Central high-volume hotspots"
"Waltham Forest 014C",134,51.5934331571078,-0.0392147968137255,0.3881,0.2612,0.2313,0.1194,1,"Central high-volume hotspots"
"Wandsworth 039A",134,51.4779349802427,-0.139797537156593,0.3657,0.3209,0.2761,0.0373,1,"Central high-volume hotspots"
"Waltham Forest 011A",134,51.5941572776995,-0.0132947163536776,0.403,0.2015,0.1791,0.2164,1,"Central high-volume hotspots"
"Westminster 004E",134,51.5299440617989,-0.20627204712522,0.1418,0.3284,0.4104,0.1194,1,"Central high-volume hotspots"
"Sutton 002A",134,51.3832085686508,-0.186760285868607,0.1642,0.3358,0.2985,0.2015,1,"Central high-volume hotspots"
"Westminster 019D",134,51.4988274467634,-0.150166659933036,0.4627,0.2463,0.1567,0.1343,1,"Central high-volume hotspots"
"Ealing 030A",133,51.5098741084686,-0.338332790069304,0.2331,0.2256,0.4586,0.0827,1,"Central high-volume hotspots"
"Bexley 002A",133,51.494015896732,0.124151748366013,0.3684,0.3008,0.2256,0.1053,1,"Central high-volume hotspots"
"Hackney 028A",133,51.5625671024155,-0.0563480853864734,0.3083,0.3083,0.2857,0.0977,1,"Central high-volume hotspots"
"Hackney 030C",133,51.5450990201997,-0.0790870043394777,0.3759,0.1805,0.2481,0.1955,1,"Central high-volume hotspots"
"Brent 036B",133,51.5526928953526,-0.282892789700664,0.3534,0.2256,0.2406,0.1805,1,"Central high-volume hotspots"
"Hounslow 018G",133,51.466393292471,-0.360443379450879,0.3233,0.3233,0.2632,0.0902,1,"Central high-volume hotspots"
"Lewisham 018B",133,51.4439898654304,-0.0100610820054945,0.2932,0.3308,0.3158,0.0602,1,"Central high-volume hotspots"
"Hackney 003E",133,51.5717224272222,-0.0823513938888889,0.2331,0.3684,0.3308,0.0677,1,"Central high-volume hotspots"
"Kensington and Chelsea 008D",133,51.5082623585217,-0.195193261487759,0.4962,0.1955,0.2556,0.0526,1,"Central high-volume hotspots"
"Kensington and Chelsea 009C",133,51.4981078241815,-0.207311596428571,0.2632,0.3158,0.3008,0.1203,1,"Central high-volume hotspots"
"Lewisham 025C",133,51.4384363617965,-0.0185820789321789,0.3383,0.2632,0.2932,0.1053,1,"Central high-volume hotspots"
"Wandsworth 023A",133,51.4502811900468,-0.242954037822014,0.2406,0.3609,0.2556,0.1429,1,"Central high-volume hotspots"
"Hounslow 022C",133,51.4506493831731,-0.41742957409188,0.188,0.4211,0.3008,0.0902,1,"Central high-volume hotspots"
"Southwark 019B",133,51.4775144069339,-0.0780633382706374,0.2406,0.2556,0.391,0.1128,1,"Central high-volume hotspots"
"Bromley 019E",132,51.4025392452381,0.12159863042328,0.3636,0.2727,0.2348,0.1288,1,"Central high-volume hotspots"
"Barking and Dagenham 002B",132,51.5736210459967,0.134847710539216,0.3636,0.3485,0.1894,0.0985,1,"Central high-volume hotspots"
"Camden 029F",132,51.5262923156385,-0.126349947391002,0.4773,0.2045,0.25,0.0682,1,"Central high-volume hotspots"
"Ealing 004D",132,51.5455853950916,-0.371984694578755,0.3712,0.2273,0.25,0.1515,1,"Central high-volume hotspots"
"Havering 012D",132,51.580734315678,0.206051953672316,0.447,0.2727,0.2121,0.0682,1,"Central high-volume hotspots"
"Hillingdon 027J",132,51.5054899710035,-0.428469464805792,0.2955,0.2955,0.3182,0.0909,1,"Central high-volume hotspots"
"Lambeth 026E",132,51.4363468937135,-0.123579399988327,0.1818,0.2197,0.5455,0.053,1,"Central high-volume hotspots"
"Newham 014B",132,51.5398920495254,0.0350144029178338,0.3864,0.2879,0.2727,0.053,1,"Central high-volume hotspots"
"Haringey 009D",132,51.5956879246473,-0.132611102954145,0.5076,0.25,0.1439,0.0985,1,"Central high-volume hotspots"
"Redbridge 014E",132,51.5775877852778,0.0232329529365079,0.3182,0.2273,0.3409,0.1136,1,"Central high-volume hotspots"
"Redbridge 029C",132,51.560761845977,0.0655509204022988,0.0379,0.2045,0.6818,0.0758,1,"Central high-volume hotspots"
"Richmond upon Thames 005B",132,51.4656022815134,-0.267744820210728,0.4848,0.197,0.2197,0.0985,1,"Central high-volume hotspots"
"Southwark 030A",132,51.4582007862626,-0.0757001978535354,0.5682,0.1667,0.1591,0.1061,1,"Central high-volume hotspots"
"Westminster 015C",132,51.5168253785311,-0.167916639830508,0.3636,0.1742,0.2803,0.1818,1,"Central high-volume hotspots"
"Newham 006C",132,51.5477844319692,0.00990072328869047,0.3106,0.303,0.3106,0.0758,1,"Central high-volume hotspots"
"Tower Hamlets 014C",132,51.5190129037736,-0.0282610089098533,0.2803,0.3485,0.2576,0.1136,1,"Central high-volume hotspots"
"Westminster 012D",132,51.5205829542373,-0.160168461299435,0.5682,0.1515,0.1894,0.0909,1,"Central high-volume hotspots"
"Barking and Dagenham 016E",131,51.5429994821204,0.0873048236522911,0.1527,0.3282,0.3053,0.2137,1,"Central high-volume hotspots"
"Barnet 005B",131,51.6473985639041,-0.184371629563492,0.542,0.2519,0.1221,0.084,1,"Central high-volume hotspots"
"Bromley 005F",131,51.4184161929825,-0.0724107440685046,0.2519,0.3435,0.2901,0.1145,1,"Central high-volume hotspots"
"Ealing 007A",131,51.5381167857843,-0.324011135130719,0.3359,0.1908,0.3664,0.1069,1,"Central high-volume hotspots"
"Barking and Dagenham 011D",131,51.5459747828125,0.0939904848484849,0.374,0.2366,0.2443,0.145,1,"Central high-volume hotspots"
"Islington 019D",131,51.5367441041771,-0.118595959955444,0.2824,0.2672,0.3435,0.1069,1,"Central high-volume hotspots"
"Havering 026B",131,51.5500069393082,0.198690150943396,0.5573,0.2061,0.1832,0.0534,1,"Central high-volume hotspots"
"Merton 013C",131,51.4046833735699,-0.162004142677448,0.1603,0.3969,0.3511,0.0916,1,"Central high-volume hotspots"
"Hounslow 026D",131,51.4401563247329,-0.386181326709402,0.2595,0.3588,0.2595,0.1221,1,"Central high-volume hotspots"
"Newham 017D",131,51.5389659902282,0.0260447633680556,0.2366,0.4733,0.1679,0.1221,1,"Central high-volume hotspots"
"Newham 019A",131,51.5324267246292,0.0425499663153786,0.3588,0.3282,0.1985,0.1145,1,"Central high-volume hotspots"
"Southwark 022H",131,51.4752523084199,-0.0631500766666667,0.2672,0.3435,0.2443,0.145,1,"Central high-volume hotspots"
"Southwark 004E",131,51.4988768816458,-0.0706414373376623,0.3053,0.2366,0.3817,0.0763,1,"Central high-volume hotspots"
"Brent 015A",130,51.5586397507952,-0.219636777305665,0.1385,0.2,0.5154,0.1462,1,"Central high-volume hotspots"
"Ealing 025D",130,51.5080044850309,-0.265756987654321,0.3154,0.1923,0.3231,0.1692,1,"Central high-volume hotspots"
"Enfield 005B",130,51.6619499496603,-0.0602732687730968,0.1846,0.2,0.5077,0.1077,1,"Central high-volume hotspots"
"Enfield 005C",130,51.6654415800207,-0.0612889080227743,0.2231,0.3385,0.3538,0.0846,1,"Central high-volume hotspots"
"Croydon 020D",130,51.3834296295597,-0.0973284942497754,0.1769,0.3769,0.2615,0.1846,1,"Central high-volume hotspots"
"Hackney 025F",130,51.5335848538462,-0.0752097730769231,0.3923,0.3538,0.1308,0.1231,1,"Central high-volume hotspots"
"Brent 029B",130,51.5439975367003,-0.295956291161616,0.3615,0.3308,0.2538,0.0538,1,"Central high-volume hotspots"
"Islington 022H",130,51.5232573432239,-0.0979778196548822,0.6231,0.1615,0.1615,0.0538,1,"Central high-volume hotspots"
"Kensington and Chelsea 003B",130,51.5144806510929,-0.21985341147541,0.2692,0.3231,0.3,0.1077,1,"Central high-volume hotspots"
"Lambeth 021A",130,51.4532828190236,-0.125088230078563,0.1846,0.4615,0.1538,0.2,1,"Central high-volume hotspots"
"Lambeth 034D",130,51.4188504490989,-0.12977066677193,0.2769,0.1769,0.4692,0.0769,1,"Central high-volume hotspots"
"Kingston upon Thames 004G",130,51.4150634964149,-0.301503855665025,0.2538,0.4077,0.2385,0.1,1,"Central high-volume hotspots"
"Waltham Forest 020A",130,51.5763354550742,-0.0105463662243039,0.2,0.3385,0.2846,0.1769,1,"Central high-volume hotspots"
"Southwark 023B",130,51.4765909974206,-0.0547625853174603,0.3231,0.3846,0.1846,0.1077,1,"Central high-volume hotspots"
"Sutton 019D",130,51.3539750297619,-0.13345874702381,0.5077,0.1769,0.2,0.1154,1,"Central high-volume hotspots"
"Wandsworth 008A",130,51.4696023484754,-0.169519193776107,0.3385,0.2308,0.2923,0.1385,1,"Central high-volume hotspots"
"Tower Hamlets 006C",130,51.5259937088183,-0.0721028467372134,0.2692,0.2385,0.3154,0.1769,1,"Central high-volume hotspots"
"Wandsworth 003B",130,51.4720290549435,-0.163160612288136,0.3462,0.2692,0.2923,0.0923,1,"Central high-volume hotspots"
"Westminster 005F",130,51.5323346497537,-0.205635656568145,0.2769,0.3923,0.2154,0.1154,1,"Central high-volume hotspots"
"Westminster 015A",130,51.5136415132768,-0.163938389265537,0.4308,0.2231,0.1846,0.1615,1,"Central high-volume hotspots"
"Hackney 032C",129,51.5288442867725,-0.0865998797089947,0.4961,0.2403,0.2403,0.0233,1,"Central high-volume hotspots"
"Enfield 025E",129,51.6265223138007,-0.0502124209435626,0.3023,0.3721,0.155,0.1705,1,"Central high-volume hotspots"
"Croydon 015E",129,51.3878449881579,-0.111668594736842,0.2326,0.4264,0.2558,0.0853,1,"Central high-volume hotspots"
"Lewisham 031B",129,51.430054776776,0.0264219036885246,0.2791,0.3256,0.2326,0.1628,1,"Central high-volume hotspots"
"Lambeth 007E",129,51.474777684291,-0.108100664183615,0.186,0.2868,0.3876,0.1395,1,"Central high-volume hotspots"
"Newham 021B",129,51.5314891013227,0.0205853444444444,0.4186,0.3101,0.186,0.0853,1,"Central high-volume hotspots"
"Hillingdon 020B",129,51.5289621994253,-0.401693967528736,0.3178,0.3333,0.2171,0.1318,1,"Central high-volume hotspots"
"Southwark 023C",129,51.4732989545139,-0.0556862900297619,0.3023,0.3411,0.2326,0.124,1,"Central high-volume hotspots"
"Sutton 015C",129,51.3668145724394,-0.161653299887691,0.1938,0.3798,0.3333,0.093,1,"Central high-volume hotspots"
"Sutton 018A",129,51.3578483325595,-0.191603385813492,0.2558,0.3488,0.3023,0.093,1,"Central high-volume hotspots"
"Redbridge 002D",129,51.6107610648333,0.124321802761905,0.2791,0.3256,0.3023,0.093,1,"Central high-volume hotspots"
"Tower Hamlets 008E",129,51.5230346476058,-0.0171870377380952,0.2868,0.3178,0.2868,0.1085,1,"Central high-volume hotspots"
"Waltham Forest 014A",129,51.5843310430106,-0.038636501613538,0.3876,0.2481,0.3101,0.0543,1,"Central high-volume hotspots"
"Waltham Forest 015D",129,51.5813909097737,-0.00265179489964581,0.2481,0.2403,0.4264,0.0853,1,"Central high-volume hotspots"
"Westminster 007B",129,51.5231578800947,-0.180272259626216,0.3798,0.2558,0.2481,0.1163,1,"Central high-volume hotspots"
"Newham 001C",129,51.551893663933,0.0224214238536155,0.2326,0.2016,0.5116,0.0543,1,"Central high-volume hotspots"
"Bexley 003A",128,51.4822690861186,0.145220098337826,0.3359,0.3281,0.2578,0.0781,1,"Central high-volume hotspots"
"Croydon 013B",128,51.3865964296945,-0.0900868527852651,0.2109,0.4531,0.2344,0.1016,1,"Central high-volume hotspots"
"Hammersmith and Fulham 004C",128,51.5081105245763,-0.232163574576271,0.2812,0.2891,0.2344,0.1953,1,"Central high-volume hotspots"
"Bromley 009E",128,51.413088742776,-0.0619738835768398,0.3438,0.1641,0.3828,0.1094,1,"Central high-volume hotspots"
"Ealing 023C",128,51.5123261134627,-0.374055819290123,0.2266,0.3047,0.375,0.0938,1,"Central high-volume hotspots"
"Camden 006B",128,51.5541474200292,-0.163320590204678,0.3906,0.2109,0.3516,0.0469,1,"Central high-volume hotspots"
"Barnet 028E",128,51.592000891195,-0.193358916022761,0.2344,0.25,0.2969,0.2188,1,"Central high-volume hotspots"
"Hounslow 022E",128,51.4558975,-0.415089100389194,0.1797,0.3828,0.2812,0.1562,1,"Central high-volume hotspots"
"Islington 020C",128,51.5352968908848,-0.101459046830093,0.3828,0.1406,0.3828,0.0938,1,"Central high-volume hotspots"
"Kensington and Chelsea 007B",128,51.507785305641,-0.207488295128205,0.625,0.1172,0.2188,0.0391,1,"Central high-volume hotspots"
"Lambeth 002B",128,51.4901934160494,-0.106457322663139,0.3125,0.3281,0.1875,0.1719,1,"Central high-volume hotspots"
"Kensington and Chelsea 021A",128,51.4819623103927,-0.177936226915709,0.1797,0.4141,0.2734,0.1328,1,"Central high-volume hotspots"
"Redbridge 033A",128,51.5502158088678,0.079936479664723,0.2891,0.3438,0.2734,0.0938,1,"Central high-volume hotspots"
"Hillingdon 002D",128,51.6016560568697,-0.407501720368228,0.375,0.3047,0.0859,0.2344,1,"Central high-volume hotspots"
"Wandsworth 001A",128,51.4762441731718,-0.157494921088435,0.4062,0.2188,0.2656,0.1094,1,"Central high-volume hotspots"
"Wandsworth 006E",128,51.4658302657576,-0.216792876666667,0.4688,0.1797,0.2656,0.0859,1,"Central high-volume hotspots"
"Hounslow 030D",128,51.4957719506173,-0.295108805925926,0.5938,0.1719,0.1406,0.0938,1,"Central high-volume hotspots"
"Barking and Dagenham 008G",127,51.5515345875156,0.111785578417345,0.189,0.3622,0.3465,0.1024,1,"Central high-volume hotspots"
"Croydon 028A",127,51.3654392477183,-0.117213865079365,0.2598,0.252,0.3858,0.1024,1,"Central high-volume hotspots"
"City of London 001C",127,51.5220015058974,-0.0957921374358974,0.3701,0.0945,0.1102,0.4252,1,"Central high-volume hotspots"
"Bexley 002F",127,51.4972466217949,0.123494812179487,0.2913,0.2283,0.4016,0.0787,1,"Central high-volume hotspots"
"Croydon 019C",127,51.3854900654904,-0.112784462244898,0.189,0.3543,0.3307,0.126,1,"Central high-volume hotspots"
"Croydon 022C",127,51.3785284900045,-0.076863144212339,0.1654,0.3937,0.3071,0.1339,1,"Central high-volume hotspots"
"Barnet 035C",127,51.5857548168464,-0.197631807816712,0.378,0.252,0.3228,0.0472,1,"Central high-volume hotspots"
"Barnet 036B",127,51.5755690655738,-0.23747443715847,0.3622,0.252,0.2598,0.126,1,"Central high-volume hotspots"
"Hounslow 015E",127,51.4748062742938,-0.341369873634652,0.3228,0.2598,0.126,0.2913,1,"Central high-volume hotspots"
"Islington 019B",127,51.533815179849,-0.114859558717272,0.2362,0.1024,0.5748,0.0866,1,"Central high-volume hotspots"
"Haringey 026D",127,51.5853279657794,-0.0869208852261214,0.1811,0.378,0.378,0.063,1,"Central high-volume hotspots"
"Lambeth 003A",127,51.4859842827485,-0.114123134795322,0.2992,0.3386,0.2677,0.0945,1,"Central high-volume hotspots"
"Lewisham 003A",127,51.4838923356725,-0.0491597330409357,0.189,0.3701,0.3386,0.1024,1,"Central high-volume hotspots"
"Hillingdon 025A",127,51.5124088991667,-0.46364767697619,0.252,0.315,0.378,0.0551,1,"Central high-volume hotspots"
"Greenwich 002H",127,51.5045036115646,0.10146270170068,0.3937,0.315,0.2283,0.063,1,"Central high-volume hotspots"
"Greenwich 003B",127,51.4950550639827,0.108700407902838,0.2205,0.3937,0.2677,0.1181,1,"Central high-volume hotspots"
"Tower Hamlets 002F",127,51.5320006317708,-0.0559627364583333,0.2677,0.3543,0.2441,0.1339,1,"Central high-volume hotspots"
"Southwark 015B",127,51.4885002014881,-0.0794789289115646,0.378,0.3386,0.2047,0.0787,1,"Central high-volume hotspots"
"Wandsworth 018A",127,51.4492516722516,-0.189531387081129,0.378,0.2756,0.2598,0.0866,1,"Central high-volume hotspots"
"Westminster 009K",127,51.5234799003527,-0.171904746582892,0.1732,0.3228,0.4016,0.1024,1,"Central high-volume hotspots"
"Westminster 014A",127,51.515730785023,-0.196581870890937,0.4488,0.1496,0.3071,0.0945,1,"Central high-volume hotspots"
"Hounslow 031B",127,51.4883857143333,-0.298974708793651,0.1811,0.3071,0.378,0.1339,1,"Central high-volume hotspots"
"Ealing 033E",126,51.5011748050314,-0.275050152515723,0.2857,0.2857,0.3175,0.1111,1,"Central high-volume hotspots"
"Brent 011B",126,51.5674105641686,-0.234138079742389,0.4524,0.2222,0.2302,0.0952,1,"Central high-volume hotspots"
"Harrow 001A",126,51.6203109873261,-0.298727169808949,0.3968,0.1825,0.3333,0.0873,1,"Central high-volume hotspots"
"Camden 012A",126,51.5478114550839,-0.153032235504642,0.2698,0.3175,0.3571,0.0556,1,"Central high-volume hotspots"
"Brent 007E",126,51.5647949001701,-0.300777531413994,0.2143,0.4524,0.2222,0.1111,1,"Central high-volume hotspots"
"Greenwich 003C",126,51.494381106994,0.116881527742347,0.1905,0.2302,0.3016,0.2778,1,"Central high-volume hotspots"
"Hounslow 004C",126,51.4880881626984,-0.373885002645503,0.4762,0.2063,0.2302,0.0873,1,"Central high-volume hotspots"
"Newham 023D",126,51.5348702406606,0.0627149021774522,0.2063,0.246,0.4524,0.0952,1,"Central high-volume hotspots"
"Lewisham 019A",126,51.4492377916667,-0.043602595,0.619,0.127,0.1984,0.0556,1,"Central high-volume hotspots"
"Wandsworth 029D",126,51.4372140152305,-0.159930169765684,0.3889,0.2222,0.3175,0.0714,1,"Central high-volume hotspots"
"Southwark 021B",126,51.4779947574468,-0.0948617421985816,0.3095,0.246,0.3889,0.0556,1,"Central high-volume hotspots"
"Southwark 025E",126,51.4730179079877,-0.0766375273425499,0.3254,0.3254,0.2143,0.1349,1,"Central high-volume hotspots"
"Sutton 009B",126,51.3714444911122,-0.225077222367632,0.2302,0.254,0.4127,0.1032,1,"Central high-volume hotspots"
"Tower Hamlets 027A",126,51.5042704546784,-0.0588869639515455,0.4524,0.2143,0.2698,0.0635,1,"Central high-volume hotspots"
"Wandsworth 037A",126,51.4238612722222,-0.141255778070175,0.246,0.4524,0.1667,0.1349,1,"Central high-volume hotspots"
"Wandsworth 035B",126,51.4263679884804,-0.168385601470588,0.5952,0.1746,0.1587,0.0714,1,"Central high-volume hotspots"
"Hackney 010E",126,51.5577643408877,-0.0590451767783657,0.3016,0.2857,0.3016,0.1111,1,"Central high-volume hotspots"
"Bromley 015E",125,51.409117363172,-0.0562617021505376,0.432,0.208,0.208,0.152,1,"Central high-volume hotspots"
"Hackney 031B",125,51.54224483,-0.0824931758333333,0.504,0.176,0.192,0.128,1,"Central high-volume hotspots"
"Havering 006B",125,51.5961676930624,0.215833397413793,0.44,0.264,0.144,0.152,1,"Central high-volume hotspots"
"Havering 012E",125,51.5829196918687,0.213498034949495,0.28,0.216,0.408,0.096,1,"Central high-volume hotspots"
"Kensington and Chelsea 003A",125,51.5191010333333,-0.222945647575758,0.48,0.256,0.216,0.048,1,"Central high-volume hotspots"
"Havering 017B",125,51.5729399592014,0.16945656087963,0.2,0.424,0.264,0.112,1,"Central high-volume hotspots"
"Hackney 006B",125,51.5656970705645,-0.0715234133064516,0.328,0.264,0.36,0.048,1,"Central high-volume hotspots"
"Hackney 016F",125,51.5485070011016,-0.0628791557569296,0.392,0.344,0.192,0.072,1,"Central high-volume hotspots"
"Newham 028C",125,51.5288694086207,0.0362926402298851,0.328,0.304,0.192,0.176,1,"Central high-volume hotspots"
"Newham 033D",125,51.5136649613988,0.0655717964880952,0.112,0.68,0.112,0.096,1,"Central high-volume hotspots"
"Redbridge 022C",125,51.5708898853894,0.109884711084947,0.128,0.544,0.24,0.088,1,"Central high-volume hotspots"
"Hounslow 026E",125,51.4387181794872,-0.400589105448718,0.224,0.344,0.328,0.104,1,"Central high-volume hotspots"
"Tower Hamlets 001D",125,51.5322422117,-0.0285349072068612,0.232,0.352,0.296,0.12,1,"Central high-volume hotspots"
"Tower Hamlets 018A",125,51.514314219697,-0.00136794882056719,0.352,0.272,0.28,0.096,1,"Central high-volume hotspots"
"Westminster 009H",125,51.523573592037,-0.169821852222222,0.24,0.192,0.44,0.128,1,"Central high-volume hotspots"
"Westminster 016C",125,51.5118693657548,-0.179944410334346,0.416,0.08,0.32,0.184,1,"Central high-volume hotspots"
"Sutton 002D",125,51.3797754373103,-0.18301946122449,0.128,0.528,0.256,0.088,1,"Central high-volume hotspots"
"Southwark 015G",125,51.4857414204109,-0.0850562448156682,0.288,0.416,0.152,0.144,1,"Central high-volume hotspots"
"Brent 004A",124,51.5824405615385,-0.313358514102564,0.6694,0.1694,0.0806,0.0806,1,"Central high-volume hotspots"
"Ealing 026B",124,51.5099362696881,-0.38008524337232,0.3629,0.2661,0.2984,0.0726,1,"Central high-volume hotspots"
"Barnet 023A",124,51.5969271689893,-0.187207600163399,0.3065,0.1613,0.4839,0.0484,1,"Central high-volume hotspots"
"Ealing 001E",124,51.5547291484694,-0.345273039795918,0.2016,0.3871,0.2742,0.1371,1,"Central high-volume hotspots"
"Harrow 012E",124,51.5959955315118,-0.293841338888889,0.3387,0.2661,0.2661,0.129,1,"Central high-volume hotspots"
"Croydon 016C",124,51.3899736637427,-0.128020545614035,0.2903,0.3468,0.2339,0.129,1,"Central high-volume hotspots"
"Lambeth 002E",124,51.4929076960173,-0.117883404935065,0.3548,0.2903,0.2581,0.0968,1,"Central high-volume hotspots"
"Enfield 002D",124,51.6715951914565,-0.0491395403773763,0.2258,0.3065,0.379,0.0887,1,"Central high-volume hotspots"
"Lewisham 030D",124,51.4303604151587,-0.0152722043650794,0.2258,0.3952,0.25,0.129,1,"Central high-volume hotspots"
"Hackney 014A",124,51.5525607323708,-0.0816512936170213,0.1935,0.2823,0.4355,0.0887,1,"Central high-volume hotspots"
"Haringey 015A",124,51.5999205024387,-0.0558373171428571,0.2581,0.2823,0.2258,0.2339,1,"Central high-volume hotspots"
"Hillingdon 026A",124,51.51958331,-0.402937304722222,0.4355,0.2581,0.1452,0.1613,1,"Central high-volume hotspots"
"Tower Hamlets 008B",124,51.5269840266082,-0.0131012622807018,0.3226,0.2419,0.2903,0.1452,1,"Central high-volume hotspots"
"Tower Hamlets 018C",124,51.5196592460516,-0.0111539800306016,0.2984,0.3468,0.2177,0.1371,1,"Central high-volume hotspots"
"Tower Hamlets 024D",124,51.5095771666667,-0.0149029152813853,0.3226,0.2742,0.3387,0.0645,1,"Central high-volume hotspots"
"Waltham Forest 028B",124,51.5559998025424,0.00674783349475383,0.3468,0.3226,0.2016,0.129,1,"Central high-volume hotspots"
"Southwark 010C",124,51.4869827517979,-0.0649024668124393,0.2177,0.3065,0.3548,0.121,1,"Central high-volume hotspots"
"Bromley 032B",123,51.3758137628638,0.119418470353836,0.2358,0.439,0.2114,0.1138,1,"Central high-volume hotspots"
"Barnet 008D",123,51.6305677581871,-0.174243044444444,0.4878,0.2439,0.1382,0.1301,1,"Central high-volume hotspots"
"Enfield 012B",123,51.6497914495141,-0.0411134479591837,0.2439,0.3984,0.1463,0.2114,1,"Central high-volume hotspots"
"Haringey 027B",123,51.5809227673977,-0.0974949270467836,0.3171,0.2276,0.3171,0.1382,1,"Central high-volume hotspots"
"Hounslow 005B",123,51.4846728550764,-0.395248123427673,0.2276,0.3171,0.3008,0.1545,1,"Central high-volume hotspots"
"Islington 021D",123,51.5302270249433,-0.115030065381708,0.3496,0.3171,0.1382,0.1951,1,"Central high-volume hotspots"
"Hammersmith and Fulham 021B",123,51.4750881833333,-0.202929165027322,0.4309,0.1951,0.3171,0.0569,1,"Central high-volume hotspots"
"Kensington and Chelsea 015A",123,51.4943256435028,-0.202633935028249,0.3333,0.2602,0.252,0.1545,1,"Central high-volume hotspots"
"Redbridge 036F",123,51.5876589095745,0.0677747907801418,0.6423,0.2033,0.122,0.0325,1,"Central high-volume hotspots"
"Tower Hamlets 036E",123,51.4958009846939,-0.0150370611394558,0.3089,0.2114,0.3496,0.1301,1,"Central high-volume hotspots"
"Southwark 028A",123,51.4599096246154,-0.0765549582051282,0.561,0.1626,0.2114,0.065,1,"Central high-volume hotspots"
"Wandsworth 024D",123,51.4506315167697,-0.176133533632241,0.1138,0.4959,0.0976,0.2927,1,"Central high-volume hotspots"
"Greenwich 028D",122,51.4403980815603,0.0678281765957447,0.5902,0.1803,0.1803,0.0492,1,"Central high-volume hotspots"
"Hackney 025D",122,51.5341267911293,-0.0807791341383762,0.2377,0.2213,0.4344,0.1066,1,"Central high-volume hotspots"
"Hounslow 017A",122,51.4732273916667,-0.384078313978495,0.4262,0.3115,0.1721,0.0902,1,"Central high-volume hotspots"
"Enfield 027A",122,51.6248947701058,-0.0669984596769702,0.2377,0.3607,0.1885,0.2131,1,"Central high-volume hotspots"
"Hounslow 016E",122,51.4646880362626,-0.385384054444444,0.2213,0.3197,0.377,0.082,1,"Central high-volume hotspots"
"Croydon 014A",122,51.3841671713274,-0.0604820471210707,0.2295,0.418,0.2295,0.123,1,"Central high-volume hotspots"
"Bromley 009A",122,51.4107264911622,-0.0651459536723164,0.2541,0.3115,0.2951,0.1393,1,"Central high-volume hotspots"
"Hounslow 016C",122,51.4701230236166,-0.385371867731664,0.1557,0.3525,0.4016,0.0902,1,"Central high-volume hotspots"
"Richmond upon Thames 020B",122,51.4328344545855,-0.375057571869489,0.418,0.3115,0.1311,0.1393,1,"Central high-volume hotspots"
"Redbridge 038C",122,51.5698429994535,0.127352542349727,0.2459,0.3525,0.2295,0.1721,1,"Central high-volume hotspots"
"Southwark 012A",122,51.4926165182381,-0.0868037003809524,0.4098,0.2787,0.2131,0.0984,1,"Central high-volume hotspots"
"Newham 042G",122,51.5003558363795,0.027206318872549,0.459,0.2541,0.123,0.1639,1,"Central high-volume hotspots"
"Westminster 024G",122,51.486701337065,-0.135627247840354,0.2049,0.1721,0.5164,0.1066,1,"Central high-volume hotspots"
"Barnet 042C",121,51.596899,-0.24128,0.0909,0.4298,0.2562,0.2231,1,"Central high-volume hotspots"
"Ealing 033D",121,51.5017171188095,-0.270913548857143,0.3388,0.2479,0.3388,0.0744,1,"Central high-volume hotspots"
"Greenwich 009A",121,51.4898295619048,0.0760667680059524,0.1736,0.4132,0.2562,0.157,1,"Central high-volume hotspots"
"Bromley 014A",121,51.405172359127,0.10657769510582,0.2727,0.314,0.2397,0.1736,1,"Central high-volume hotspots"
"Enfield 002E",121,51.6805356571289,-0.0478012202868282,0.3223,0.2893,0.3058,0.0826,1,"Central high-volume hotspots"
"Enfield 004C",121,51.6782704548485,-0.0762264551515152,0.2727,0.2893,0.2975,0.1405,1,"Central high-volume hotspots"
"Camden 016E",121,51.5453118055556,-0.192254590362812,0.405,0.1074,0.3719,0.1157,1,"Central high-volume hotspots"
"Barking and Dagenham 019I",121,51.5214325960479,0.113294015840622,0.4298,0.281,0.1983,0.0909,1,"Central high-volume hotspots"
"Haringey 010D",121,51.5966792732601,-0.102666883396418,0.2397,0.3223,0.405,0.0331,1,"Central high-volume hotspots"
"Lambeth 021C",121,51.4476968173405,-0.12631338984726,0.3223,0.314,0.2727,0.0909,1,"Central high-volume hotspots"
"Lambeth 032F",121,51.425163662237,-0.127569276213276,0.1653,0.2066,0.5537,0.0744,1,"Central high-volume hotspots"
"Merton 016C",121,51.4097215399836,-0.230651023399015,0.4959,0.2231,0.2066,0.0744,1,"Central high-volume hotspots"
"Islington 004A",121,51.5580063438258,-0.137500307481061,0.1818,0.2149,0.5702,0.0331,1,"Central high-volume hotspots"
"Waltham Forest 005B",121,51.6185711066667,-0.0155056775757576,0.2397,0.2314,0.2231,0.3058,1,"Central high-volume hotspots"
"Kensington and Chelsea 020F",121,51.4869497787879,-0.180534425,0.4545,0.2562,0.2314,0.0579,1,"Central high-volume hotspots"
"Westminster 005A",121,51.5266518500467,-0.201389881822426,0.2066,0.3058,0.3306,0.157,1,"Central high-volume hotspots"
"Tower Hamlets 004C",121,51.5278637405838,-0.0287515042372881,0.4463,0.281,0.1983,0.0744,1,"Central high-volume hotspots"
"Southwark 020B",121,51.4783296239905,-0.0829639479671401,0.2562,0.3223,0.3223,0.0992,1,"Central high-volume hotspots"
"Hounslow 031E",121,51.4932532493019,-0.304023796406526,0.3058,0.2231,0.3554,0.1157,1,"Central high-volume hotspots"
"Bexley 026E",120,51.4338807087302,0.102779900661376,0.2667,0.35,0.275,0.1083,1,"Central high-volume hotspots"
"Barnet 028A",120,51.5985973040006,-0.195678009118886,0.2667,0.2083,0.375,0.15,1,"Central high-volume hotspots"
"Barking and Dagenham 019F",120,51.5283734955301,0.0944570584681042,0.1917,0.4833,0.2333,0.0917,1,"Central high-volume hotspots"
"Enfield 015B",120,51.642275479932,-0.0683140591836735,0.5,0.2667,0.15,0.0833,1,"Central high-volume hotspots"
"Enfield 023C",120,51.6304941914462,-0.0529495058201058,0.275,0.325,0.2583,0.1417,1,"Central high-volume hotspots"
"Barking and Dagenham 023F",120,51.5621462008621,0.122521856609195,0.2667,0.3083,0.2833,0.1417,1,"Central high-volume hotspots"
"Barnet 036F",120,51.5799150602608,-0.239080266354875,0.2667,0.2917,0.3417,0.1,1,"Central high-volume hotspots"
"Hounslow 006H",120,51.4825888367504,-0.31137247191358,0.35,0.175,0.3417,0.1333,1,"Central high-volume hotspots"
"Havering 019B",120,51.5652253083896,0.263061104127305,0.125,0.2333,0.575,0.0667,1,"Central high-volume hotspots"
"Greenwich 006A",120,51.4893110963348,0.0927229334920635,0.25,0.375,0.2,0.175,1,"Central high-volume hotspots"
"Hounslow 005A",120,51.4855527439128,-0.402332473495058,0.2833,0.2333,0.325,0.1583,1,"Central high-volume hotspots"
"Islington 010B",120,51.5515955515693,-0.128709504410173,0.2583,0.4,0.1833,0.1583,1,"Central high-volume hotspots"
"Haringey 001D",120,51.6071566423906,-0.113868927279942,0.175,0.25,0.475,0.1,1,"Central high-volume hotspots"
"Redbridge 032F",120,51.5573972197917,0.068770990625,0.4833,0.25,0.1833,0.0833,1,"Central high-volume hotspots"
"Waltham Forest 006B",120,51.6138603516412,-0.03069294180373,0.6167,0.1167,0.1833,0.0833,1,"Central high-volume hotspots"
"Hackney 007E",120,51.5628363388441,-0.0935206909946237,0.3667,0.2333,0.2917,0.1083,1,"Central high-volume hotspots"
"Newham 001A",120,51.5523571661376,0.0272289150352734,0.3333,0.2583,0.325,0.0833,1,"Central high-volume hotspots"
"Waltham Forest 013C",120,51.5867706715054,-0.00505393172043011,0.325,0.2917,0.275,0.1083,1,"Central high-volume hotspots"
"Tower Hamlets 021G",120,51.5170140993225,-0.064275497824246,0.2333,0.2833,0.425,0.0583,1,"Central high-volume hotspots"
"Westminster 003B",120,51.5302154087302,-0.168981057645786,0.2667,0.2,0.45,0.0833,1,"Central high-volume hotspots"
"Barking and Dagenham 016B",119,51.540682273183,0.0830326132414369,0.2101,0.3529,0.2857,0.1513,1,"Central high-volume hotspots"
"Croydon 020G",119,51.3796082736264,-0.0941780333333333,0.2437,0.2941,0.3697,0.0924,1,"Central high-volume hotspots"
"Ealing 024E",119,51.5073242407421,-0.255689551536732,0.1765,0.1765,0.2773,0.3697,1,"Central high-volume hotspots"
"Bromley 033D",119,51.3682525619565,0.0570694594202899,0.2437,0.5546,0.0924,0.1092,1,"Central high-volume hotspots"
"Enfield 006C",119,51.6609425173535,-0.0489238851648352,0.2353,0.4118,0.2521,0.1008,1,"Central high-volume hotspots"
"Hackney 028C",119,51.5647557456284,-0.0508401612021858,0.395,0.2101,0.2353,0.1597,1,"Central high-volume hotspots"
"Haringey 026A",119,51.5844473313914,-0.091467608848362,0.2101,0.4202,0.3445,0.0252,1,"Central high-volume hotspots"
"Ealing 008C",119,51.5420697096172,-0.383283340686275,0.1681,0.2941,0.2857,0.2521,1,"Central high-volume hotspots"
"Camden 015E",119,51.5471522546379,-0.130139900669643,0.2689,0.2269,0.3529,0.1513,1,"Central high-volume hotspots"
"Islington 013A",119,51.5506247913979,-0.106270620814132,0.3025,0.2689,0.2437,0.1849,1,"Central high-volume hotspots"
"Harrow 027F",119,51.566705096408,-0.352174939224138,0.2857,0.2437,0.3445,0.1261,1,"Central high-volume hotspots"
"Croydon 008E",119,51.3966318192529,-0.0675697956896552,0.437,0.3193,0.1261,0.1176,1,"Central high-volume hotspots"
"Newham 032C",119,51.5161562597154,0.0349716295840175,0.1933,0.3782,0.2857,0.1429,1,"Central high-volume hotspots"
"Redbridge 024C",119,51.5658006412998,0.0958352156933213,0.2605,0.4286,0.2185,0.0924,1,"Central high-volume hotspots"
"Lewisham 029B",119,51.4405292256977,-0.028117350643206,0.0924,0.5378,0.2941,0.0756,1,"Central high-volume hotspots"
"Southwark 022B",119,51.4759529648693,-0.0674004215686275,0.2101,0.3529,0.2773,0.1597,1,"Central high-volume hotspots"
"Newham 003D",119,51.5524346085979,0.0458769615906085,0.2857,0.2437,0.3529,0.1176,1,"Central high-volume hotspots"
"Southwark 021A",119,51.4753883617788,-0.0976088791666667,0.2857,0.3025,0.3529,0.0588,1,"Central high-volume hotspots"
"Waltham Forest 013F",119,51.5881473120202,-0.0017016623989899,0.1849,0.3697,0.2269,0.2185,1,"Central high-volume hotspots"
"Newham 010A",119,51.5434720160564,0.0514921893728956,0.2353,0.3529,0.3193,0.0924,1,"Central high-volume hotspots"
"Wandsworth 023D",119,51.4401906701795,-0.242917134855582,0.3697,0.3109,0.1513,0.1681,1,"Central high-volume hotspots"
"Brent 033B",118,51.5317638718112,-0.231528315391156,0.4746,0.2203,0.2119,0.0932,1,"Central high-volume hotspots"
"Enfield 006A",118,51.6581420291667,-0.0458698455357143,0.3305,0.3729,0.178,0.1186,1,"Central high-volume hotspots"
"Camden 007F",118,51.5465910592775,-0.14300627816092,0.322,0.4068,0.1695,0.1017,1,"Central high-volume hotspots"
"Hammersmith and Fulham 004B",118,51.5079004875595,-0.216044324732143,0.161,0.3644,0.3983,0.0763,1,"Central high-volume hotspots"
"Enfield 002A",118,51.6704445594797,-0.039566758686067,0.2288,0.2712,0.3898,0.1102,1,"Central high-volume hotspots"
"Richmond upon Thames 006A",118,51.4624663703571,-0.300431636428571,0.4237,0.2203,0.322,0.0339,1,"Central high-volume hotspots"
"Hounslow 020B",118,51.4619969790816,-0.332808387244898,0.2288,0.2627,0.2203,0.2881,1,"Central high-volume hotspots"
"Hackney 018C",118,51.546605306761,-0.0382795795597484,0.2797,0.3559,0.2119,0.1525,1,"Central high-volume hotspots"
"Redbridge 032E",118,51.5492958007246,0.0735232359601449,0.161,0.2542,0.5085,0.0763,1,"Central high-volume hotspots"
"Redbridge 040B",118,51.5580380363095,0.077927325255102,0.1695,0.3475,0.2797,0.2034,1,"Central high-volume hotspots"
"Richmond upon Thames 011C",118,51.4508767519724,-0.336731266732413,0.1864,0.2203,0.0932,0.5,1,"Central high-volume hotspots"
"Southwark 019E",118,51.4807735431548,-0.0752631513278388,0.3136,0.3136,0.2119,0.161,1,"Central high-volume hotspots"
"Newham 009A",118,51.5447842663526,0.0179196850161277,0.2881,0.1695,0.4153,0.1271,1,"Central high-volume hotspots"
"Waltham Forest 007A",118,51.6084461141791,-0.00209906815920398,0.4831,0.178,0.1356,0.2034,1,"Central high-volume hotspots"
"Kensington and Chelsea 013C",118,51.49390479886,-0.187914717256854,0.2542,0.1949,0.4746,0.0763,1,"Central high-volume hotspots"
"Tower Hamlets 006A",118,51.5283928690476,-0.0730179270502646,0.3136,0.2627,0.3475,0.0763,1,"Central high-volume hotspots"
"Brent 031E",117,51.5375957964744,-0.242344307051282,0.3077,0.3675,0.2564,0.0684,1,"Central high-volume hotspots"
"Hammersmith and Fulham 003C",117,51.512827368541,-0.245323446529889,0.2308,0.3504,0.3077,0.1111,1,"Central high-volume hotspots"
"Hammersmith and Fulham 006A",117,51.5012842179365,-0.237005641507936,0.3077,0.3419,0.2393,0.1111,1,"Central high-volume hotspots"
"Hammersmith and Fulham 012A",117,51.495147147541,-0.209445553551913,0.4615,0.2222,0.1624,0.1538,1,"Central high-volume hotspots"
"Hammersmith and Fulham 016A",117,51.4832803576069,-0.212664125887813,0.3077,0.4274,0.1538,0.1111,1,"Central high-volume hotspots"
"Ealing 015A",117,51.5169843921825,-0.266520854325397,0.2991,0.4274,0.1368,0.1368,1,"Central high-volume hotspots"
"Barnet 035F",117,51.5839362603774,-0.20184506509434,0.5043,0.1624,0.2735,0.0598,1,"Central high-volume hotspots"
"Havering 017G",117,51.5702804518182,0.178335210909091,0.1795,0.4103,0.2479,0.1624,1,"Central high-volume hotspots"
"Haringey 035D",117,51.5718742330128,-0.143101913728632,0.7009,0.1111,0.1538,0.0342,1,"Central high-volume hotspots"
"Hounslow 021B",117,51.4622915643678,-0.382991283045977,0.2735,0.2906,0.2393,0.1966,1,"Central high-volume hotspots"
"Havering 016E",117,51.573755647037,0.189431952592593,0.1709,0.2991,0.3504,0.1795,1,"Central high-volume hotspots"
"Haringey 006D",117,51.5991264495098,-0.0801090215686275,0.3162,0.2308,0.265,0.188,1,"Central high-volume hotspots"
"Brent 007D",117,51.569280761218,-0.295797593269231,0.359,0.3504,0.1453,0.1453,1,"Central high-volume hotspots"
"Redbridge 002A",117,51.6067784578616,0.107033075471698,0.3419,0.2991,0.2564,0.1026,1,"Central high-volume hotspots"
"Kensington and Chelsea 020D",117,51.4835406684028,-0.186019583333333,0.6239,0.1453,0.1709,0.0598,1,"Central high-volume hotspots"
"Tower Hamlets 023C",117,51.5102647353687,-0.0276342670890937,0.3248,0.2479,0.3077,0.1197,1,"Central high-volume hotspots"
"Wandsworth 007D",117,51.4684987048913,-0.173148601086957,0.1282,0.3077,0.4786,0.0855,1,"Central high-volume hotspots"
"Brent 034A",116,51.5293809177795,-0.196852764440994,0.2328,0.1983,0.5,0.069,1,"Central high-volume hotspots"
"Greenwich 037D",116,51.4875423722222,0.0198404355555556,0.4655,0.2586,0.181,0.0948,1,"Central high-volume hotspots"
"Croydon 004A",116,51.4127773537313,-0.12421686840796,0.2759,0.3707,0.2241,0.1293,1,"Central high-volume hotspots"
"Hammersmith and Fulham 014A",116,51.4883736670996,-0.218026774397032,0.3017,0.2241,0.319,0.1552,1,"Central high-volume hotspots"
"Brent 018A",116,51.5508407090835,-0.224213981942171,0.2241,0.1983,0.5172,0.0603,1,"Central high-volume hotspots"
"Camden 002D",116,51.5557222417134,-0.168984595121382,0.5345,0.1034,0.2931,0.069,1,"Central high-volume hotspots"
"Greenwich 009C",116,51.487256013444,0.0797598501611352,0.2155,0.3534,0.319,0.1121,1,"Central high-volume hotspots"
"Hackney 014D",116,51.5556065259524,-0.0711264754761905,0.3534,0.2759,0.2155,0.1552,1,"Central high-volume hotspots"
"Islington 019E",116,51.540344270202,-0.118515448484848,0.3362,0.319,0.181,0.1638,1,"Central high-volume hotspots"
"Haringey 037C",116,51.6014392381868,-0.0716341537087912,0.2759,0.3534,0.1897,0.181,1,"Central high-volume hotspots"
"Havering 002C",116,51.6062195077922,0.234096793290043,0.25,0.3017,0.3276,0.1207,1,"Central high-volume hotspots"
"Hillingdon 023C",116,51.5196525794588,-0.392608045689655,0.2845,0.4224,0.1552,0.1379,1,"Central high-volume hotspots"
"Merton 018B",116,51.4046577364583,-0.17344349375,0.2586,0.181,0.3276,0.2328,1,"Central high-volume hotspots"
"Merton 020E",116,51.3981669821032,-0.240558722579365,0.2931,0.2586,0.3707,0.0776,1,"Central high-volume hotspots"
"Newham 039E",116,51.5378495288998,-0.0050726525862069,0.3534,0.3362,0.2069,0.1034,1,"Central high-volume hotspots"
"Redbridge 033B",116,51.5465358279723,0.0770507035714286,0.2414,0.4138,0.25,0.0948,1,"Central high-volume hotspots"
"Southwark 004A",116,51.4969086487179,-0.0733182533653846,0.3017,0.2328,0.3966,0.069,1,"Central high-volume hotspots"
"Islington 001D",116,51.5686980303571,-0.120315747619048,0.3017,0.2759,0.2241,0.1983,1,"Central high-volume hotspots"
"Sutton 014B",116,51.3702146685255,-0.200293699582289,0.1466,0.3103,0.3793,0.1638,1,"Central high-volume hotspots"
"Newham 040C",116,51.5321976825397,-0.0118472568504595,0.3017,0.2328,0.319,0.1466,1,"Central high-volume hotspots"
"Waltham Forest 026E",116,51.5663164745671,-0.0190854197691198,0.3103,0.2672,0.3017,0.1207,1,"Central high-volume hotspots"
"Westminster 004D",116,51.5274636492424,-0.210405644545455,0.2328,0.3534,0.2241,0.1897,1,"Central high-volume hotspots"
"Ealing 038D",115,51.4991001522069,-0.379379885984849,0.1043,0.4174,0.3478,0.1304,1,"Central high-volume hotspots"
"Haringey 032B",115,51.5783126677305,-0.0814143613475177,0.2261,0.4,0.2261,0.1478,1,"Central high-volume hotspots"
"Enfield 027D",115,51.6278757550906,-0.0736711462842713,0.2609,0.287,0.2435,0.2087,1,"Central high-volume hotspots"
"Camden 022G",115,51.5329163080556,-0.129268594722222,0.4696,0.2087,0.2522,0.0696,1,"Central high-volume hotspots"
"Kensington and Chelsea 008E",115,51.5078309360063,-0.198817381446541,0.4783,0.2261,0.2609,0.0348,1,"Central high-volume hotspots"
"Haringey 012A",115,51.5995857744997,-0.065114404805038,0.2,0.313,0.4174,0.0696,1,"Central high-volume hotspots"
"Lewisham 002B",115,51.4859415174136,-0.0356408761437908,0.4522,0.2522,0.2348,0.0609,1,"Central high-volume hotspots"
"Lewisham 019D",115,51.4437598386905,-0.0451244354166667,0.2957,0.3826,0.1913,0.1304,1,"Central high-volume hotspots"
"Hillingdon 032E",115,51.4954702299242,-0.424004192424242,0.2261,0.4783,0.2174,0.0783,1,"Central high-volume hotspots"
"Newham 034M",115,51.5113907144621,0.0105207408730159,0.5478,0.2783,0.0957,0.0783,1,"Central high-volume hotspots"
"Merton 022A",115,51.4008300011905,-0.167742584970238,0.2348,0.4087,0.2348,0.1217,1,"Central high-volume hotspots"
"Westminster 022A",115,51.4892659985597,-0.137098226748971,0.3043,0.2783,0.3826,0.0348,1,"Central high-volume hotspots"
"Kensington and Chelsea 021B",115,51.4792801286111,-0.181878658333333,0.4522,0.3043,0.087,0.1565,1,"Central high-volume hotspots"
"Haringey 004B",115,51.6051997125541,-0.123674630735931,0.3304,0.3478,0.2348,0.087,1,"Central high-volume hotspots"
"Tower Hamlets 016C",115,51.5144183237857,-0.0466296824761905,0.2435,0.287,0.3217,0.1478,1,"Central high-volume hotspots"
"Lambeth 029D",115,51.4344208367195,-0.126892891564685,0.2087,0.2783,0.4435,0.0696,1,"Central high-volume hotspots"
"Brent 018E",114,51.5506765134111,-0.220664711880466,0.2807,0.2895,0.3772,0.0526,1,"Central high-volume hotspots"
"Barking and Dagenham 006D",114,51.5536503694949,0.152545698888889,0.3158,0.4035,0.1491,0.1316,1,"Central high-volume hotspots"
"Hillingdon 016B",114,51.5403995472727,-0.48890384,0.3246,0.2456,0.2895,0.1404,1,"Central high-volume hotspots"
"Haringey 027A",114,51.581505685086,-0.0923087739748677,0.2544,0.3596,0.2368,0.1491,1,"Central high-volume hotspots"
"Ealing 043C",114,51.497248226294,-0.382891085248447,0.2456,0.386,0.2544,0.114,1,"Central high-volume hotspots"
"Hillingdon 029D",114,51.4974632260504,-0.471829382819795,0.2018,0.3947,0.2719,0.1316,1,"Central high-volume hotspots"
"Croydon 013D",114,51.3935077005102,-0.0890447784013605,0.2368,0.4649,0.2193,0.0789,1,"Central high-volume hotspots"
"Islington 014F",114,51.5498696853896,-0.0879623496753247,0.3509,0.307,0.2368,0.1053,1,"Central high-volume hotspots"
"Kensington and Chelsea 003E",114,51.5192435355199,-0.213298107653061,0.2193,0.1842,0.5088,0.0877,1,"Central high-volume hotspots"
"Lambeth 003D",114,51.487215097619,-0.111360238392857,0.5088,0.2456,0.1667,0.0789,1,"Central high-volume hotspots"
"Harrow 019C",114,51.5868300329206,-0.36316331352381,0.2018,0.3509,0.3421,0.1053,1,"Central high-volume hotspots"
"Camden 019E",114,51.5367659406638,-0.135988490735931,0.2281,0.2632,0.3421,0.1667,1,"Central high-volume hotspots"
"Islington 010A",114,51.5505838522013,-0.125367033962264,0.2807,0.2982,0.3246,0.0965,1,"Central high-volume hotspots"
"Newham 022C",114,51.5333263937342,0.0316527992048602,0.2368,0.3421,0.3509,0.0702,1,"Central high-volume hotspots"
"Redbridge 036C",114,51.5865535738994,0.0432028682389937,0.3421,0.3421,0.1579,0.1579,1,"Central high-volume hotspots"
"Lewisham 027E",114,51.4323096586806,-0.0487911322916667,0.2982,0.4649,0.1579,0.0789,1,"Central high-volume hotspots"
"Tower Hamlets 019G",114,51.5176148716049,-0.0392333174382716,0.3509,0.2719,0.2719,0.1053,1,"Central high-volume hotspots"
"Waltham Forest 013D",114,51.5915375401429,0.00208031476190476,0.1842,0.3684,0.2895,0.1579,1,"Central high-volume hotspots"
"Bromley 008F",113,51.4109959312243,0.0122319769032922,0.3894,0.177,0.3451,0.0885,1,"Central high-volume hotspots"
"Ealing 029E",113,51.5079337998828,-0.363437052155483,0.3894,0.1239,0.4336,0.0531,1,"Central high-volume hotspots"
"Ealing 011B",113,51.5320515894777,-0.294496908026114,0.3363,0.2301,0.2035,0.2301,1,"Central high-volume hotspots"
"Enfield 004B",113,51.6638357485816,-0.0803389042553191,0.2655,0.3274,0.3274,0.0796,1,"Central high-volume hotspots"
"Barnet 011E",113,51.6171544340986,-0.173426710459184,0.4513,0.2743,0.1593,0.115,1,"Central high-volume hotspots"
"Ealing 008A",113,51.5337889228723,-0.376947938297872,0.1947,0.4867,0.2212,0.0973,1,"Central high-volume hotspots"
"Enfield 002C",113,51.6714508024316,-0.0425683013171226,0.3274,0.3628,0.2124,0.0973,1,"Central high-volume hotspots"
"Hillingdon 013C",113,51.5513795569758,-0.472479807518797,0.3628,0.2212,0.3009,0.115,1,"Central high-volume hotspots"
"Hillingdon 020D",113,51.5279578014089,-0.396644369291617,0.3009,0.2832,0.3186,0.0973,1,"Central high-volume hotspots"
"Hounslow 024C",113,51.4545746905556,-0.403798549222222,0.2035,0.4513,0.2566,0.0885,1,"Central high-volume hotspots"
"Newham 012E",113,51.5457051706349,0.0015598269993895,0.2832,0.3009,0.3009,0.115,1,"Central high-volume hotspots"
"Newham 014A",113,51.5418683696753,0.0371351817532468,0.354,0.4336,0.1062,0.1062,1,"Central high-volume hotspots"
"Newham 031B",113,51.5182917758621,0.019436594909688,0.3894,0.2389,0.2832,0.0885,1,"Central high-volume hotspots"
"Newham 041A",113,51.5015393245763,0.0598188064971751,0.1947,0.3894,0.177,0.2389,1,"Central high-volume hotspots"
"Kensington and Chelsea 014C",113,51.4926806423747,-0.165552494682115,0.3894,0.1681,0.3894,0.0531,1,"Central high-volume hotspots"
"Tower Hamlets 008C",113,51.5268984734761,-0.0188089632888115,0.2212,0.2832,0.4425,0.0531,1,"Central high-volume hotspots"
"Tower Hamlets 016A",113,51.5185814653595,-0.048202137254902,0.2743,0.354,0.2832,0.0885,1,"Central high-volume hotspots"
"Wandsworth 008D",113,51.4652224866699,-0.161925668255295,0.2212,0.2655,0.4336,0.0796,1,"Central high-volume hotspots"
"Waltham Forest 023B",113,51.5681947357843,-0.00653807401960784,0.2566,0.2832,0.2478,0.2124,1,"Central high-volume hotspots"
"Barking and Dagenham 004C",112,51.5591708735222,0.145872993390805,0.2768,0.3661,0.2321,0.125,1,"Central high-volume hotspots"
"Barnet 015D",112,51.6135364055952,-0.154192719619048,0.25,0.3839,0.2411,0.125,1,"Central high-volume hotspots"
"Hammersmith and Fulham 013A",112,51.4896644882812,-0.226103644270833,0.3482,0.1964,0.2143,0.2411,1,"Central high-volume hotspots"
"Hounslow 014A",112,51.4689689954545,-0.330491291515151,0.3304,0.3214,0.2411,0.1071,1,"Central high-volume hotspots"
"Greenwich 037B",112,51.4838222716266,0.00144195942709773,0.5268,0.3036,0.1161,0.0536,1,"Central high-volume hotspots"
"Hackney 032B",112,51.5301628968831,-0.0875456634632035,0.3036,0.2946,0.2946,0.1071,1,"Central high-volume hotspots"
"Enfield 011A",112,51.6492889718045,-0.149001750584795,0.5446,0.1875,0.1696,0.0982,1,"Central high-volume hotspots"
"Barking and Dagenham 011E",112,51.5396493020408,0.099631104324587,0.2857,0.4554,0.1875,0.0714,1,"Central high-volume hotspots"
"Enfield 025C",112,51.6235324467532,-0.0502942587842713,0.2768,0.2857,0.3393,0.0982,1,"Central high-volume hotspots"
"Croydon 015F",112,51.3844733681929,-0.105988541039208,0.2589,0.5,0.0804,0.1607,1,"Central high-volume hotspots"
"Islington 017A",112,51.5438388194444,-0.109787975308642,0.2946,0.2768,0.3214,0.1071,1,"Central high-volume hotspots"
"Harrow 029C",112,51.5591052732426,-0.335219021784904,0.2768,0.3125,0.2857,0.125,1,"Central high-volume hotspots"
"Merton 009C",112,51.4187721880143,-0.199439279251701,0.2679,0.2857,0.375,0.0714,1,"Central high-volume hotspots"
"Hounslow 005D",112,51.4910665312576,-0.390892883757576,0.1696,0.4196,0.1607,0.25,1,"Central high-volume hotspots"
"Islington 006B",112,51.5618791619792,-0.101973459114583,0.4018,0.2321,0.2143,0.1518,1,"Central high-volume hotspots"
"Islington 009A",112,51.5513523922043,-0.0967153715053763,0.2232,0.3304,0.2679,0.1786,1,"Central high-volume hotspots"
"Newham 021A",112,51.533620917974,0.0205070564155844,0.2232,0.2857,0.3571,0.1339,1,"Central high-volume hotspots"
"Newham 024D",112,51.5276164583333,0.0604155909090909,0.2946,0.3661,0.1875,0.1518,1,"Central high-volume hotspots"
"Newham 031A",112,51.5216613751412,0.0237792245762712,0.3036,0.2054,0.2857,0.2054,1,"Central high-volume hotspots"
"Redbridge 029B",112,51.5617992497928,0.0615298471032514,0.1429,0.3661,0.2411,0.25,1,"Central high-volume hotspots"
"Hillingdon 015J",112,51.5412736298694,-0.478424584118717,0.1875,0.4018,0.2946,0.1161,1,"Central high-volume hotspots"
"Hounslow 028A",112,51.4324374420769,-0.390413332871795,0.4107,0.3125,0.2054,0.0714,1,"Central high-volume hotspots"
"Islington 001E",112,51.565837482543,-0.123013091709453,0.1786,0.2054,0.5179,0.0982,1,"Central high-volume hotspots"
"Tower Hamlets 014H",112,51.516519199,-0.0300367343333333,0.2857,0.2946,0.2679,0.1518,1,"Central high-volume hotspots"
"Wandsworth 004B",112,51.4736278866667,-0.168696626333333,0.3036,0.2321,0.2946,0.1696,1,"Central high-volume hotspots"
"Southwark 007E",112,51.4917141060897,-0.0468193979700855,0.2589,0.2411,0.4196,0.0804,1,"Central high-volume hotspots"
"Enfield 011C",111,51.6463324323031,-0.139538856570513,0.2613,0.3063,0.3333,0.0991,1,"Central high-volume hotspots"
"Barnet 022C",111,51.6072500546191,-0.14537091152381,0.3694,0.2162,0.2162,0.1982,1,"Central high-volume hotspots"
"Greenwich 039A",111,51.4941863162232,0.0705108795751634,0.3604,0.2432,0.2162,0.1802,1,"Central high-volume hotspots"
"Hackney 026B",111,51.5332153687857,-0.0853406815714286,0.4505,0.2252,0.2793,0.045,1,"Central high-volume hotspots"
"Hammersmith and Fulham 010C",111,51.4977357127778,-0.222848810277778,0.3604,0.3243,0.2162,0.0991,1,"Central high-volume hotspots"
"Kensington and Chelsea 006E",111,51.5141239130527,-0.197892360671769,0.6937,0.1261,0.1261,0.0541,1,"Central high-volume hotspots"
"Camden 029G",111,51.5257468320669,-0.121248092502533,0.3604,0.2703,0.2523,0.1171,1,"Central high-volume hotspots"
"Islington 017D",111,51.5403249879808,-0.115847013461538,0.3784,0.1892,0.3694,0.0631,1,"Central high-volume hotspots"
"Islington 018E",111,51.5354997746111,-0.095550032,0.3604,0.3153,0.2523,0.0721,1,"Central high-volume hotspots"
"Brent 014A",111,51.5524074786596,-0.245208486728395,0.2973,0.2432,0.2883,0.1712,1,"Central high-volume hotspots"
"Lambeth 019A",111,51.4574142422222,-0.142969541944444,0.4054,0.2793,0.1892,0.1261,1,"Central high-volume hotspots"
"Lewisham 008D",111,51.4629552399749,-0.0360513519214703,0.3784,0.2703,0.2523,0.0991,1,"Central high-volume hotspots"
"Islington 009B",111,51.5582214287879,-0.0924342409090909,0.3784,0.2973,0.1261,0.1982,1,"Central high-volume hotspots"
"Newham 032A",111,51.5183615966387,0.0481416617647059,0.2613,0.2523,0.2523,0.2342,1,"Central high-volume hotspots"
"Redbridge 040D",111,51.553950545471,0.0794591449275362,0.2703,0.2883,0.3063,0.1351,1,"Central high-volume hotspots"
"Westminster 007E",111,51.5299130240196,-0.184834088235294,0.3063,0.2703,0.2973,0.1261,1,"Central high-volume hotspots"
"Hackney 008D",111,51.5623234828283,-0.0835313522875817,0.1892,0.2613,0.4505,0.0991,1,"Central high-volume hotspots"
"Hackney 009C",111,51.561027349079,-0.0753005234699941,0.2523,0.2252,0.4595,0.0631,1,"Central high-volume hotspots"
"Tower Hamlets 003A",111,51.5306361216667,-0.0330165866666667,0.2883,0.2523,0.2973,0.1622,1,"Central high-volume hotspots"
"Waltham Forest 026C",111,51.5596336262821,-0.0145103936355311,0.2252,0.3604,0.3243,0.0901,1,"Central high-volume hotspots"
"Ealing 012B",110,51.5297955227891,-0.348893952806122,0.2727,0.2636,0.2545,0.2091,1,"Central high-volume hotspots"
"Brent 035C",110,51.5572787734848,-0.285258163636364,0.6,0.2273,0.1273,0.0455,1,"Central high-volume hotspots"
"Ealing 027A",110,51.502966680914,-0.285716561290323,0.4636,0.1636,0.1818,0.1909,1,"Central high-volume hotspots"
"Ealing 006D",110,51.5419439913636,-0.347183131212121,0.2545,0.3455,0.3273,0.0727,1,"Central high-volume hotspots"
"Enfield 023D",110,51.6300644162711,-0.0474885100245499,0.2636,0.3273,0.3273,0.0818,1,"Central high-volume hotspots"
"Barnet 018C",110,51.6113497737654,-0.276243998765432,0.4273,0.2273,0.2273,0.1182,1,"Central high-volume hotspots"
"Greenwich 006C",110,51.4885059884516,0.100398312010042,0.2909,0.2,0.3636,0.1455,1,"Central high-volume hotspots"
"Bexley 004C",110,51.4859218709235,0.169245361038961,0.2455,0.4,0.1455,0.2091,1,"Central high-volume hotspots"
"Croydon 001A",110,51.4136525687925,-0.0844917753826531,0.2545,0.3455,0.2455,0.1545,1,"Central high-volume hotspots"
"Islington 014A",110,51.5455709303922,-0.0871970527777778,0.2636,0.2636,0.3455,0.1273,1,"Central high-volume hotspots"
"Haringey 026C",110,51.5809085996024,-0.0810739092144853,0.2364,0.2727,0.3636,0.1273,1,"Central high-volume hotspots"
"Bromley 009F",110,51.4163980479167,-0.0558536510416667,0.3455,0.2,0.3182,0.1364,1,"Central high-volume hotspots"
"Lewisham 002E",110,51.4805290138814,-0.0272335420934412,0.2909,0.3818,0.2091,0.1182,1,"Central high-volume hotspots"
"Lewisham 005C",110,51.4710695066138,-0.0293275463624339,0.2818,0.3182,0.3364,0.0636,1,"Central high-volume hotspots"
"Lewisham 041E",110,51.4537388192218,-0.00613954132791328,0.1727,0.4091,0.3636,0.0545,1,"Central high-volume hotspots"
"Southwark 006D",110,51.4959970093175,-0.0891713681428571,0.4364,0.3364,0.1364,0.0909,1,"Central high-volume hotspots"
"Wandsworth 023B",110,51.4471933274401,-0.241855932463695,0.1818,0.2455,0.4364,0.1364,1,"Central high-volume hotspots"
"Westminster 010A",110,51.5230761837273,-0.189251717818182,0.2727,0.2909,0.3545,0.0818,1,"Central high-volume hotspots"
"Brent 027A",109,51.5437056445988,-0.258441354783951,0.2569,0.3028,0.2936,0.1468,1,"Central high-volume hotspots"
"Bromley 001F",109,51.4257215607673,0.0458154362131958,0.3028,0.2936,0.3303,0.0734,1,"Central high-volume hotspots"
"Brent 025C",109,51.5422354047078,-0.246065059172078,0.2661,0.367,0.2936,0.0734,1,"Central high-volume hotspots"
"Ealing 009C",109,51.5371195853175,-0.388755717548501,0.2936,0.3303,0.2661,0.1101,1,"Central high-volume hotspots"
"Harrow 007E",109,51.6021065,-0.27060837037037,0.3486,0.2661,0.2385,0.1468,1,"Central high-volume hotspots"
"Bromley 020B",109,51.3916458617143,0.035473817031746,0.3486,0.1468,0.3945,0.1101,1,"Central high-volume hotspots"
"Barnet 022D",109,51.6054671132768,-0.152583020903955,0.5138,0.2752,0.1101,0.1009,1,"Central high-volume hotspots"
"Kensington and Chelsea 004D",109,51.5148957556596,-0.202430635245902,0.3945,0.3761,0.1376,0.0917,1,"Central high-volume hotspots"
"Kensington and Chelsea 008B",109,51.5033873842809,-0.19751662052964,0.3119,0.2385,0.3945,0.055,1,"Central high-volume hotspots"
"Hillingdon 032D",109,51.495765808044,-0.418696449247685,0.2661,0.4862,0.1743,0.0734,1,"Central high-volume hotspots"
"Haringey 016C",109,51.5915978188956,-0.110618716514691,0.3761,0.2477,0.2752,0.1009,1,"Central high-volume hotspots"
"Redbridge 023B",109,51.5716823622222,0.0831531198989899,0.2661,0.3578,0.2936,0.0826,1,"Central high-volume hotspots"
"Bromley 010D",109,51.4037537369048,0.100194774702381,0.2294,0.2018,0.2844,0.2844,1,"Central high-volume hotspots"
"Merton 018A",109,51.4033307949612,-0.177132856976744,0.1009,0.2752,0.3028,0.3211,1,"Central high-volume hotspots"
"Hackney 016B",109,51.5526292930125,-0.0662254994172494,0.1284,0.3119,0.4862,0.0734,1,"Central high-volume hotspots"
"Redbridge 005B",109,51.6054643239907,0.0556742681935818,0.3853,0.3028,0.2294,0.0826,1,"Central high-volume hotspots"
"Tower Hamlets 021J",109,51.513780764359,-0.0673942681623932,0.2569,0.2385,0.4037,0.1009,1,"Central high-volume hotspots"
"Southwark 020C",109,51.4765053725309,-0.0854580462962963,0.2752,0.3211,0.1743,0.2294,1,"Central high-volume hotspots"
"Waltham Forest 028D",109,51.5563467314815,0.0115715732026144,0.3303,0.2752,0.3486,0.0459,1,"Central high-volume hotspots"
"Southwark 018C",109,51.4832563402116,-0.0647839904761905,0.3945,0.3853,0.1376,0.0826,1,"Central high-volume hotspots"
"Barking and Dagenham 022D",108,51.531730408153,0.116247147426647,0.2315,0.4537,0.2222,0.0926,1,"Central high-volume hotspots"
"Barnet 041D",108,51.5587600619497,-0.208883060062893,0.5185,0.25,0.1667,0.0648,1,"Central high-volume hotspots"
"Greenwich 037G",108,51.4852936138889,0.00685486388888889,0.3889,0.2593,0.2222,0.1296,1,"Central high-volume hotspots"
"Hammersmith and Fulham 005D",108,51.5054312251462,-0.231948381871345,0.3333,0.2778,0.2963,0.0926,1,"Central high-volume hotspots"
"Ealing 003C",108,51.5514568960317,-0.375112517857143,0.1574,0.4352,0.3333,0.0741,1,"Central high-volume hotspots"
"Ealing 008D",108,51.5333480368794,-0.387657055082742,0.2685,0.3889,0.2222,0.1204,1,"Central high-volume hotspots"
"Camden 021D",108,51.5353689943978,-0.143226456769374,0.3056,0.2037,0.3889,0.1019,1,"Central high-volume hotspots"
"Hammersmith and Fulham 005A",108,51.5035659784399,-0.234253709235209,0.2593,0.2315,0.4259,0.0833,1,"Central high-volume hotspots"
"Kensington and Chelsea 014B",108,51.4932847107639,-0.171786952331349,0.537,0.2315,0.1852,0.0463,1,"Central high-volume hotspots"
"Lambeth 011D",108,51.4690824515083,-0.114010383909837,0.1574,0.1944,0.5278,0.1204,1,"Central high-volume hotspots"
"Redbridge 034D",108,51.5591652505747,0.110450295114943,0.3333,0.2778,0.2222,0.1667,1,"Central high-volume hotspots"
"Havering 027E",108,51.5314264452614,0.193331123148148,0.3148,0.213,0.3611,0.1111,1,"Central high-volume hotspots"
"Southwark 009A",108,51.4978279586721,-0.0907032730352303,0.6019,0.213,0.1574,0.0278,1,"Central high-volume hotspots"
"Bexley 006B",108,51.4867934688209,0.123839482426304,0.3426,0.3519,0.1111,0.1944,1,"Central high-volume hotspots"
"Sutton 017B",108,51.362232165792,-0.151682514431487,0.2963,0.3426,0.2778,0.0833,1,"Central high-volume hotspots"
"Redbridge 032H",108,51.554693908355,0.0698153444588745,0.3056,0.3056,0.2593,0.1296,1,"Central high-volume hotspots"
"Lambeth 025A",108,51.4407023045037,-0.105261799396218,0.3426,0.3333,0.2315,0.0926,1,"Central high-volume hotspots"
"Westminster 001B",108,51.5353952696805,-0.174843215135046,0.3241,0.2222,0.3519,0.1019,1,"Central high-volume hotspots"
"Waltham Forest 019B",108,51.5750870583333,-0.00590503240740741,0.2685,0.3333,0.2222,0.1759,1,"Central high-volume hotspots"
"Tower Hamlets 001G",108,51.5354655783151,-0.0261425935846561,0.25,0.25,0.4444,0.0556,1,"Central high-volume hotspots"
"Tower Hamlets 020A",108,51.512952137415,-0.00523686462585034,0.3241,0.287,0.3148,0.0741,1,"Central high-volume hotspots"
"Tower Hamlets 026D",108,51.5069105628333,-0.0574493232777778,0.3056,0.2963,0.287,0.1111,1,"Central high-volume hotspots"
"Barking and Dagenham 017B",107,51.5374774374105,0.105384914814815,0.1776,0.4112,0.2897,0.1215,1,"Central high-volume hotspots"
"Greenwich 033B",107,51.4793157427083,0.0934945006944444,0.2336,0.4393,0.1869,0.1402,1,"Central high-volume hotspots"
"Bexley 028C",107,51.4179132594789,0.126447840880503,0.2991,0.2804,0.215,0.2056,1,"Central high-volume hotspots"
"Brent 031G",107,51.5357028807061,-0.243843941871921,0.2336,0.4673,0.1869,0.1121,1,"Central high-volume hotspots"
"Barnet 029D",107,51.5904793601307,-0.164343864052288,0.6542,0.1402,0.0841,0.1215,1,"Central high-volume hotspots"
"Islington 023C",107,51.5262486755391,-0.0996082276504942,0.2336,0.215,0.4019,0.1495,1,"Central high-volume hotspots"
"Enfield 002B",107,51.6757959546859,-0.0468714607649443,0.2243,0.3364,0.3364,0.1028,1,"Central high-volume hotspots"
"Havering 013A",107,51.5809693772176,0.174729808450047,0.1776,0.2897,0.3458,0.1869,1,"Central high-volume hotspots"
"Hackney 011A",107,51.5594118009091,-0.0540469724242424,0.4112,0.2897,0.1776,0.1215,1,"Central high-volume hotspots"
"Enfield 024B",107,51.626999962672,-0.063294337989418,0.215,0.3645,0.215,0.2056,1,"Central high-volume hotspots"
"Kensington and Chelsea 020C",107,51.4857292198582,-0.184781260638298,0.6168,0.1869,0.1308,0.0654,1,"Central high-volume hotspots"
"Haringey 019B",107,51.5891230272727,-0.0918830082251082,0.4299,0.3458,0.1776,0.0467,1,"Central high-volume hotspots"
"Redbridge 006E",107,51.6041891568513,0.0888072970359572,0.271,0.2897,0.3364,0.1028,1,"Central high-volume hotspots"
"Lewisham 037A",107,51.4297017925013,0.0180072038026368,0.1402,0.3925,0.3458,0.1215,1,"Central high-volume hotspots"
"Southwark 028D",107,51.4608452739394,-0.068872132987013,0.4486,0.2243,0.271,0.0561,1,"Central high-volume hotspots"
"Sutton 005C",107,51.3726442222222,-0.170033609126984,0.5421,0.1121,0.2243,0.1215,1,"Central high-volume hotspots"
"Sutton 015E",107,51.3635948055556,-0.162478633333333,0.6636,0.1121,0.1682,0.0561,1,"Central high-volume hotspots"
"Wandsworth 010H",107,51.464747769883,-0.21012415497076,0.4112,0.243,0.1963,0.1495,1,"Central high-volume hotspots"
"Tower Hamlets 009C",107,51.5250270036723,-0.0741887733050847,0.4206,0.215,0.2804,0.0841,1,"Central high-volume hotspots"
"Tower Hamlets 032G",107,51.4980710513784,-0.0194009770258981,0.4299,0.3458,0.1308,0.0935,1,"Central high-volume hotspots"
"Tower Hamlets 033C",107,51.5007891136364,-0.025621053030303,0.3271,0.2897,0.2523,0.1308,1,"Central high-volume hotspots"
"Westminster 011C",107,51.5225597351713,-0.149440287573099,0.6729,0.1028,0.1495,0.0748,1,"Central high-volume hotspots"
"Barking and Dagenham 012A",106,51.5383460986856,0.128203322021116,0.3491,0.4057,0.1415,0.1038,1,"Central high-volume hotspots"
"Camden 011C",106,51.5504480956614,-0.167585552116402,0.3208,0.1226,0.4906,0.066,1,"Central high-volume hotspots"
"Haringey 024C",106,51.5862943017131,-0.08042754985482,0.283,0.3208,0.3302,0.066,1,"Central high-volume hotspots"
"Ealing 042D",106,51.5131626689103,-0.295239611057692,0.434,0.1792,0.3019,0.0849,1,"Central high-volume hotspots"
"Camden 020E",106,51.5401375482143,-0.185638811011905,0.3302,0.2925,0.2547,0.1226,1,"Central high-volume hotspots"
"Enfield 003D",106,51.670267580609,-0.0342810838141026,0.2264,0.3868,0.2925,0.0943,1,"Central high-volume hotspots"
"Hounslow 013C",106,51.476707001634,-0.404520059803922,0.2453,0.3679,0.2925,0.0943,1,"Central high-volume hotspots"
"Hammersmith and Fulham 023H",106,51.4731756577778,-0.186938395679012,0.3113,0.2925,0.2925,0.1038,1,"Central high-volume hotspots"
"Hammersmith and Fulham 024A",106,51.4719585339181,-0.215791053508772,0.4151,0.2453,0.2453,0.0943,1,"Central high-volume hotspots"
"Hillingdon 023A",106,51.5276496571521,-0.383680812338501,0.1132,0.3868,0.3585,0.1415,1,"Central high-volume hotspots"
"Croydon 008B",106,51.4015257112179,-0.0688612852564103,0.3679,0.2642,0.217,0.1509,1,"Central high-volume hotspots"
"Newham 041C",106,51.5003375208642,0.062959275308642,0.1698,0.3585,0.3019,0.1698,1,"Central high-volume hotspots"
"Wandsworth 018E",106,51.4564733877076,-0.196416366112957,0.2264,0.1981,0.5,0.0755,1,"Central high-volume hotspots"
"Wandsworth 004C",106,51.4714403533258,-0.171120082671958,0.3208,0.2075,0.434,0.0377,1,"Central high-volume hotspots"
"Westminster 024B",106,51.487083925,-0.139465495754717,0.3396,0.2264,0.3585,0.0755,1,"Central high-volume hotspots"
"Wandsworth 039D",106,51.4741295486864,-0.145603428078818,0.4528,0.2453,0.2264,0.0755,1,"Central high-volume hotspots"
"Brent 026C",105,51.5420847352941,-0.288030947058824,0.2762,0.2952,0.2476,0.181,1,"Central high-volume hotspots"
"Enfield 012C",105,51.6499818366319,-0.0472764868055556,0.2476,0.381,0.3143,0.0571,1,"Central high-volume hotspots"
"Bromley 040D",105,51.4220442293651,0.011704126984127,0.1048,0.3524,0.419,0.1238,1,"Central high-volume hotspots"
"Harrow 011A",105,51.6027083257752,-0.341439925581395,0.2286,0.2857,0.3714,0.1143,1,"Central high-volume hotspots"
"Bromley 014D",105,51.4033113541667,0.111984201923077,0.2476,0.2381,0.2952,0.219,1,"Central high-volume hotspots"
"Bromley 019C",105,51.3928774021605,0.118480509259259,0.381,0.2857,0.1524,0.181,1,"Central high-volume hotspots"
"Enfield 003C",105,51.6727627174387,-0.0312228415608466,0.2,0.2762,0.4095,0.1143,1,"Central high-volume hotspots"
"Enfield 030E",105,51.6190607527778,-0.0611988645969499,0.219,0.3238,0.3619,0.0952,1,"Central high-volume hotspots"
"Camden 018C",105,51.5411792517007,-0.155889598943149,0.4762,0.1619,0.3429,0.019,1,"Central high-volume hotspots"
"Kensington and Chelsea 003D",105,51.5211444575228,-0.224982519934144,0.2286,0.1905,0.4286,0.1524,1,"Central high-volume hotspots"
"Lambeth 018D",105,51.4560883114087,-0.103922642509921,0.381,0.2762,0.2762,0.0667,1,"Central high-volume hotspots"
"Harrow 031A",105,51.5611821682021,-0.379474517774796,0.181,0.3333,0.4,0.0857,1,"Central high-volume hotspots"
"Lewisham 030A",105,51.4347350757246,0.00311896594202899,0.2381,0.3905,0.2667,0.1048,1,"Central high-volume hotspots"
"Hillingdon 002F",105,51.6006962405,-0.411462589,0.3905,0.1714,0.3905,0.0476,1,"Central high-volume hotspots"
"Hackney 012D",105,51.5541257911051,-0.085124184097035,0.381,0.3238,0.2095,0.0857,1,"Central high-volume hotspots"
"Newham 027A",105,51.5275423720238,0.00653241091269841,0.3333,0.2952,0.2571,0.1143,1,"Central high-volume hotspots"
"Haringey 005B",105,51.6053294220355,-0.0890665883286648,0.3333,0.2857,0.3238,0.0571,1,"Central high-volume hotspots"
"Lambeth 033B",105,51.4206891078987,-0.0867492693216175,0.1524,0.2857,0.4857,0.0762,1,"Central high-volume hotspots"
"Hillingdon 003D",105,51.595554480255,-0.47785909312202,0.1143,0.1524,0.619,0.1143,1,"Central high-volume hotspots"
"Hillingdon 017A",105,51.5301958278302,-0.45046644703504,0.3048,0.3905,0.1429,0.1619,1,"Central high-volume hotspots"
"Hillingdon 019D",105,51.5301416377639,-0.443607915624172,0.2952,0.2762,0.3429,0.0857,1,"Central high-volume hotspots"
"Hillingdon 022E",105,51.519966378979,-0.468946611636637,0.1429,0.381,0.3714,0.1048,1,"Central high-volume hotspots"
"Hillingdon 027F",105,51.506443905791,-0.410171393785311,0.3905,0.2952,0.2095,0.1048,1,"Central high-volume hotspots"
"Croydon 009B",105,51.4006445323413,-0.116298217460317,0.2952,0.381,0.2095,0.1143,1,"Central high-volume hotspots"
"Islington 005C",105,51.5639228172275,-0.112346966504329,0.1905,0.3238,0.4,0.0857,1,"Central high-volume hotspots"
"Southwark 004F",105,51.4976670405203,-0.0681942575837743,0.4667,0.3143,0.1333,0.0857,1,"Central high-volume hotspots"
"Southwark 008B",105,51.4983142371212,-0.0380033658008658,0.3238,0.2857,0.3048,0.0857,1,"Central high-volume hotspots"
"Newham 008D",105,51.542688965,0.0303645608333333,0.4857,0.219,0.2,0.0952,1,"Central high-volume hotspots"
"Wandsworth 020D",105,51.4458215727273,-0.205013821212121,0.5619,0.219,0.1524,0.0667,1,"Central high-volume hotspots"
"Westminster 010C",105,51.5209959883544,-0.185518557191448,0.2476,0.1619,0.4667,0.1238,1,"Central high-volume hotspots"
"Brent 034D",104,51.5319074172839,-0.194709965432099,0.2692,0.2885,0.2788,0.1635,1,"Central high-volume hotspots"
"Enfield 006B",104,51.6662737610489,-0.0410836437908497,0.3365,0.375,0.2308,0.0577,1,"Central high-volume hotspots"
"Ealing 026E",104,51.515600297619,-0.382656512585034,0.2212,0.2692,0.2788,0.2308,1,"Central high-volume hotspots"
"Brent 006E",104,51.5711624431457,-0.289347976190476,0.1538,0.2212,0.3365,0.2885,1,"Central high-volume hotspots"
"Bexley 008D",104,51.4748195059748,0.183035206603774,0.25,0.3846,0.1923,0.1731,1,"Central high-volume hotspots"
"Camden 027C",104,51.5191679741379,-0.109702567528736,0.4423,0.1923,0.2692,0.0962,1,"Central high-volume hotspots"
"Havering 011A",104,51.5774067238095,0.172038606105006,0.1346,0.3462,0.4519,0.0673,1,"Central high-volume hotspots"
"Kingston upon Thames 020C",104,51.3517327577161,-0.314820465277778,0.2308,0.2885,0.3462,0.1346,1,"Central high-volume hotspots"
"Hounslow 001B",104,51.4928123948925,-0.254113595430108,0.5481,0.2115,0.1538,0.0865,1,"Central high-volume hotspots"
"Merton 005C",104,51.4199876078431,-0.176392814379085,0.3942,0.2308,0.2596,0.1154,1,"Central high-volume hotspots"
"Islington 004C",104,51.5618707699239,-0.138528494130291,0.2115,0.3269,0.3365,0.125,1,"Central high-volume hotspots"
"Tower Hamlets 015C",104,51.5201666164141,-0.066340568844697,0.1538,0.2692,0.3942,0.1827,1,"Central high-volume hotspots"
"Tower Hamlets 023D",104,51.5092926597652,-0.0321492847652348,0.2212,0.2019,0.4231,0.1538,1,"Central high-volume hotspots"
"Tower Hamlets 030A",104,51.4971416375887,-0.00788220992907801,0.2212,0.3365,0.3077,0.1346,1,"Central high-volume hotspots"
"Sutton 003A",104,51.3764588634779,-0.20624538452381,0.4519,0.1635,0.2019,0.1827,1,"Central high-volume hotspots"
"Brent 032D",103,51.5347409783019,-0.204938479065589,0.3495,0.2621,0.2913,0.0971,1,"Central high-volume hotspots"
"Bromley 018A",103,51.3977241053936,0.0169346301263362,0.2039,0.3981,0.2816,0.1165,1,"Central high-volume hotspots"
"Croydon 021B",103,51.3791311489796,-0.0711033714285714,0.3981,0.3398,0.2039,0.0583,1,"Central high-volume hotspots"
"Barking and Dagenham 004F",103,51.5645925271709,0.141695354645191,0.2136,0.4757,0.2233,0.0874,1,"Central high-volume hotspots"
"Harrow 030A",103,51.5623143673469,-0.359530740929705,0.4078,0.3592,0.1845,0.0485,1,"Central high-volume hotspots"
"Greenwich 031C",103,51.43103124599,0.0548836709273183,0.2233,0.2718,0.165,0.3398,1,"Central high-volume hotspots"
"Barnet 034B",103,51.5884509618386,-0.214297170171958,0.3786,0.2816,0.1845,0.1553,1,"Central high-volume hotspots"
"Hackney 026E",103,51.5341281016017,-0.0906832136363636,0.4175,0.2816,0.2233,0.0777,1,"Central high-volume hotspots"
"Bromley 014B",103,51.3961185541408,0.107431682091097,0.2816,0.2913,0.3107,0.1165,1,"Central high-volume hotspots"
"Bromley 024C",103,51.3924694248571,-0.0226743203571429,0.2913,0.3786,0.2233,0.1068,1,"Central high-volume hotspots"
"Hounslow 017G",103,51.4660135984937,-0.378324680806608,0.233,0.301,0.3398,0.1262,1,"Central high-volume hotspots"
"Lambeth 008C",103,51.471426328381,-0.130270177714286,0.3301,0.2621,0.2816,0.1262,1,"Central high-volume hotspots"
"Lewisham 011C",103,51.4651787909621,-0.0199899874635568,0.2621,0.3301,0.2718,0.1359,1,"Central high-volume hotspots"
"Lewisham 037E",103,51.4241071893025,0.00767607093795094,0.1942,0.4175,0.1748,0.2136,1,"Central high-volume hotspots"
"Greenwich 015A",103,51.4804064055556,0.0654479218518518,0.1553,0.466,0.1942,0.1845,1,"Central high-volume hotspots"
"Hackney 011C",103,51.5562902192982,-0.0528442611111111,0.466,0.3301,0.0874,0.1165,1,"Central high-volume hotspots"
"Redbridge 010C",103,51.5903108536667,0.0773073643333333,0.2718,0.3107,0.3592,0.0583,1,"Central high-volume hotspots"
"Southwark 026B",103,51.4647576097992,-0.0567128047781017,0.1845,0.2816,0.3689,0.165,1,"Central high-volume hotspots"
"Southwark 011D",103,51.4924853675926,-0.0554547617283951,0.3495,0.3107,0.2039,0.1359,1,"Central high-volume hotspots"
"Tower Hamlets 004D",103,51.5279715647186,-0.0236176307359307,0.3495,0.4369,0.0874,0.1262,1,"Central high-volume hotspots"
"Waltham Forest 022C",103,51.5703283011364,-0.0290593140151515,0.5243,0.2039,0.2039,0.068,1,"Central high-volume hotspots"
"Bexley 003C",102,51.4907475071627,0.146800656904762,0.1176,0.4608,0.2549,0.1667,1,"Central high-volume hotspots"
"Bromley 014E",102,51.4004633102857,0.106258378357143,0.2353,0.3627,0.3039,0.098,1,"Central high-volume hotspots"
"Brent 023C",102,51.546095457,-0.206971897666667,0.3922,0.2647,0.2353,0.1078,1,"Central high-volume hotspots"
"Ealing 031D",102,51.5009638333333,-0.304927562893082,0.4412,0.2549,0.2353,0.0686,1,"Central high-volume hotspots"
"Havering 004F",102,51.5999800018939,0.214528028787879,0.2647,0.3333,0.2059,0.1961,1,"Central high-volume hotspots"
"Hounslow 015B",102,51.4726492663818,-0.34805536460114,0.2745,0.3333,0.2745,0.1176,1,"Central high-volume hotspots"
"Brent 011A",102,51.5648967607955,-0.227073491666667,0.3137,0.2059,0.402,0.0784,1,"Central high-volume hotspots"
"Lambeth 002C",102,51.4934701415509,-0.107607704282407,0.2353,0.2647,0.3922,0.1078,1,"Central high-volume hotspots"
"Lambeth 016E",102,51.4569256522536,-0.116491093761141,0.1765,0.3333,0.3725,0.1176,1,"Central high-volume hotspots"
"Havering 001D",102,51.6094661349057,0.210103525786164,0.2255,0.3333,0.2941,0.1471,1,"Central high-volume hotspots"
"Lewisham 008C",102,51.4649768397473,-0.0300525332361516,0.3529,0.3235,0.2353,0.0882,1,"Central high-volume hotspots"
"Camden 015C",102,51.5425978869697,-0.136909033636364,0.3235,0.3137,0.2647,0.098,1,"Central high-volume hotspots"
"Harrow 023G",102,51.5797969210317,-0.329430193650794,0.1569,0.3333,0.3431,0.1667,1,"Central high-volume hotspots"
"Wandsworth 033D",102,51.4301315952381,-0.165060126785714,0.3725,0.3725,0.1471,0.1078,1,"Central high-volume hotspots"
"Hillingdon 020A",102,51.5313877539286,-0.407955695808081,0.1373,0.3235,0.2255,0.3137,1,"Central high-volume hotspots"
"Hillingdon 024D",102,51.5193718408497,-0.434082362418301,0.3039,0.3529,0.2549,0.0882,1,"Central high-volume hotspots"
"Southwark 011A",102,51.4894943434524,-0.0532045738095238,0.3039,0.2941,0.2941,0.1078,1,"Central high-volume hotspots"
"Westminster 024F",102,51.4895452374074,-0.133448142389771,0.3333,0.1765,0.4412,0.049,1,"Central high-volume hotspots"
"Kingston upon Thames 003D",102,51.414545182209,-0.281135264219577,0.2059,0.6078,0.1471,0.0392,1,"Central high-volume hotspots"
"Tower Hamlets 011F",102,51.5250522592158,-0.0513191582625708,0.2255,0.3725,0.3627,0.0392,1,"Central high-volume hotspots"
"Tower Hamlets 017B",102,51.5170833783688,-0.0551768163120567,0.2941,0.1471,0.3824,0.1765,1,"Central high-volume hotspots"
"Wandsworth 012A",102,51.4605969090909,-0.175700604502164,0.2843,0.2549,0.3235,0.1373,1,"Central high-volume hotspots"
"Sutton 001A",102,51.3826390663194,-0.175266210416667,0.2353,0.3529,0.2745,0.1373,1,"Central high-volume hotspots"
"Westminster 017B",102,51.5117818567308,-0.192022544871795,0.6176,0.1275,0.1961,0.0588,1,"Central high-volume hotspots"
"Brent 025E",101,51.5435182562016,-0.249729403294574,0.1683,0.3564,0.3564,0.1188,1,"Central high-volume hotspots"
"Brent 031C",101,51.5354049663595,-0.251807816263441,0.198,0.3069,0.2772,0.2178,1,"Central high-volume hotspots"
"Ealing 016D",101,51.5214078853742,-0.33954340170068,0.2772,0.3762,0.2772,0.0693,1,"Central high-volume hotspots"
"Ealing 038C",101,51.4956909940741,-0.373460184814815,0.2871,0.2574,0.3366,0.1188,1,"Central high-volume hotspots"
"Hounslow 010C",101,51.4861899633415,-0.385098439367816,0.2772,0.3564,0.2475,0.1188,1,"Central high-volume hotspots"
"Harrow 013G",101,51.591683140303,-0.334209551818182,0.3069,0.3465,0.198,0.1485,1,"Central high-volume hotspots"
"Havering 013F",101,51.5797191702586,0.187277022167488,0.3663,0.3663,0.2376,0.0297,1,"Central high-volume hotspots"
"Barking and Dagenham 023E",101,51.5622101521368,0.133746035836386,0.2871,0.3762,0.2574,0.0792,1,"Central high-volume hotspots"
"Greenwich 014A",101,51.485369784058,0.0310012063405797,0.198,0.3564,0.3267,0.1188,1,"Central high-volume hotspots"
"Hounslow 011D",101,51.4810527099359,-0.371160690705128,0.2277,0.3762,0.2673,0.1287,1,"Central high-volume hotspots"
"Hackney 002G",101,51.5721716966667,-0.089685406,0.2673,0.3564,0.2673,0.1089,1,"Central high-volume hotspots"
"Hackney 003D",101,51.5739021012579,-0.0791592275157233,0.3762,0.1881,0.3564,0.0792,1,"Central high-volume hotspots"
"Hounslow 011A",101,51.4802944769231,-0.375748479487179,0.505,0.2277,0.2079,0.0594,1,"Central high-volume hotspots"
"Hounslow 023A",101,51.4524086269193,-0.438968774246842,0.2277,0.3366,0.297,0.1386,1,"Central high-volume hotspots"
"Hounslow 024D",101,51.4459840592141,-0.396057582723577,0.1386,0.2673,0.4455,0.1485,1,"Central high-volume hotspots"
"Hackney 016E",101,51.5502909606685,-0.0649696048076923,0.3069,0.3762,0.198,0.1188,1,"Central high-volume hotspots"
"Newham 034D",101,51.5105894480769,0.0222262233974359,0.3663,0.2376,0.2574,0.1386,1,"Central high-volume hotspots"
"Hammersmith and Fulham 025A",101,51.4724393948718,-0.196276157051282,0.3267,0.3465,0.2376,0.0891,1,"Central high-volume hotspots"
"Lewisham 040B",101,51.4666900982456,-0.012996464619883,0.3663,0.3861,0.1287,0.1188,1,"Central high-volume hotspots"
"Southwark 018E",101,51.4788824352814,-0.073680281511544,0.1386,0.3762,0.4158,0.0693,1,"Central high-volume hotspots"
"Southwark 036C",101,51.4999420196886,-0.0839500608122498,0.3168,0.2376,0.396,0.0495,1,"Central high-volume hotspots"
"Hounslow 025F",101,51.4460256706349,-0.413468645833333,0.1683,0.4653,0.2574,0.1089,1,"Central high-volume hotspots"
"Waltham Forest 011B",101,51.5987993743132,-0.019322030242674,0.2079,0.3069,0.3069,0.1782,1,"Central high-volume hotspots"
"Barking and Dagenham 017E",100,51.5420995814626,0.113824083503401,0.27,0.48,0.13,0.12,1,"Central high-volume hotspots"
"Barnet 031A",100,51.5923136900697,-0.234618814866434,0.29,0.24,0.35,0.12,1,"Central high-volume hotspots"
"Brent 011E",100,51.5607089941975,-0.229109593518519,0.18,0.34,0.38,0.1,1,"Central high-volume hotspots"
"Havering 004C",100,51.6046128037234,0.219853401595745,0.19,0.26,0.34,0.21,1,"Central high-volume hotspots"
"Haringey 036A",100,51.574740067402,-0.10726948627451,0.21,0.15,0.55,0.09,1,"Central high-volume hotspots"
"Ealing 024B",100,51.5138480694444,-0.254194753019324,0.37,0.33,0.25,0.05,1,"Central high-volume hotspots"
"Hounslow 013D",100,51.4755802140035,-0.408694157671958,0.24,0.37,0.25,0.14,1,"Central high-volume hotspots"
"Islington 012A",100,51.5496532446078,-0.081254002124183,0.28,0.33,0.29,0.1,1,"Central high-volume hotspots"
"Kensington and Chelsea 007D",100,51.5147093002137,-0.209142858440171,0.38,0.22,0.32,0.08,1,"Central high-volume hotspots"
"Haringey 036D",100,51.5687414669935,-0.108118234313725,0.37,0.3,0.23,0.1,1,"Central high-volume hotspots"
"Lambeth 017A",100,51.4579015544872,-0.130427775641026,0.38,0.24,0.21,0.17,1,"Central high-volume hotspots"
"Lambeth 021E",100,51.4462374833333,-0.120095117424242,0.23,0.37,0.29,0.11,1,"Central high-volume hotspots"
"Lambeth 022C",100,51.4516943200161,-0.131321674737692,0.46,0.17,0.24,0.13,1,"Central high-volume hotspots"
"Havering 027A",100,51.540926194211,0.190714441409897,0.45,0.34,0.11,0.1,1,"Central high-volume hotspots"
"Hillingdon 028A",100,51.5018656466049,-0.442032706790123,0.29,0.22,0.38,0.11,1,"Central high-volume hotspots"
"Hackney 019C",100,51.5444611177249,-0.0485805214285714,0.3,0.24,0.38,0.08,1,"Central high-volume hotspots"
"Haringey 008A",100,51.5998139873664,-0.10529871686103,0.25,0.43,0.24,0.08,1,"Central high-volume hotspots"
"Kingston upon Thames 013A",100,51.3910118406621,-0.295965286314229,0.24,0.26,0.37,0.13,1,"Central high-volume hotspots"
"Lewisham 025D",100,51.4342564276896,-0.0162799074955908,0.21,0.23,0.38,0.18,1,"Central high-volume hotspots"
"Westminster 016E",100,51.5134284549784,-0.180942790909091,0.47,0.25,0.2,0.08,1,"Central high-volume hotspots"
"Newham 001B",100,51.5509227257576,0.0202849212121212,0.37,0.26,0.23,0.14,1,"Central high-volume hotspots"
"Tower Hamlets 024F",100,51.5131847098148,-0.0218557335185185,0.23,0.37,0.32,0.08,1,"Central high-volume hotspots"
"Wandsworth 013A",100,51.4527077310897,-0.245145076923077,0.22,0.39,0.28,0.11,1,"Central high-volume hotspots"
"Barking and Dagenham 001C",99,51.5804278986842,0.135495396052632,0.2727,0.3838,0.2626,0.0808,1,"Central high-volume hotspots"
"Brent 031F",99,51.5345664315476,-0.238745645833333,0.4141,0.2828,0.1616,0.1414,1,"Central high-volume hotspots"
"Hammersmith and Fulham 011D",99,51.4924698509615,-0.242406921474359,0.5253,0.1313,0.2424,0.101,1,"Central high-volume hotspots"
"Harrow 008E",99,51.6018305564516,-0.31602885483871,0.4646,0.2424,0.202,0.0909,1,"Central high-volume hotspots"
"Harrow 011B",99,51.5987565281385,-0.335795035064935,0.2626,0.2727,0.2525,0.2121,1,"Central high-volume hotspots"
"Greenwich 011E",99,51.4804536371164,0.0698635251322751,0.202,0.404,0.2828,0.1111,1,"Central high-volume hotspots"
"Camden 008A",99,51.5499299647436,-0.179992796474359,0.5657,0.1919,0.0808,0.1616,1,"Central high-volume hotspots"
"Hackney 011E",99,51.5538256516667,-0.0461441803333333,0.2424,0.3737,0.1919,0.1919,1,"Central high-volume hotspots"
"Hackney 012B",99,51.5573891819794,-0.0870988457446809,0.3232,0.2727,0.3131,0.0909,1,"Central high-volume hotspots"
"Lambeth 015E",99,51.4601762759615,-0.124483951282051,0.2525,0.2626,0.2929,0.1919,1,"Central high-volume hotspots"
"Bromley 010A",99,51.4130344429078,0.0808072340425532,0.2424,0.3131,0.3232,0.1212,1,"Central high-volume hotspots"
"Haringey 018A",99,51.5918369367196,-0.0805863391534392,0.1616,0.3434,0.3838,0.1111,1,"Central high-volume hotspots"
"Haringey 020D",99,51.5891630826087,-0.121721125362319,0.2929,0.2727,0.3434,0.0909,1,"Central high-volume hotspots"
"Redbridge 002B",99,51.6128184852564,0.116347868269231,0.101,0.4141,0.2323,0.2525,1,"Central high-volume hotspots"
"Wandsworth 014E",99,51.4586248277489,-0.210161012857143,0.4848,0.2424,0.1717,0.101,1,"Central high-volume hotspots"
"Wandsworth 016E",99,51.4549170060777,-0.229868725125313,0.1717,0.3838,0.2828,0.1616,1,"Central high-volume hotspots"
"Waltham Forest 001B",99,51.6360172714735,-0.0119316143755615,0.2323,0.2323,0.2929,0.2424,1,"Central high-volume hotspots"
"Southwark 020D",99,51.4764503617816,-0.0892869988505747,0.2929,0.3131,0.2424,0.1515,1,"Central high-volume hotspots"
"Barking and Dagenham 017C",98,51.5336782875886,0.108869264539007,0.2653,0.2857,0.3163,0.1327,1,"Central high-volume hotspots"
"Bromley 042B",98,51.3333676535238,0.0252863224285714,0.3673,0.2653,0.3061,0.0612,1,"Central high-volume hotspots"
"Brent 023E",98,51.5484266181491,-0.205956703953279,0.4184,0.2041,0.2755,0.102,1,"Central high-volume hotspots"
"Croydon 030A",98,51.3555634842736,-0.0201887194616977,0.2551,0.551,0.1531,0.0408,1,"Central high-volume hotspots"
"Bromley 005E",98,51.4182500976007,-0.0787351824765975,0.3061,0.2347,0.4184,0.0408,1,"Central high-volume hotspots"
"Barnet 006D",98,51.6423601823671,-0.164384510869565,0.3469,0.1837,0.2551,0.2143,1,"Central high-volume hotspots"
"Camden 029E",98,51.5259849313333,-0.116403216,0.3571,0.2551,0.2551,0.1327,1,"Central high-volume hotspots"
"Greenwich 038C",98,51.4753726450101,-0.00567571580547113,0.3163,0.4796,0.1531,0.051,1,"Central high-volume hotspots"
"Camden 009A",98,51.5445228367232,-0.140194820621469,0.3776,0.2449,0.2143,0.1633,1,"Central high-volume hotspots"
"Barnet 021E",98,51.611146465625,-0.254843559201389,0.2143,0.2755,0.3265,0.1837,1,"Central high-volume hotspots"
"Camden 027A",98,51.5213737295985,-0.118451998459384,0.3673,0.3367,0.1837,0.1122,1,"Central high-volume hotspots"
"Islington 002E",98,51.5689775272727,-0.126722322727273,0.2857,0.2959,0.2857,0.1327,1,"Central high-volume hotspots"
"Lambeth 002D",98,51.491067322549,-0.112443737254902,0.3673,0.2551,0.2653,0.1122,1,"Central high-volume hotspots"
"Lambeth 011E",98,51.4677454779023,-0.11646041503268,0.2959,0.2857,0.3367,0.0816,1,"Central high-volume hotspots"
"Lambeth 035D",98,51.4149133517007,-0.14285253537415,0.2755,0.2959,0.2755,0.1531,1,"Central high-volume hotspots"
"Havering 001A",98,51.6171838829932,0.22278385170068,0.2347,0.3571,0.2347,0.1735,1,"Central high-volume hotspots"
"Southwark 024E",98,51.4637326827273,-0.0783512484848485,0.4082,0.2449,0.2551,0.0918,1,"Central high-volume hotspots"
"Merton 016E",98,51.4037253127866,-0.233706144675926,0.1939,0.4592,0.2041,0.1429,1,"Central high-volume hotspots"
"Merton 024A",98,51.3884795765389,-0.186446659494774,0.0918,0.4898,0.2755,0.1429,1,"Central high-volume hotspots"
"Newham 011E",98,51.5440648522381,0.0459204256190476,0.3571,0.449,0.0918,0.102,1,"Central high-volume hotspots"
"Newham 026D",98,51.5283357877358,0.0267218694968553,0.3265,0.3571,0.1939,0.1224,1,"Central high-volume hotspots"
"Redbridge 017A",98,51.5856707672239,0.0825283883991895,0.4388,0.3061,0.1633,0.0918,1,"Central high-volume hotspots"
"Lewisham 017B",98,51.4512800451389,-0.0124110100694444,0.2551,0.4082,0.2551,0.0816,1,"Central high-volume hotspots"
"Lewisham 028A",98,51.4354471420455,-0.0556086988636364,0.2347,0.4388,0.1939,0.1327,1,"Central high-volume hotspots"
"Sutton 012B",98,51.3682220156863,-0.193172562745098,0.3163,0.3265,0.2653,0.0918,1,"Central high-volume hotspots"
"Tower Hamlets 026C",98,51.5102779233722,-0.0633970053449951,0.4286,0.2959,0.1939,0.0816,1,"Central high-volume hotspots"
"Wandsworth 024B",98,51.4420468897436,-0.187812530128205,0.3265,0.3469,0.2653,0.0612,1,"Central high-volume hotspots"
"Westminster 021B",98,51.4943029968254,-0.12947965047123,0.3265,0.3469,0.2551,0.0714,1,"Central high-volume hotspots"
"Bromley 001B",97,51.4329724694444,0.0464682285185185,0.2887,0.3814,0.2062,0.1237,1,"Central high-volume hotspots"
"Ealing 029F",97,51.5029408209793,-0.364214409284217,0.2165,0.3299,0.2784,0.1753,1,"Central high-volume hotspots"
"Croydon 024E",97,51.3697486762411,-0.111679312259372,0.1959,0.3402,0.3196,0.1443,1,"Central high-volume hotspots"
"Brent 028C",97,51.5402835460318,-0.199993726839827,0.2474,0.2474,0.4227,0.0825,1,"Central high-volume hotspots"
"Barnet 040A",97,51.5638463966224,-0.204817542026578,0.2062,0.2887,0.3505,0.1546,1,"Central high-volume hotspots"
"Hammersmith and Fulham 007C",97,51.5012684056604,-0.220954817924528,0.3711,0.1753,0.3299,0.1237,1,"Central high-volume hotspots"
"Hammersmith and Fulham 012F",97,51.4917342507523,-0.210887305092593,0.2268,0.3093,0.299,0.1649,1,"Central high-volume hotspots"
"Greenwich 019C",97,51.4751904478261,0.0427807414855072,0.1753,0.4227,0.2784,0.1237,1,"Central high-volume hotspots"
"Brent 001D",97,51.598424275,-0.268179523903509,0.3505,0.2474,0.3505,0.0515,1,"Central high-volume hotspots"
"Hounslow 016A",97,51.4743551172239,-0.397346385612969,0.2165,0.4948,0.134,0.1546,1,"Central high-volume hotspots"
"Enfield 023B",97,51.6338184795996,-0.0494959488636364,0.1649,0.3814,0.2371,0.2165,1,"Central high-volume hotspots"
"Greenwich 001A",97,51.5057089693516,0.118016592840257,0.1443,0.3711,0.2268,0.2577,1,"Central high-volume hotspots"
"Haringey 033A",97,51.5747844035985,-0.128688056628788,0.2577,0.3814,0.268,0.0928,1,"Central high-volume hotspots"
"Lambeth 005E",97,51.4780133767974,-0.108285532679739,0.2474,0.3299,0.3196,0.1031,1,"Central high-volume hotspots"
"Lambeth 020D",97,51.4543646987879,-0.113691317878788,0.2784,0.3196,0.2784,0.1237,1,"Central high-volume hotspots"
"Lambeth 025E",97,51.4449362255556,-0.0978613581481481,0.5155,0.3196,0.1237,0.0412,1,"Central high-volume hotspots"
"Lewisham 010B",97,51.4574546039216,-0.0433034624183007,0.1546,0.433,0.268,0.1443,1,"Central high-volume hotspots"
"Greenwich 003E",97,51.4911103005435,0.107376382065217,0.2784,0.3814,0.1649,0.1753,1,"Central high-volume hotspots"
"Merton 018E",97,51.4081025977124,-0.170006812418301,0.2165,0.4433,0.2165,0.1237,1,"Central high-volume hotspots"
"Islington 010D",97,51.556871913354,-0.123094789440994,0.2887,0.3505,0.2784,0.0825,1,"Central high-volume hotspots"
"Newham 020B",97,51.5321660314583,0.0116049775,0.268,0.3093,0.3711,0.0515,1,"Central high-volume hotspots"
"Lambeth 028E",97,51.4363657614583,-0.0987812534722222,0.567,0.2268,0.1649,0.0412,1,"Central high-volume hotspots"
"Waltham Forest 014B",97,51.5850851259259,-0.0382880989417989,0.3196,0.2577,0.3402,0.0825,1,"Central high-volume hotspots"
"Waltham Forest 026B",97,51.5634863369324,-0.0180987017534145,0.1753,0.4742,0.268,0.0825,1,"Central high-volume hotspots"
"Wandsworth 032C",97,51.4319985325216,-0.165126074729437,0.2784,0.4227,0.2165,0.0825,1,"Central high-volume hotspots"
"Sutton 001D",97,51.3855091690972,-0.163087821304564,0.1649,0.5052,0.1649,0.1649,1,"Central high-volume hotspots"
"Camden 014D",96,51.543014847619,-0.169356541529304,0.375,0.1979,0.2708,0.1562,1,"Central high-volume hotspots"
"Barnet 040B",96,51.5619776071429,-0.210968633809524,0.3021,0.2604,0.2917,0.1458,1,"Central high-volume hotspots"
"Ealing 040B",96,51.502622220994,-0.263190010676493,0.2292,0.3229,0.1562,0.2917,1,"Central high-volume hotspots"
"Barnet 043C",96,51.5928225369691,-0.25351727972973,0.1458,0.1562,0.5833,0.1146,1,"Central high-volume hotspots"
"Bexley 007C",96,51.4738690938534,0.163333063829787,0.2292,0.4271,0.2396,0.1042,1,"Central high-volume hotspots"
"Croydon 034E",96,51.3515139606918,-0.0363788940251572,0.1875,0.4375,0.2083,0.1667,1,"Central high-volume hotspots"
"Greenwich 007E",96,51.4835765176948,0.0855964088744589,0.2396,0.3958,0.25,0.1146,1,"Central high-volume hotspots"
"Bexley 002B",96,51.4919187277597,0.129721177597403,0.2708,0.4062,0.1771,0.1458,1,"Central high-volume hotspots"
"Hackney 025J",96,51.5358446181818,-0.0787226754545455,0.3542,0.2917,0.25,0.1042,1,"Central high-volume hotspots"
"Havering 011C",96,51.5927074646825,0.157930522619048,0.4167,0.2188,0.2083,0.1562,1,"Central high-volume hotspots"
"Havering 005D",96,51.59758385,0.158505252222222,0.5104,0.1771,0.2188,0.0938,1,"Central high-volume hotspots"
"Enfield 015E",96,51.6446725927464,-0.0627630931339978,0.1979,0.3125,0.3854,0.1042,1,"Central high-volume hotspots"
"Camden 010A",96,51.5509812715517,-0.188546283045977,0.4688,0.3646,0.0833,0.0833,1,"Central high-volume hotspots"
"Enfield 001D",96,51.6807460943089,-0.0368116520905923,0.25,0.3125,0.3854,0.0521,1,"Central high-volume hotspots"
"Islington 014D",96,51.5484846416667,-0.0922273018518519,0.3854,0.3333,0.2083,0.0729,1,"Central high-volume hotspots"
"Islington 017E",96,51.540329417,-0.103765428,0.4479,0.2708,0.1979,0.0833,1,"Central high-volume hotspots"
"Hillingdon 032C",96,51.4831582326087,-0.437685686231884,0.4271,0.2604,0.1875,0.125,1,"Central high-volume hotspots"
"Kingston upon Thames 013E",96,51.3905145889961,-0.300582196846847,0.2292,0.2604,0.4375,0.0729,1,"Central high-volume hotspots"
"Lewisham 003C",96,51.477901179321,-0.0413283320987654,0.2917,0.4062,0.2083,0.0938,1,"Central high-volume hotspots"
"Hillingdon 032B",96,51.4889550435185,-0.435330707407407,0.4583,0.2812,0.1875,0.0729,1,"Central high-volume hotspots"
"Hammersmith and Fulham 023D",96,51.4687311446541,-0.186562099056604,0.4271,0.3229,0.1667,0.0833,1,"Central high-volume hotspots"
"Redbridge 036A",96,51.5768665666667,0.0458409981060606,0.2917,0.3021,0.3125,0.0938,1,"Central high-volume hotspots"
"Lewisham 016C",96,51.4506506651786,0.0132900461309524,0.4375,0.3021,0.1875,0.0729,1,"Central high-volume hotspots"
"Lewisham 038A",96,51.4199219589646,-0.00198604734848485,0.25,0.3125,0.3854,0.0521,1,"Central high-volume hotspots"
"Southwark 010E",96,51.4917119791667,-0.0670671647435897,0.3125,0.3542,0.25,0.0833,1,"Central high-volume hotspots"
"Sutton 006E",96,51.3796933660588,-0.242152891742655,0.3333,0.2708,0.2604,0.1354,1,"Central high-volume hotspots"
"Tower Hamlets 024E",96,51.5144750142361,-0.0236609954861111,0.3333,0.2604,0.3021,0.1042,1,"Central high-volume hotspots"
"Waltham Forest 028F",96,51.5527873814881,0.00915221011904762,0.3125,0.2396,0.3438,0.1042,1,"Central high-volume hotspots"
"Southwark 014D",96,51.4875099956597,-0.105486859375,0.5208,0.2188,0.1458,0.1146,1,"Central high-volume hotspots"
"Wandsworth 026D",96,51.4308621435374,-0.150612705442177,0.3229,0.3438,0.1979,0.1354,1,"Central high-volume hotspots"
"Wandsworth 012C",96,51.458890798489,-0.18841448040293,0.5208,0.1875,0.1875,0.1042,1,"Central high-volume hotspots"
"Wandsworth 029A",96,51.4352811046066,-0.157998080745342,0.3229,0.1458,0.4271,0.1042,1,"Central high-volume hotspots"
"Bromley 004E",95,51.4161776936111,-0.0483378965277778,0.2,0.3895,0.3474,0.0632,1,"Central high-volume hotspots"
"Croydon 026C",95,51.3576970184636,-0.0410796004492363,0.2421,0.2737,0.3158,0.1684,1,"Central high-volume hotspots"
"Brent 028B",95,51.5413713427083,-0.203104345138889,0.4211,0.2632,0.2105,0.1053,1,"Central high-volume hotspots"
"Barnet 031C",95,51.5947300369941,-0.22440625360119,0.1368,0.1368,0.5053,0.2211,1,"Central high-volume hotspots"
"Greenwich 039C",95,51.492237045679,0.0706794083333333,0.2947,0.2947,0.3158,0.0947,1,"Central high-volume hotspots"
"Croydon 005B",95,51.4075989041071,-0.0964308128571429,0.1158,0.3368,0.4105,0.1368,1,"Central high-volume hotspots"
"Brent 010H",95,51.5648134219697,-0.247076011868687,0.1895,0.3474,0.3158,0.1474,1,"Central high-volume hotspots"
"Camden 029D",95,51.5274143523303,-0.123139270111449,0.3263,0.1895,0.3684,0.1158,1,"Central high-volume hotspots"
"Hounslow 004E",95,51.4930424704082,-0.381328549505257,0.2947,0.2526,0.3368,0.1158,1,"Central high-volume hotspots"
"Enfield 024E",95,51.6312886025362,-0.0599756873188406,0.2316,0.4105,0.2316,0.1263,1,"Central high-volume hotspots"
"Croydon 005C",95,51.402961353355,-0.102340442640693,0.1895,0.4,0.2421,0.1684,1,"Central high-volume hotspots"
"Kensington and Chelsea 004E",95,51.5194635173469,-0.210060241496599,0.2105,0.3368,0.2421,0.2105,1,"Central high-volume hotspots"
"Kingston upon Thames 016E",95,51.3765031406423,-0.302251782613511,0.3158,0.3474,0.2526,0.0842,1,"Central high-volume hotspots"
"Lewisham 001A",95,51.4882350585034,-0.0344676340136054,0.2421,0.4526,0.2316,0.0737,1,"Central high-volume hotspots"
"Lewisham 039B",95,51.479236325,-0.0373918244791667,0.2947,0.4421,0.1474,0.1158,1,"Central high-volume hotspots"
"Southwark 023A",95,51.4781484766667,-0.05804455,0.4632,0.2526,0.2105,0.0737,1,"Central high-volume hotspots"
"Haringey 005D",95,51.5989086837143,-0.0893216050238095,0.2947,0.4211,0.1368,0.1474,1,"Central high-volume hotspots"
"Merton 018C",95,51.4053475786232,-0.167224705797101,0.1789,0.2842,0.4526,0.0842,1,"Central high-volume hotspots"
"Hounslow 022A",95,51.4601338030303,-0.430360628409091,0.2,0.3895,0.3158,0.0947,1,"Central high-volume hotspots"
"Hackney 006E",95,51.5612484334416,-0.0684633728896104,0.1579,0.4211,0.3158,0.1053,1,"Central high-volume hotspots"
"Islington 003E",95,51.564233824113,-0.125807266923436,0.3474,0.3895,0.1368,0.1263,1,"Central high-volume hotspots"
"Newham 020D",95,51.5359909690476,0.00470580703463203,0.2316,0.3895,0.2211,0.1579,1,"Central high-volume hotspots"
"Newham 030B",95,51.5217353451493,0.0172915285714286,0.2105,0.3263,0.3684,0.0947,1,"Central high-volume hotspots"
"Newham 033A",95,51.5102889303922,0.066002491503268,0.3053,0.3474,0.1474,0.2,1,"Central high-volume hotspots"
"Newham 039A",95,51.5506423611111,0.00393621929824561,0.3158,0.4211,0.1368,0.1263,1,"Central high-volume hotspots"
"Redbridge 012A",95,51.5781773028369,0.0595456695035461,0.3474,0.2947,0.2526,0.1053,1,"Central high-volume hotspots"
"Richmond upon Thames 023F",95,51.4153625061888,-0.370191875481256,0.2632,0.3474,0.2632,0.1263,1,"Central high-volume hotspots"
"Lewisham 025A",95,51.4410893852246,-0.0128971523640662,0.2421,0.3895,0.2,0.1684,1,"Central high-volume hotspots"
"Sutton 011C",95,51.3715344575661,-0.130845118800705,0.2,0.5263,0.1684,0.1053,1,"Central high-volume hotspots"
"Merton 005F",95,51.4183092944444,-0.178710967283951,0.3684,0.3158,0.2316,0.0842,1,"Central high-volume hotspots"
"Sutton 002E",95,51.3862526939616,-0.186891493513893,0.1474,0.2842,0.4421,0.1263,1,"Central high-volume hotspots"
"Southwark 008E",95,51.4924971932624,-0.0417876485815603,0.4526,0.2211,0.2737,0.0526,1,"Central high-volume hotspots"
"Waltham Forest 020I",95,51.569778824359,-0.0145935807692308,0.2947,0.3895,0.1895,0.1263,1,"Central high-volume hotspots"
"Tower Hamlets 032E",95,51.496543610119,-0.0200895610902256,0.2,0.4105,0.2105,0.1789,1,"Central high-volume hotspots"
"Waltham Forest 007C",95,51.6064546771109,-0.000935520174697098,0.2842,0.2105,0.4421,0.0632,1,"Central high-volume hotspots"
"Waltham Forest 013E",95,51.5899453456896,-0.00569394252873563,0.4,0.2947,0.2632,0.0421,1,"Central high-volume hotspots"
"Bromley 001C",94,51.4295153167607,0.0503767413847118,0.1809,0.5851,0.1064,0.1277,1,"Central high-volume hotspots"
"Croydon 036B",94,51.3392065739257,-0.00390603745644599,0.1809,0.4255,0.2128,0.1809,1,"Central high-volume hotspots"
"Barking and Dagenham 012D",94,51.541646787037,0.12651508117284,0.234,0.4468,0.1277,0.1915,1,"Central high-volume hotspots"
"Barking and Dagenham 013E",94,51.5373429741971,0.151047295099668,0.1915,0.4574,0.1809,0.1702,1,"Central high-volume hotspots"
"Barking and Dagenham 019G",94,51.5236595878307,0.103800448148148,0.3723,0.4043,0.1915,0.0319,1,"Central high-volume hotspots"
"Hackney 029D",94,51.5682140526245,-0.0569503620941558,0.1915,0.2979,0.4149,0.0957,1,"Central high-volume hotspots"
"Barnet 024C",94,51.6008473256074,-0.259312928522838,0.2553,0.2872,0.3404,0.117,1,"Central high-volume hotspots"
"Harrow 021C",94,51.5869669582336,-0.359816946766382,0.3191,0.2021,0.3404,0.1383,1,"Central high-volume hotspots"
"Southwark 024C",94,51.4710123207483,-0.084316643537415,0.2766,0.2553,0.3617,0.1064,1,"Central high-volume hotspots"
"Hillingdon 024A",94,51.520049040873,-0.442823280952381,0.1383,0.4149,0.3404,0.1064,1,"Central high-volume hotspots"
"Merton 014D",94,51.4111298301282,-0.148108716346154,0.2553,0.4149,0.2128,0.117,1,"Central high-volume hotspots"
"Merton 017A",94,51.4096253427536,-0.138642219565217,0.2766,0.4255,0.1809,0.117,1,"Central high-volume hotspots"
"Newham 020C",94,51.5340166028369,0.00863110460992908,0.266,0.3617,0.2766,0.0957,1,"Central high-volume hotspots"
"Haringey 019C",94,51.590241147132,-0.10077093008658,0.3723,0.266,0.2979,0.0638,1,"Central high-volume hotspots"
"Tower Hamlets 014D",94,51.5180919162107,-0.0251838726443769,0.1277,0.4362,0.2021,0.234,1,"Central high-volume hotspots"
"Lambeth 024C",94,51.4423711212381,-0.111583982952381,0.1596,0.4362,0.2766,0.1277,1,"Central high-volume hotspots"
"Lambeth 034B",94,51.4153055490196,-0.124916896078431,0.3617,0.3404,0.1702,0.1277,1,"Central high-volume hotspots"
"Southwark 034A",94,51.4991847130476,-0.103241904380952,0.5532,0.2021,0.1702,0.0745,1,"Central high-volume hotspots"
"Haringey 007A",94,51.5981165593496,-0.113386232926829,0.2234,0.266,0.4255,0.0851,1,"Central high-volume hotspots"
"Tower Hamlets 016B",94,51.51592145,-0.0515217316326531,0.2766,0.266,0.3085,0.1489,1,"Central high-volume hotspots"
"Wandsworth 039C",94,51.4741975860702,-0.136170884671137,0.1277,0.2872,0.5532,0.0319,1,"Central high-volume hotspots"
"Waltham Forest 018D",94,51.575843333642,-0.0327345728395062,0.3191,0.2447,0.2766,0.1596,1,"Central high-volume hotspots"
"Wandsworth 013D",94,51.455667509261,-0.252351397928262,0.2234,0.5213,0.1809,0.0745,1,"Central high-volume hotspots"
"Bromley 041E",93,51.3958113578616,-0.048268448427673,0.3548,0.3656,0.172,0.1075,1,"Central high-volume hotspots"
"Barking and Dagenham 002F",93,51.5701410450135,0.132983658670261,0.3011,0.3548,0.1828,0.1613,1,"Central high-volume hotspots"
"Barking and Dagenham 004E",93,51.5638448657051,0.147948020192308,0.3011,0.3548,0.1935,0.1505,1,"Central high-volume hotspots"
"Barnet 026B",93,51.6018656746675,-0.243848613706564,0.0753,0.4516,0.3226,0.1505,1,"Central high-volume hotspots"
"Barking and Dagenham 019C",93,51.5343860175325,0.0860259682951969,0.1505,0.4409,0.2796,0.129,1,"Central high-volume hotspots"
"Haringey 030D",93,51.5788149774074,-0.148047656296296,0.5269,0.172,0.2043,0.0968,1,"Central high-volume hotspots"
"Bromley 019B",93,51.3955528721065,0.130979729166667,0.3656,0.3118,0.1398,0.1828,1,"Central high-volume hotspots"
"Haringey 005A",93,51.6069934391608,-0.0925769466200466,0.2688,0.4194,0.2688,0.043,1,"Central high-volume hotspots"
"Croydon 016E",93,51.3870390421111,-0.119095833666667,0.2688,0.2688,0.3548,0.1075,1,"Central high-volume hotspots"
"Brent 001B",93,51.5912522918239,-0.282636680188679,0.4409,0.2473,0.2043,0.1075,1,"Central high-volume hotspots"
"Lambeth 020B",93,51.4507805425532,-0.118300108865248,0.2688,0.3763,0.2366,0.1183,1,"Central high-volume hotspots"
"Bexley 004D",93,51.4916335574074,0.163536811851852,0.2581,0.3656,0.2796,0.0968,1,"Central high-volume hotspots"
"Bexley 015E",93,51.4613987396245,0.130157726074332,0.1828,0.3011,0.4086,0.1075,1,"Central high-volume hotspots"
"Redbridge 009G",93,51.5925408681818,0.0310457856060606,0.5806,0.2473,0.1075,0.0645,1,"Central high-volume hotspots"
"Havering 003B",93,51.6027607411924,0.177295897696477,0.172,0.3118,0.3441,0.172,1,"Central high-volume hotspots"
"Hillingdon 029A",93,51.4978479099099,-0.466157446846847,0.2043,0.2581,0.3656,0.172,1,"Central high-volume hotspots"
"Tower Hamlets 011B",93,51.5249068594563,-0.0538365177304965,0.2366,0.3548,0.2473,0.1613,1,"Central high-volume hotspots"
"Waltham Forest 018E",93,51.5750586304458,-0.025384499189463,0.2151,0.3548,0.2903,0.1398,1,"Central high-volume hotspots"
"Wandsworth 035D",93,51.4250186907295,-0.159372175633232,0.3011,0.3548,0.2258,0.1183,1,"Central high-volume hotspots"
"Barking and Dagenham 001B",92,51.5848737914729,0.129366873255814,0.1957,0.3587,0.3478,0.0978,1,"Central high-volume hotspots"
"Bexley 017C",92,51.4553564402872,0.156647241458806,0.1196,0.4674,0.2935,0.1196,1,"Central high-volume hotspots"
"Enfield 007D",92,51.6579912004535,-0.0398235766156463,0.3152,0.4674,0.1739,0.0435,1,"Central high-volume hotspots"
"Ealing 016C",92,51.5253015724806,-0.339886752325581,0.1957,0.4565,0.2717,0.0761,1,"Central high-volume hotspots"
"Barking and Dagenham 011A",92,51.5465932189153,0.106874050925926,0.25,0.3804,0.25,0.1196,1,"Central high-volume hotspots"
"Barnet 012D",92,51.6249386690236,-0.176509892255892,0.1957,0.2391,0.5217,0.0435,1,"Central high-volume hotspots"
"Brent 028E",92,51.5379784447142,-0.199423508923247,0.2065,0.2174,0.4674,0.1087,1,"Central high-volume hotspots"
"Kensington and Chelsea 004A",92,51.5173297712644,-0.201125872988506,0.337,0.2935,0.1739,0.1957,1,"Central high-volume hotspots"
"Ealing 001A",92,51.5509961007407,-0.341805138518519,0.1848,0.413,0.2717,0.1304,1,"Central high-volume hotspots"
"Haringey 029D",92,51.5762837486111,-0.0717694579861111,0.1957,0.3043,0.3804,0.1196,1,"Central high-volume hotspots"
"Croydon 015A",92,51.3911446977778,-0.104657417037037,0.2717,0.3478,0.163,0.2174,1,"Central high-volume hotspots"
"Camden 013E",92,51.5474074033333,-0.199377175666667,0.337,0.1957,0.2283,0.2391,1,"Central high-volume hotspots"
"Enfield 025A",92,51.6296076127218,-0.0412825405695612,0.3043,0.25,0.3043,0.1413,1,"Central high-volume hotspots"
"Croydon 005D",92,51.4019492422381,-0.0991179862380952,0.1522,0.3261,0.3043,0.2174,1,"Central high-volume hotspots"
"Ealing 024A",92,51.5164092142857,-0.25229887414966,0.2935,0.3696,0.2283,0.1087,1,"Central high-volume hotspots"
"Hounslow 026B",92,51.4379418194444,-0.378440036601307,0.1848,0.3696,0.3587,0.087,1,"Central high-volume hotspots"
"Hackney 010G",92,51.5552540704861,-0.0594190111111111,0.2935,0.2065,0.2717,0.2283,1,"Central high-volume hotspots"
"Islington 011E",92,51.550397547619,-0.111632983673469,0.5217,0.1848,0.0978,0.1957,1,"Central high-volume hotspots"
"Newham 027B",92,51.5249411574134,0.0171267282467532,0.2609,0.4348,0.163,0.1413,1,"Central high-volume hotspots"
"Newham 029D",92,51.5213044594246,0.0516709168154762,0.2717,0.4783,0.1739,0.0761,1,"Central high-volume hotspots"
"Redbridge 013A",92,51.5830845547161,0.0879862760989011,0.337,0.3261,0.2391,0.0978,1,"Central high-volume hotspots"
"Redbridge 033C",92,51.547269518998,0.0833056651785714,0.25,0.4457,0.1957,0.1087,1,"Central high-volume hotspots"
"Richmond upon Thames 010E",92,51.4511459241497,-0.358051261904762,0.4891,0.1196,0.3261,0.0652,1,"Central high-volume hotspots"
"Lewisham 015B",92,51.4562287612403,-0.0366691790697674,0.3043,0.3043,0.2935,0.0978,1,"Central high-volume hotspots"
"Lewisham 031C",92,51.4301921367045,0.0356886883585859,0.1739,0.3804,0.2935,0.1522,1,"Central high-volume hotspots"
"Wandsworth 016C",92,51.4549463509259,-0.224300862962963,0.1304,0.2391,0.1957,0.4348,1,"Central high-volume hotspots"
"Hounslow 027D",92,51.4391395481349,-0.411240610833333,0.1739,0.3261,0.4022,0.0978,1,"Central high-volume hotspots"
"Newham 005B",92,51.5475309109127,0.0579790532738095,0.2935,0.413,0.1957,0.0978,1,"Central high-volume hotspots"
"Islington 005D",92,51.5640268639805,-0.115755806196581,0.1087,0.25,0.5217,0.1196,1,"Central high-volume hotspots"
"Southwark 004H",92,51.4959837503472,-0.0646483392361111,0.3478,0.25,0.2174,0.1848,1,"Central high-volume hotspots"
"Tower Hamlets 021I",92,51.5144774693878,-0.0702708163265306,0.2717,0.4348,0.2174,0.0761,1,"Central high-volume hotspots"
"Tower Hamlets 022D",92,51.5123556575203,-0.0481335209349593,0.1957,0.5109,0.2174,0.0761,1,"Central high-volume hotspots"
"Waltham Forest 003A",92,51.6197344199405,0.0048685025974026,0.2717,0.4022,0.2391,0.087,1,"Central high-volume hotspots"
"Waltham Forest 021D",92,51.5681270332792,0.000551719805194805,0.2935,0.25,0.337,0.1196,1,"Central high-volume hotspots"
"Wandsworth 021A",92,51.4483580317829,-0.150418720348837,0.3261,0.1739,0.4457,0.0543,1,"Central high-volume hotspots"
"Wandsworth 003A",92,51.4724019579468,-0.157675427705628,0.2065,0.3478,0.2935,0.1522,1,"Central high-volume hotspots"
"Southwark 013D",92,51.4883709832847,-0.0690567304178814,0.3152,0.2609,0.3152,0.1087,1,"Central high-volume hotspots"
"Westminster 021F",92,51.4924543717172,-0.128079240598291,0.2609,0.2391,0.4348,0.0652,1,"Central high-volume hotspots"
"Croydon 024C",91,51.371650465625,-0.114686736805556,0.1978,0.2967,0.3407,0.1648,1,"Central high-volume hotspots"
"Bexley 010E",91,51.4657287840909,0.181894779545455,0.2308,0.3516,0.1648,0.2527,1,"Central high-volume hotspots"
"Bexley 019H",91,51.4491392291667,0.174530113988095,0.3736,0.2857,0.1099,0.2308,1,"Central high-volume hotspots"
"Croydon 041E",91,51.3300475709184,-0.122614318926142,0.2747,0.3187,0.2527,0.1538,1,"Central high-volume hotspots"
"Havering 028E",91,51.5339572408009,0.183334628138528,0.2637,0.3846,0.2198,0.1319,1,"Central high-volume hotspots"
"Hillingdon 031D",91,51.5009093755556,-0.480887208148148,0.3297,0.2967,0.2308,0.1429,1,"Central high-volume hotspots"
"Hounslow 006G",91,51.4859430966667,-0.309681949333333,0.3736,0.3297,0.1538,0.1429,1,"Central high-volume hotspots"
"Merton 019B",91,51.4003226922349,-0.128161163825758,0.1538,0.4286,0.2088,0.2088,1,"Central high-volume hotspots"
"Croydon 014D",91,51.393774035119,-0.0723382250992063,0.1978,0.4176,0.1868,0.1978,1,"Central high-volume hotspots"
"Brent 003A",91,51.5839808191327,-0.267857829705215,0.2418,0.3407,0.3736,0.044,1,"Central high-volume hotspots"
"Lambeth 028B",91,51.4297494503788,-0.0997235625,0.1758,0.3626,0.3077,0.1538,1,"Central high-volume hotspots"
"Greenwich 001C",91,51.504401648227,0.117496261347518,0.2418,0.4396,0.1209,0.1978,1,"Central high-volume hotspots"
"Greenwich 002A",91,51.4945314874873,0.0869953128672746,0.2198,0.5055,0.0659,0.2088,1,"Central high-volume hotspots"
"Merton 017C",91,51.4055665637037,-0.138810186825397,0.1648,0.4176,0.2967,0.1209,1,"Central high-volume hotspots"
"Merton 018D",91,51.4071087225914,-0.165048723606497,0.3297,0.3736,0.2308,0.0659,1,"Central high-volume hotspots"
"Merton 022E",91,51.3964404900697,-0.173396791173055,0.1648,0.5165,0.2198,0.0989,1,"Central high-volume hotspots"
"Croydon 008C",91,51.3990641196581,-0.0732262701465202,0.1758,0.3736,0.3187,0.1319,1,"Central high-volume hotspots"
"Newham 038C",91,51.5472813141509,-0.00771189371069182,0.5385,0.1868,0.1868,0.0879,1,"Central high-volume hotspots"
"Haringey 011A",91,51.5957101950355,-0.0755317663120567,0.2088,0.2637,0.2967,0.2308,1,"Central high-volume hotspots"
"Lewisham 013D",91,51.4551388157051,0.0113521169871795,0.2418,0.3736,0.2747,0.1099,1,"Central high-volume hotspots"
"Southwark 019C",91,51.4805900637821,-0.0811495525641026,0.4176,0.3297,0.1758,0.0769,1,"Central high-volume hotspots"
"Newham 006B",91,51.5502847335859,0.00920900577200577,0.2637,0.2747,0.4066,0.0549,1,"Central high-volume hotspots"
"Newham 042F",91,51.5032171831066,0.0229813225623583,0.2637,0.3516,0.2637,0.1209,1,"Central high-volume hotspots"
"Waltham Forest 021B",91,51.5716444890023,0.0129495606575964,0.3956,0.1538,0.3516,0.0989,1,"Central high-volume hotspots"
"Kingston upon Thames 006D",91,51.4074808168651,-0.282582802876984,0.2637,0.4176,0.1978,0.1209,1,"Central high-volume hotspots"
"Tower Hamlets 004F",91,51.5324398923395,-0.0235064938923395,0.1978,0.2308,0.3846,0.1868,1,"Central high-volume hotspots"
"Waltham Forest 025D",91,51.5605649972222,-0.00719824305555556,0.2637,0.3516,0.2198,0.1648,1,"Central high-volume hotspots"
"Barking and Dagenham 008A",90,51.5554613153236,0.116873305326618,0.2778,0.4333,0.1889,0.1,1,"Central high-volume hotspots"
"Barking and Dagenham 002D",90,51.5691890054167,0.1450724425,0.3111,0.2889,0.2556,0.1444,1,"Central high-volume hotspots"
"Hounslow 006C",90,51.4883372135387,-0.30353386844071,0.2667,0.3111,0.2778,0.1444,1,"Central high-volume hotspots"
"Barking and Dagenham 010A",90,51.5496174799524,0.163575869238095,0.2778,0.4444,0.2333,0.0444,1,"Central high-volume hotspots"
"Harrow 011D",90,51.6008434355159,-0.33258133110119,0.1889,0.4444,0.1778,0.1889,1,"Central high-volume hotspots"
"Harrow 013F",90,51.5918964333333,-0.328317771666667,0.3222,0.2556,0.2444,0.1778,1,"Central high-volume hotspots"
"Islington 016B",90,51.5434117857143,-0.0967740729166667,0.4333,0.2111,0.2111,0.1444,1,"Central high-volume hotspots"
"Islington 018C",90,51.5368977082304,-0.091090587962963,0.3444,0.2333,0.3667,0.0556,1,"Central high-volume hotspots"
"Newham 034L",90,51.510136343266,0.0157933752525253,0.3333,0.2222,0.3222,0.1222,1,"Central high-volume hotspots"
"Harrow 030C",90,51.5585285106061,-0.359596245454545,0.4444,0.2333,0.2111,0.1111,1,"Central high-volume hotspots"
"Merton 014E",90,51.3991783767361,-0.146415427083333,0.2889,0.2889,0.2778,0.1444,1,"Central high-volume hotspots"
"Merton 024E",90,51.3911302413462,-0.20134875224359,0.2444,0.3556,0.2333,0.1667,1,"Central high-volume hotspots"
"Haringey 007B",90,51.6072716144643,-0.105869148690476,0.3667,0.3,0.2556,0.0778,1,"Central high-volume hotspots"
"Lambeth 033A",90,51.420919644832,-0.0815881903100775,0.2778,0.2778,0.3333,0.1111,1,"Central high-volume hotspots"
"Richmond upon Thames 004G",90,51.4781740493056,-0.278446401388889,0.6333,0.1444,0.1333,0.0889,1,"Central high-volume hotspots"
"Hillingdon 021D",90,51.5220013123016,-0.413597219047619,0.3333,0.1667,0.2,0.3,1,"Central high-volume hotspots"
"Hillingdon 026B",90,51.5137929168956,-0.410488644688645,0.4222,0.3556,0.1,0.1222,1,"Central high-volume hotspots"
"Kensington and Chelsea 015C",90,51.4916711716609,-0.198526274593496,0.2333,0.2333,0.4222,0.1111,1,"Central high-volume hotspots"
"Haringey 004D",90,51.6085054739683,-0.130604778435374,0.3667,0.2333,0.3444,0.0556,1,"Central high-volume hotspots"
"Tower Hamlets 031A",90,51.4903146120988,-0.0219150308641975,0.1889,0.2111,0.3889,0.2111,1,"Central high-volume hotspots"
"Waltham Forest 012C",90,51.5893091874237,-0.0296725067155067,0.2778,0.4222,0.2333,0.0667,1,"Central high-volume hotspots"
"Waltham Forest 015A",90,51.5810363050109,-0.0125585833333333,0.2556,0.1778,0.3556,0.2111,1,"Central high-volume hotspots"
"Wandsworth 031C",90,51.4335649202778,-0.185009752291667,0.3,0.2778,0.3556,0.0667,1,"Central high-volume hotspots"
"Barking and Dagenham 002E",89,51.5699938370833,0.13897893,0.2809,0.3146,0.3034,0.1011,1,"Central high-volume hotspots"
"Enfield 018E",89,51.6424052548309,-0.0520294275362319,0.3146,0.3483,0.2809,0.0562,1,"Central high-volume hotspots"
"Ealing 030C",89,51.5037846524621,-0.335652077840909,0.2584,0.2921,0.382,0.0674,1,"Central high-volume hotspots"
"Barking and Dagenham 014B",89,51.538848953876,0.166493654263566,0.236,0.4157,0.1798,0.1685,1,"Central high-volume hotspots"
"Croydon 019B",89,51.3829072295322,-0.118269744152047,0.2472,0.427,0.1348,0.191,1,"Central high-volume hotspots"
"Enfield 003E",89,51.6689583097182,-0.0268769829931973,0.236,0.4045,0.191,0.1685,1,"Central high-volume hotspots"
"Hammersmith and Fulham 009B",89,51.5012561024971,-0.227468349157956,0.3146,0.2472,0.382,0.0562,1,"Central high-volume hotspots"
"Enfield 026E",89,51.6287118490741,-0.0937697981481481,0.2921,0.3933,0.2022,0.1124,1,"Central high-volume hotspots"
"Enfield 031B",89,51.6190639728682,-0.0822694794573643,0.2247,0.4157,0.191,0.1685,1,"Central high-volume hotspots"
"Camden 005E",89,51.554150918752,-0.195536572616408,0.2584,0.2247,0.4944,0.0225,1,"Central high-volume hotspots"
"Barnet 025E",89,51.6042144939441,-0.235795251604555,0.2472,0.382,0.236,0.1348,1,"Central high-volume hotspots"
"Greenwich 003A",89,51.4974581191489,0.11814514893617,0.3933,0.3596,0.1124,0.1348,1,"Central high-volume hotspots"
"Islington 014E",89,51.5477811248299,-0.0855884017006803,0.2697,0.4157,0.2247,0.0899,1,"Central high-volume hotspots"
"Hammersmith and Fulham 017A",89,51.4811777616931,-0.195453004100529,0.2584,0.3371,0.3596,0.0449,1,"Central high-volume hotspots"
"Lambeth 018A",89,51.4581630741855,-0.110453096741855,0.3034,0.4045,0.236,0.0562,1,"Central high-volume hotspots"
"Lambeth 021D",89,51.4492601756317,-0.122676772303207,0.236,0.382,0.2247,0.1573,1,"Central high-volume hotspots"
"Harrow 021A",89,51.5845624049486,-0.352443442203548,0.3596,0.2697,0.191,0.1798,1,"Central high-volume hotspots"
"Enfield 037D",89,51.6130099636019,-0.0804577543732782,0.2697,0.191,0.3483,0.191,1,"Central high-volume hotspots"
"Newham 015A",89,51.5401836683673,0.0619919401360544,0.2809,0.3708,0.2022,0.1461,1,"Central high-volume hotspots"
"Newham 033G",89,51.5077653756667,0.072648001,0.4157,0.2921,0.1573,0.1348,1,"Central high-volume hotspots"
"Kensington and Chelsea 010A",89,51.4960642207341,-0.183209991468254,0.6067,0.1573,0.1798,0.0562,1,"Central high-volume hotspots"
"Redbridge 020D",89,51.566990065873,0.0929657920634921,0.2022,0.382,0.3146,0.1011,1,"Central high-volume hotspots"
"Redbridge 034C",89,51.5623715045315,0.101122036943164,0.236,0.4157,0.3034,0.0449,1,"Central high-volume hotspots"
"Redbridge 040A",89,51.55698349,0.0816182314285714,0.2135,0.4045,0.3258,0.0562,1,"Central high-volume hotspots"
"Westminster 004C",89,51.5299532756944,-0.214053661458333,0.191,0.3034,0.2584,0.2472,1,"Central high-volume hotspots"
"Southwark 032B",89,51.4460534113636,-0.068655625,0.3596,0.3034,0.2022,0.1348,1,"Central high-volume hotspots"
"Waltham Forest 005D",89,51.620294186039,-0.0200913432900433,0.2135,0.2247,0.4494,0.1124,1,"Central high-volume hotspots"
"Wandsworth 001B",89,51.4762593494934,-0.150889322948328,0.4607,0.236,0.236,0.0674,1,"Central high-volume hotspots"
"Wandsworth 034B",89,51.4307660489286,-0.180225294464286,0.2584,0.3596,0.2809,0.1011,1,"Central high-volume hotspots"
"Hackney 009D",89,51.5619340909091,-0.0733542742424242,0.427,0.2697,0.1798,0.1236,1,"Central high-volume hotspots"
"Bexley 028B",88,51.4195921193311,0.133773508786848,0.2386,0.25,0.3523,0.1591,1,"Central high-volume hotspots"
"Croydon 028E",88,51.3543697908163,-0.105691165986395,0.2386,0.4318,0.1705,0.1591,1,"Central high-volume hotspots"
"Barking and Dagenham 023C",88,51.5640423092105,0.129928296929825,0.1932,0.5,0.1477,0.1591,1,"Central high-volume hotspots"
"Ealing 029A",88,51.5180143930556,-0.362255461111111,0.1477,0.3523,0.4318,0.0682,1,"Central high-volume hotspots"
"Barking and Dagenham 013B",88,51.5441826287879,0.142460272727273,0.3295,0.4205,0.1591,0.0909,1,"Central high-volume hotspots"
"Barking and Dagenham 019D",88,51.5324449031915,0.0933383836879433,0.1932,0.4886,0.1932,0.125,1,"Central high-volume hotspots"
"Ealing 001C",88,51.5545476440569,-0.349955303617571,0.1591,0.3523,0.3864,0.1023,1,"Central high-volume hotspots"
"Haringey 027D",88,51.5849884297386,-0.0960856524276377,0.3977,0.2273,0.2159,0.1591,1,"Central high-volume hotspots"
"Ealing 023A",88,51.5146872688153,-0.377481995722029,0.25,0.4545,0.2159,0.0795,1,"Central high-volume hotspots"
"Havering 007G",88,51.5927603867925,0.232407218238994,0.3636,0.3182,0.2614,0.0568,1,"Central high-volume hotspots"
"Lewisham 013A",88,51.4569203208472,-0.00408357203765227,0.2386,0.3636,0.2841,0.1136,1,"Central high-volume hotspots"
"Barking and Dagenham 022B",88,51.528677729195,0.101854316723356,0.1932,0.3977,0.3409,0.0682,1,"Central high-volume hotspots"
"Kensington and Chelsea 005B",88,51.5099863895349,-0.211750709302326,0.3636,0.2955,0.1932,0.1477,1,"Central high-volume hotspots"
"Havering 014B",88,51.571644754386,0.21698625,0.6932,0.1818,0.0682,0.0568,1,"Central high-volume hotspots"
"Southwark 031B",88,51.4561219589744,-0.0905852173789174,0.3409,0.2955,0.2386,0.125,1,"Central high-volume hotspots"
"Islington 008A",88,51.5602082016507,-0.131654548842079,0.2045,0.3182,0.4091,0.0682,1,"Central high-volume hotspots"
"Newham 016D",88,51.5375734767725,0.0141118907936508,0.2841,0.3523,0.1705,0.1932,1,"Central high-volume hotspots"
"Newham 026A",88,51.5271833892361,0.0218264673611111,0.2386,0.4205,0.1818,0.1591,1,"Central high-volume hotspots"
"Redbridge 009D",88,51.5967536351449,0.0347412467391304,0.2386,0.3636,0.2614,0.1364,1,"Central high-volume hotspots"
"Tower Hamlets 018E",88,51.5177994293478,-0.0145840664855072,0.3409,0.2955,0.2386,0.125,1,"Central high-volume hotspots"
"Lambeth 025D",88,51.4446856099291,-0.10775100212766,0.3068,0.3636,0.1932,0.1364,1,"Central high-volume hotspots"
"Richmond upon Thames 004H",88,51.4728470940193,-0.281858414285714,0.3182,0.25,0.3523,0.0795,1,"Central high-volume hotspots"
"Lewisham 013C",88,51.4548067416667,5.94566666666667e-05,0.3864,0.3409,0.1364,0.1364,1,"Central high-volume hotspots"
"Lewisham 026A",88,51.4333883705234,0.00651061449724518,0.1818,0.5114,0.125,0.1818,1,"Central high-volume hotspots"
"Hillingdon 028B",88,51.5026588559259,-0.434921984074074,0.3295,0.3182,0.2159,0.1364,1,"Central high-volume hotspots"
"Sutton 007B",88,51.3770839329268,-0.199093773170732,0.2841,0.3523,0.25,0.1136,1,"Central high-volume hotspots"
"Tower Hamlets 026A",88,51.5067275897163,-0.0627964546099291,0.5568,0.1818,0.1591,0.1023,1,"Central high-volume hotspots"
"Waltham Forest 012B",88,51.5901044888889,-0.0249457888888889,0.2614,0.2273,0.3409,0.1705,1,"Central high-volume hotspots"
"Westminster 022E",88,51.4889921720779,-0.143021786881978,0.2614,0.1364,0.5795,0.0227,1,"Central high-volume hotspots"
"Croydon 031D",87,51.3463032376374,-0.103186679578755,0.2414,0.3678,0.2069,0.1839,1,"Central high-volume hotspots"
"Croydon 033E",87,51.3433369911111,-0.0631676725925926,0.3218,0.3333,0.2644,0.0805,1,"Central high-volume hotspots"
"Enfield 014C",87,51.6459018407407,-0.03943609,0.2759,0.1954,0.3678,0.1609,1,"Central high-volume hotspots"
"Ealing 010D",87,51.5382920166667,-0.371293882010582,0.2069,0.3103,0.1379,0.3448,1,"Central high-volume hotspots"
"Bromley 040C",87,51.4201278346405,0.0193705209150327,0.2759,0.3563,0.2184,0.1494,1,"Central high-volume hotspots"
"Enfield 018B",87,51.6369040500952,-0.0441622099047619,0.3103,0.4253,0.1149,0.1494,1,"Central high-volume hotspots"
"Bexley 023C",87,51.4424489008547,0.150615057264957,0.3103,0.3103,0.2874,0.092,1,"Central high-volume hotspots"
"Croydon 032E",87,51.3464524227642,-0.00951173577235772,0.2184,0.4138,0.2069,0.1609,1,"Central high-volume hotspots"
"Harrow 031B",87,51.5626757681818,-0.373163513636364,0.2069,0.3678,0.2414,0.1839,1,"Central high-volume hotspots"
"Hounslow 010A",87,51.48169195323,-0.38288353255814,0.2529,0.4023,0.2069,0.1379,1,"Central high-volume hotspots"
"Enfield 033A",87,51.617716460348,-0.0555552489010989,0.2529,0.3793,0.2414,0.1264,1,"Central high-volume hotspots"
"Camden 020D",87,51.5404903010638,-0.180011267730496,0.4713,0.1609,0.2989,0.069,1,"Central high-volume hotspots"
"Barnet 023B",87,51.6016873868056,-0.189491829513889,0.3908,0.1724,0.3448,0.092,1,"Central high-volume hotspots"
"Barnet 025C",87,51.601431710401,-0.198483081892231,0.2069,0.3103,0.3448,0.1379,1,"Central high-volume hotspots"
"Havering 011B",87,51.582320355102,0.170680497035957,0.3908,0.3103,0.1724,0.1264,1,"Central high-volume hotspots"
"Hounslow 017B",87,51.4648030149749,-0.374068339912281,0.2184,0.3218,0.3448,0.1149,1,"Central high-volume hotspots"
"Hounslow 017D",87,51.4689680182011,-0.38027700994709,0.2529,0.4023,0.1954,0.1494,1,"Central high-volume hotspots"
"Newham 031D",87,51.5187676604167,0.0300705,0.1724,0.3563,0.3563,0.1149,1,"Central high-volume hotspots"
"Greenwich 011F",87,51.4804599124113,0.077363945035461,0.2874,0.2759,0.2989,0.1379,1,"Central high-volume hotspots"
"Hillingdon 022A",87,51.5249259933001,-0.475942563898117,0.1954,0.2529,0.3218,0.2299,1,"Central high-volume hotspots"
"Merton 019E",87,51.4005245964286,-0.133239089285714,0.3448,0.4023,0.1379,0.1149,1,"Central high-volume hotspots"
"Hounslow 021A",87,51.46156184,-0.378389265502646,0.2069,0.4138,0.1724,0.2069,1,"Central high-volume hotspots"
"Newham 036B",87,51.5131905371795,0.031090858974359,0.4023,0.3103,0.1839,0.1034,1,"Central high-volume hotspots"
"Hillingdon 004C",87,51.5952840101343,-0.414025197924298,0.2069,0.4253,0.1954,0.1724,1,"Central high-volume hotspots"
"Hillingdon 018A",87,51.5316724630952,-0.421353233786848,0.2989,0.2874,0.3908,0.023,1,"Central high-volume hotspots"
"Redbridge 003A",87,51.6066160313953,0.0974103174418605,0.1954,0.3908,0.2299,0.1839,1,"Central high-volume hotspots"
"Wandsworth 039E",87,51.4738060749373,-0.151907406871345,0.2069,0.4138,0.2874,0.092,1,"Central high-volume hotspots"
"Waltham Forest 008A",87,51.6002112979798,-0.00483015824915825,0.2299,0.5057,0.2414,0.023,1,"Central high-volume hotspots"
"Wandsworth 037D",87,51.4268014666667,-0.140717736848073,0.1839,0.4598,0.2874,0.069,1,"Central high-volume hotspots"
"Westminster 021D",87,51.492887738215,-0.131874090504367,0.1034,0.1724,0.6897,0.0345,1,"Central high-volume hotspots"
"Ealing 031F",86,51.5071131214815,-0.307043164074074,0.4186,0.2326,0.3023,0.0465,1,"Central high-volume hotspots"
"Bromley 014C",86,51.410877548062,0.106812251162791,0.186,0.3721,0.2326,0.2093,1,"Central high-volume hotspots"
"Ealing 012A",86,51.5193126975684,-0.356739563069909,0.1977,0.4186,0.2326,0.1512,1,"Central high-volume hotspots"
"Greenwich 038A",86,51.4705498215947,-0.01673767303433,0.1977,0.4884,0.2093,0.1047,1,"Central high-volume hotspots"
"Brent 010E",86,51.5628276875,-0.260262977272727,0.2674,0.3023,0.2093,0.2209,1,"Central high-volume hotspots"
"Brent 019A",86,51.5552560168651,-0.305407174007936,0.1977,0.3837,0.2558,0.1628,1,"Central high-volume hotspots"
"Ealing 019E",86,51.5144622134058,-0.310407210144928,0.3023,0.3256,0.2907,0.0814,1,"Central high-volume hotspots"
"Havering 009C",86,51.5987066286232,0.167790721014493,0.5233,0.2442,0.1047,0.1279,1,"Central high-volume hotspots"
"Barnet 024H",86,51.6038408630952,-0.26722525297619,0.2674,0.2442,0.3023,0.186,1,"Central high-volume hotspots"
"Greenwich 001D",86,51.5019650620701,0.11277330462963,0.1744,0.3953,0.2791,0.1512,1,"Central high-volume hotspots"
"Bromley 022C",86,51.3905012560284,0.0741672283687943,0.3837,0.2674,0.2093,0.1395,1,"Central high-volume hotspots"
"Hackney 020E",86,51.540737482971,-0.0688070996376812,0.3023,0.314,0.2907,0.093,1,"Central high-volume hotspots"
"Kensington and Chelsea 019C",86,51.4878161929564,-0.174301963293651,0.5465,0.1744,0.2326,0.0465,1,"Central high-volume hotspots"
"Haringey 025C",86,51.5846079359477,-0.0672817781045752,0.3256,0.2907,0.2558,0.1279,1,"Central high-volume hotspots"
"Lewisham 018D",86,51.4483706767442,-0.0158582062015504,0.314,0.3372,0.2093,0.1395,1,"Central high-volume hotspots"
"Lewisham 030C",86,51.4334789575397,-0.00195501150793651,0.2209,0.314,0.2907,0.1744,1,"Central high-volume hotspots"
"Lewisham 041C",86,51.4575630132114,-0.012334943902439,0.2907,0.2209,0.3953,0.093,1,"Central high-volume hotspots"
"Merton 006A",86,51.4165530873016,-0.18335422172619,0.4186,0.3372,0.1279,0.1163,1,"Central high-volume hotspots"
"Islington 003F",86,51.5628683352638,-0.122542580566281,0.3256,0.186,0.4535,0.0349,1,"Central high-volume hotspots"
"Kensington and Chelsea 010C",86,51.498831322695,-0.18644184751773,0.5465,0.1744,0.1512,0.1279,1,"Central high-volume hotspots"
"Lewisham 037C",86,51.4284593959235,0.0110862297979798,0.407,0.3837,0.1512,0.0581,1,"Central high-volume hotspots"
"Hillingdon 018B",86,51.5271382249084,-0.433568352106227,0.3837,0.3372,0.1512,0.1279,1,"Central high-volume hotspots"
"Hillingdon 020E",86,51.5261186997354,-0.393203198677249,0.4651,0.2209,0.2442,0.0698,1,"Central high-volume hotspots"
"Southwark 026D",86,51.4648729782313,-0.0620058250566893,0.3256,0.3023,0.2674,0.1047,1,"Central high-volume hotspots"
"Hounslow 031C",86,51.4836981204861,-0.304446001537698,0.3721,0.3372,0.2442,0.0465,1,"Central high-volume hotspots"
"Newham 006A",86,51.5502684969298,0.0157391271929825,0.1977,0.2791,0.4186,0.1047,1,"Central high-volume hotspots"
"Sutton 003C",86,51.3845211003704,-0.211502722592593,0.3256,0.3721,0.2093,0.093,1,"Central high-volume hotspots"
"Tower Hamlets 030D",86,51.4902165724513,-0.00578753349025974,0.1163,0.4419,0.2674,0.1744,1,"Central high-volume hotspots"
"Lambeth 031E",86,51.4232720130719,-0.10744337745098,0.3488,0.3721,0.2209,0.0581,1,"Central high-volume hotspots"
"Wandsworth 027A",86,51.4437362627125,-0.164193744013304,0.3372,0.1628,0.407,0.093,1,"Central high-volume hotspots"
"Southwark 017E",86,51.48531291,-0.0967429293333333,0.314,0.314,0.2907,0.0814,1,"Central high-volume hotspots"
"Newham 002A",86,51.5548195240212,0.0611816803703704,0.3721,0.407,0.093,0.1279,1,"Central high-volume hotspots"
"Bexley 001C",85,51.5106115751355,0.129126145392954,0.2353,0.4706,0.1882,0.1059,1,"Central high-volume hotspots"
"Brent 027G",85,51.5379476742424,-0.258089553030303,0.3294,0.2824,0.1882,0.2,1,"Central high-volume hotspots"
"Bromley 002D",85,51.4193200646259,0.0678958863945578,0.4118,0.2941,0.2118,0.0824,1,"Central high-volume hotspots"
"Ealing 018D",85,51.5144976391837,-0.322781226870748,0.2235,0.2353,0.5059,0.0353,1,"Central high-volume hotspots"
"Brent 020C",85,51.5462861413333,-0.274223754666667,0.3294,0.2941,0.1882,0.1882,1,"Central high-volume hotspots"
"Croydon 025D",85,51.3752388735261,-0.0298502787414966,0.2235,0.3529,0.1647,0.2588,1,"Central high-volume hotspots"
"Greenwich 034B",85,51.4570116392361,0.0131430239583333,0.3294,0.3059,0.2471,0.1176,1,"Central high-volume hotspots"
"Barking and Dagenham 021D",85,51.5340539399093,0.0826937080498866,0.2353,0.3882,0.2824,0.0941,1,"Central high-volume hotspots"
"Hackney 028D",85,51.5618326996528,-0.0479494776785714,0.2235,0.3176,0.1647,0.2941,1,"Central high-volume hotspots"
"Barking and Dagenham 021C",85,51.5305392604167,0.086168609375,0.3765,0.4588,0.0588,0.1059,1,"Central high-volume hotspots"
"Enfield 032E",85,51.6174901689542,-0.134512428431373,0.4941,0.2471,0.1765,0.0824,1,"Central high-volume hotspots"
"Enfield 035F",85,51.6124410481859,-0.0843003798185941,0.2353,0.2235,0.3647,0.1765,1,"Central high-volume hotspots"
"Barking and Dagenham 019A",85,51.5366284141667,0.0968056022619048,0.1765,0.4588,0.2353,0.1294,1,"Central high-volume hotspots"
"Hammersmith and Fulham 015D",85,51.4878761577425,-0.203758848306878,0.2235,0.2941,0.3176,0.1647,1,"Central high-volume hotspots"
"Haringey 015B",85,51.5964869288549,-0.0598576035714286,0.1882,0.4118,0.1647,0.2353,1,"Central high-volume hotspots"
"Lambeth 005D",85,51.4762298655797,-0.102203648188406,0.2235,0.3176,0.3059,0.1529,1,"Central high-volume hotspots"
"Lambeth 006D",85,51.4753350178571,-0.12273901547619,0.2588,0.3059,0.3294,0.1059,1,"Central high-volume hotspots"
"Hackney 015C",85,51.5557624412879,-0.0432285700757576,0.3294,0.3176,0.2706,0.0824,1,"Central high-volume hotspots"
"Camden 010B",85,51.5503217074468,-0.192589526595745,0.4118,0.2588,0.2941,0.0353,1,"Central high-volume hotspots"
"Merton 012B",85,51.4075122826923,-0.181043101923077,0.2118,0.3647,0.2353,0.1882,1,"Central high-volume hotspots"
"Merton 020D",85,51.3977724861789,-0.24408032398374,0.3765,0.2353,0.3176,0.0706,1,"Central high-volume hotspots"
"Redbridge 008B",85,51.5970440338469,0.0633093330999066,0.3294,0.3059,0.2,0.1647,1,"Central high-volume hotspots"
"Harrow 025D",85,51.5741746611979,-0.363395134461806,0.1412,0.4824,0.3412,0.0353,1,"Central high-volume hotspots"
"Wandsworth 018D",85,51.4521376067155,-0.196638775946276,0.3412,0.3882,0.1765,0.0941,1,"Central high-volume hotspots"
"Newham 011A",85,51.539557487037,0.0424135296296296,0.3176,0.3412,0.2353,0.1059,1,"Central high-volume hotspots"
"Newham 007D",85,51.5461866321429,0.0330833451345756,0.3176,0.2824,0.3294,0.0706,1,"Central high-volume hotspots"
"Tower Hamlets 020F",85,51.5157806801802,-0.01821245,0.2588,0.3882,0.2941,0.0588,1,"Central high-volume hotspots"
"Waltham Forest 027E",85,51.5582431164286,0.00245283398809524,0.2235,0.4235,0.1882,0.1647,1,"Central high-volume hotspots"
"Waltham Forest 008B",85,51.6006851362963,-0.0135377711111111,0.3059,0.3059,0.2824,0.1059,1,"Central high-volume hotspots"
"Waltham Forest 014D",85,51.5917862764724,-0.0353246638471178,0.2706,0.3765,0.2118,0.1412,1,"Central high-volume hotspots"
"Hounslow 031D",85,51.4847918956456,-0.301244073573574,0.4118,0.1412,0.3529,0.0941,1,"Central high-volume hotspots"
"Wandsworth 013C",85,51.4636793066877,-0.250499226855742,0.1294,0.4,0.3647,0.1059,1,"Central high-volume hotspots"
"Westminster 004B",85,51.5303507231707,-0.209331711788618,0.2471,0.2353,0.2588,0.2588,1,"Central high-volume hotspots"
"Westminster 005C",85,51.5307831159259,-0.200864757777778,0.2235,0.2941,0.4,0.0824,1,"Central high-volume hotspots"
"Brent 027D",84,51.5396092814286,-0.260024757380952,0.2976,0.3929,0.2381,0.0714,1,"Central high-volume hotspots"
"Ealing 039B",84,51.4968566968254,-0.304275273015873,0.3452,0.2738,0.3095,0.0714,1,"Central high-volume hotspots"
"Barnet 027C",84,51.6006848245614,-0.170699940789474,0.2619,0.381,0.3214,0.0357,1,"Central high-volume hotspots"
"Ealing 017A",84,51.5239275927045,-0.373904943101343,0.2262,0.3214,0.3452,0.1071,1,"Central high-volume hotspots"
"Croydon 014E",84,51.3906973539116,-0.0763497380385487,0.1429,0.4286,0.2738,0.1548,1,"Central high-volume hotspots"
"Hackney 024E",84,51.5371651906504,-0.0684979365853658,0.2024,0.2381,0.3929,0.1667,1,"Central high-volume hotspots"
"Greenwich 028A",84,51.4492511274074,0.0650674751322751,0.2381,0.3095,0.3452,0.1071,1,"Central high-volume hotspots"
"Greenwich 017A",84,51.4745258685714,0.0923639406349206,0.4167,0.3095,0.2381,0.0357,1,"Central high-volume hotspots"
"Croydon 005A",84,51.4058550043198,-0.102576833752418,0.2619,0.2857,0.2619,0.1905,1,"Central high-volume hotspots"
"Bexley 016E",84,51.4629641159091,0.102591627272727,0.3214,0.2857,0.3452,0.0476,1,"Central high-volume hotspots"
"Brent 012C",84,51.5659302616279,-0.288470036821705,0.2857,0.2619,0.2976,0.1548,1,"Central high-volume hotspots"
"Lambeth 011A",84,51.4692706612319,-0.10987547173913,0.2262,0.4048,0.25,0.119,1,"Central high-volume hotspots"
"Lewisham 005D",84,51.4685554614512,-0.0347453015873016,0.2976,0.2738,0.3095,0.119,1,"Central high-volume hotspots"
"Lewisham 007D",84,51.4707745957265,-0.0131822395299145,0.2381,0.4762,0.1667,0.119,1,"Central high-volume hotspots"
"Enfield 036B",84,51.6106723278646,-0.112787261979167,0.2619,0.2857,0.2857,0.1667,1,"Central high-volume hotspots"
"Hillingdon 023E",84,51.5150072586956,-0.392249723913043,0.3452,0.2381,0.3333,0.0833,1,"Central high-volume hotspots"
"Merton 004A",84,51.4230362045455,-0.208131744318182,0.369,0.3571,0.2143,0.0595,1,"Central high-volume hotspots"
"Croydon 007B",84,51.4028998868421,-0.0829676342105263,0.2976,0.2738,0.2976,0.131,1,"Central high-volume hotspots"
"Newham 005C",84,51.553504146748,0.0644601711382114,0.2262,0.4524,0.2024,0.119,1,"Central high-volume hotspots"
"Newham 029A",84,51.5242393660022,0.0569622104097453,0.3571,0.3452,0.1905,0.1071,1,"Central high-volume hotspots"
"Lewisham 040A",84,51.4673663306818,-0.0154211056818182,0.25,0.3452,0.2976,0.1071,1,"Central high-volume hotspots"
"Hillingdon 005B",84,51.5759900314465,-0.430964305031447,0.4286,0.1905,0.25,0.131,1,"Central high-volume hotspots"
"Southwark 004I",84,51.4945119574603,-0.073585574484127,0.2976,0.381,0.2619,0.0595,1,"Central high-volume hotspots"
"Westminster 005D",84,51.5283988982993,-0.200487030272109,0.4048,0.2143,0.2024,0.1786,1,"Central high-volume hotspots"
"Islington 006D",84,51.5586347678295,-0.0995570531007752,0.3571,0.2738,0.2857,0.0833,1,"Central high-volume hotspots"
"Tower Hamlets 014I",84,51.5164675910853,-0.0246444098837209,0.2024,0.2262,0.369,0.2024,1,"Central high-volume hotspots"
"Westminster 001A",84,51.5350688385417,-0.169979076388889,0.4762,0.1905,0.2619,0.0714,1,"Central high-volume hotspots"
"Waltham Forest 019C",84,51.5744973578014,0.00269075141843972,0.4286,0.2976,0.2143,0.0595,1,"Central high-volume hotspots"
"Westminster 009A",84,51.5263478939024,-0.166741533333333,0.2381,0.3571,0.2619,0.1429,1,"Central high-volume hotspots"
"Wandsworth 022D",84,51.4461614232026,-0.213421790978058,0.1548,0.2143,0.5476,0.0833,1,"Central high-volume hotspots"
"Barking and Dagenham 006E",83,51.5533010837037,0.157354964444444,0.2651,0.3494,0.2892,0.0964,1,"Central high-volume hotspots"
"Bromley 001A",83,51.4368252641844,0.0413531666666667,0.4819,0.2289,0.1807,0.1084,1,"Central high-volume hotspots"
"Harrow 033B",83,51.5880139407828,-0.298622304924242,0.241,0.3373,0.2771,0.1446,1,"Central high-volume hotspots"
"Bexley 026A",83,51.4284566729167,0.0986758961309524,0.253,0.3494,0.3012,0.0964,1,"Central high-volume hotspots"
"Enfield 004D",83,51.6679638445578,-0.085579612244898,0.3855,0.2289,0.2048,0.1807,1,"Central high-volume hotspots"
"Enfield 019B",83,51.6460285960145,-0.112750362318841,0.3855,0.3855,0.1807,0.0482,1,"Central high-volume hotspots"
"Barnet 018A",83,51.6164451287879,-0.274257404545455,0.241,0.2651,0.3012,0.1928,1,"Central high-volume hotspots"
"Greenwich 034D",83,51.4519844315217,0.0279678684782609,0.3253,0.253,0.2289,0.1928,1,"Central high-volume hotspots"
"Hammersmith and Fulham 010A",83,51.4989139891304,-0.218195891304348,0.3253,0.3494,0.241,0.0843,1,"Central high-volume hotspots"
"Brent 018C",83,51.5534693333333,-0.234819840425532,0.253,0.3253,0.1446,0.2771,1,"Central high-volume hotspots"
"Camden 007D",83,51.5488688522727,-0.149359552462121,0.3373,0.3133,0.2771,0.0723,1,"Central high-volume hotspots"
"Barnet 012B",83,51.6179479770833,-0.183707052083333,0.3133,0.253,0.3855,0.0482,1,"Central high-volume hotspots"
"Merton 012C",83,51.405343162037,-0.180931972222222,0.1446,0.3253,0.3855,0.1446,1,"Central high-volume hotspots"
"Croydon 013E",83,51.3925068755952,-0.0929108449404762,0.1446,0.4217,0.2892,0.1446,1,"Central high-volume hotspots"
"Hackney 015B",83,51.5498679524306,-0.0381520732638889,0.2169,0.4819,0.1687,0.1325,1,"Central high-volume hotspots"
"Hackney 019E",83,51.5427577934028,-0.0512248472222222,0.3494,0.3373,0.1807,0.1325,1,"Central high-volume hotspots"
"Hounslow 009D",83,51.4787188214286,-0.342779493197279,0.3494,0.2651,0.3133,0.0723,1,"Central high-volume hotspots"
"Kingston upon Thames 018A",83,51.3654762718254,-0.299443010204082,0.3373,0.2289,0.2892,0.1446,1,"Central high-volume hotspots"
"Havering 002B",83,51.6088368194922,0.238059634029484,0.1807,0.4337,0.241,0.1446,1,"Central high-volume hotspots"
"Lewisham 010A",83,51.4599204407407,-0.043531037037037,0.5422,0.2289,0.1687,0.0602,1,"Central high-volume hotspots"
"Newham 024B",83,51.5275106598639,0.0534645612244898,0.3855,0.2892,0.2048,0.1205,1,"Central high-volume hotspots"
"Hillingdon 022C",83,51.5289342294574,-0.478813907751938,0.2048,0.2892,0.3253,0.1807,1,"Central high-volume hotspots"
"Hounslow 029A",83,51.4907733620155,-0.271173191860465,0.4337,0.1928,0.3012,0.0723,1,"Central high-volume hotspots"
"Hackney 007A",83,51.5673757019643,-0.0957525517857143,0.253,0.2651,0.4096,0.0723,1,"Central high-volume hotspots"
"Redbridge 035H",83,51.5748724016796,0.0479365147286822,0.253,0.3855,0.2289,0.1325,1,"Central high-volume hotspots"
"Lambeth 032C",83,51.4284967083333,-0.134124625,0.253,0.3253,0.2771,0.1446,1,"Central high-volume hotspots"
"Richmond upon Thames 003D",83,51.4695749341085,-0.269930467054264,0.3494,0.2771,0.241,0.1325,1,"Central high-volume hotspots"
"Waltham Forest 006C",83,51.6120573412281,-0.0220943934210526,0.3373,0.3614,0.2048,0.0964,1,"Central high-volume hotspots"
"Lewisham 014D",83,51.4568125124113,-0.0279532393617021,0.2892,0.3133,0.2892,0.1084,1,"Central high-volume hotspots"
"Lewisham 019B",83,51.4478904388889,-0.0385264673076923,0.1687,0.3253,0.4096,0.0964,1,"Central high-volume hotspots"
"Lewisham 028D",83,51.4325918233135,-0.0612207430059524,0.253,0.3012,0.3494,0.0964,1,"Central high-volume hotspots"
"Wandsworth 016D",83,51.4548578353175,-0.238365878968254,0.3253,0.2651,0.2892,0.1205,1,"Central high-volume hotspots"
"Hillingdon 004A",83,51.5825622387153,-0.407613626157407,0.3012,0.1566,0.4096,0.1325,1,"Central high-volume hotspots"
"Hillingdon 021E",83,51.5208662495238,-0.407399359404762,0.3373,0.3012,0.2892,0.0723,1,"Central high-volume hotspots"
"Southwark 031D",83,51.4514327430303,-0.0990735509090909,0.5542,0.1325,0.1807,0.1325,1,"Central high-volume hotspots"
"Sutton 021C",83,51.3579583501481,-0.18711253320802,0.1446,0.4337,0.3735,0.0482,1,"Central high-volume hotspots"
"Haringey 004C",83,51.6004711164021,-0.1184189619709,0.1687,0.2289,0.5301,0.0723,1,"Central high-volume hotspots"
"Tower Hamlets 007C",83,51.5242660763889,-0.0459122236111111,0.253,0.3253,0.1807,0.241,1,"Central high-volume hotspots"
"Tower Hamlets 035A",83,51.5092736462585,-0.00300646428571429,0.4458,0.253,0.1325,0.1687,1,"Central high-volume hotspots"
"Waltham Forest 025B",83,51.5628625826797,-0.00945657908496732,0.3133,0.2892,0.253,0.1446,1,"Central high-volume hotspots"
"Wandsworth 035E",83,51.422211581761,-0.162931581761006,0.2048,0.3614,0.241,0.1928,1,"Central high-volume hotspots"
"Barking and Dagenham 007E",82,51.5544853202922,0.13968386017316,0.2561,0.4146,0.2561,0.0732,1,"Central high-volume hotspots"
"Ealing 029B",82,51.5166519088095,-0.357827873928571,0.1463,0.3902,0.3049,0.1585,1,"Central high-volume hotspots"
"Bromley 006C",82,51.4128640819444,-0.0286951010416667,0.5732,0.2439,0.122,0.061,1,"Central high-volume hotspots"
"Croydon 017D",82,51.3806493962093,-0.0755862526140526,0.2317,0.1829,0.4634,0.122,1,"Central high-volume hotspots"
"Croydon 021D",82,51.382944085461,-0.0695363730496454,0.2927,0.2927,0.3415,0.0732,1,"Central high-volume hotspots"
"Croydon 045A",82,51.3883372764228,-0.0600822886178862,0.2073,0.2805,0.3659,0.1463,1,"Central high-volume hotspots"
"Greenwich 032B",82,51.432493697037,0.0611811374074074,0.1707,0.3049,0.2805,0.2439,1,"Central high-volume hotspots"
"Ealing 015C",82,51.5256257248227,-0.253573375177305,0.378,0.3049,0.2195,0.0976,1,"Central high-volume hotspots"
"Croydon 015B",82,51.3873949983766,-0.100641677218615,0.2683,0.3902,0.2439,0.0976,1,"Central high-volume hotspots"
"Harrow 020A",82,51.5832504424242,-0.33861909469697,0.2195,0.3293,0.3415,0.1098,1,"Central high-volume hotspots"
"Camden 013B",82,51.5487307736928,-0.200327615196078,0.3171,0.2195,0.3902,0.0732,1,"Central high-volume hotspots"
"Islington 014C",82,51.5398853942308,-0.087220171474359,0.4024,0.3537,0.1341,0.1098,1,"Central high-volume hotspots"
"Islington 017C",82,51.5383952777778,-0.111182718253968,0.3171,0.2317,0.3659,0.0854,1,"Central high-volume hotspots"
"Lambeth 003G",82,51.4885433068182,-0.118978873106061,0.3293,0.4268,0.1585,0.0854,1,"Central high-volume hotspots"
"Lambeth 009A",82,51.4693192938775,-0.104309424943311,0.2561,0.3171,0.378,0.0488,1,"Central high-volume hotspots"
"Lambeth 010A",82,51.4649023745833,-0.125727199166667,0.2683,0.378,0.2805,0.0732,1,"Central high-volume hotspots"
"Lambeth 022B",82,51.4444501807018,-0.124844381578947,0.2317,0.4756,0.2317,0.061,1,"Central high-volume hotspots"
"Hillingdon 030B",82,51.4992651440476,-0.433659506488095,0.3171,0.2195,0.4024,0.061,1,"Central high-volume hotspots"
"Hackney 013C",82,51.5558797269504,-0.0386798758865248,0.2927,0.2805,0.3659,0.061,1,"Central high-volume hotspots"
"Hammersmith and Fulham 019A",82,51.4823685256098,-0.20669018902439,0.378,0.2439,0.3293,0.0488,1,"Central high-volume hotspots"
"Hammersmith and Fulham 021E",82,51.4731569528369,-0.204887556737589,0.439,0.2683,0.2439,0.0488,1,"Central high-volume hotspots"
"Redbridge 010A",82,51.5942637560847,0.0813038453703704,0.2317,0.4512,0.2317,0.0854,1,"Central high-volume hotspots"
"Redbridge 031F",82,51.5589527422306,0.0974440231829574,0.3171,0.3415,0.2439,0.0976,1,"Central high-volume hotspots"
"Lewisham 020C",82,51.4422346346667,-0.0316684656666667,0.3049,0.4146,0.1463,0.1341,1,"Central high-volume hotspots"
"Lewisham 034A",82,51.4281475612245,-0.0228317602040816,0.1585,0.439,0.2805,0.122,1,"Central high-volume hotspots"
"Wandsworth 011A",82,51.4607575567376,-0.219736143262411,0.4512,0.2195,0.2439,0.0854,1,"Central high-volume hotspots"
"Kensington and Chelsea 011E",82,51.5004582996795,-0.197238808974359,0.5854,0.1341,0.2073,0.0732,1,"Central high-volume hotspots"
"Tower Hamlets 003B",82,51.5299734117886,-0.0377443272357724,0.2683,0.2927,0.3659,0.0732,1,"Central high-volume hotspots"
"Tower Hamlets 025B",82,51.5110276633333,-0.0581981643333333,0.3171,0.3049,0.2561,0.122,1,"Central high-volume hotspots"
"Southwark 011C",82,51.4939977372093,-0.0596229065891473,0.378,0.2683,0.2195,0.1341,1,"Central high-volume hotspots"
"Westminster 015E",82,51.5154568120567,-0.165386329787234,0.3902,0.2195,0.2561,0.1341,1,"Central high-volume hotspots"
"Barking and Dagenham 007B",81,51.5524553755556,0.132660951111111,0.1852,0.4938,0.1852,0.1358,1,"Central high-volume hotspots"
"Brent 016C",81,51.5556500989316,-0.321681320940171,0.1605,0.3951,0.2346,0.2099,1,"Central high-volume hotspots"
"Bromley 026B",81,51.3886801315217,0.0508108043478261,0.3086,0.2963,0.2593,0.1358,1,"Central high-volume hotspots"
"Croydon 022E",81,51.3775502430233,-0.0835458984496124,0.284,0.3086,0.321,0.0864,1,"Central high-volume hotspots"
"Enfield 007E",81,51.6567749972944,-0.0333097424242424,0.2963,0.3951,0.2099,0.0988,1,"Central high-volume hotspots"
"Hammersmith and Fulham 001G",81,51.5122611649306,-0.224387753472222,0.3457,0.4074,0.1481,0.0988,1,"Central high-volume hotspots"
"Ealing 006A",81,51.5406750797872,-0.357804039361702,0.3704,0.358,0.1605,0.1111,1,"Central high-volume hotspots"
"Ealing 008E",81,51.531928110119,-0.382437934361472,0.2716,0.3333,0.2222,0.1728,1,"Central high-volume hotspots"
"Havering 005E",81,51.5998838802083,0.15808775,0.3827,0.2099,0.284,0.1235,1,"Central high-volume hotspots"
"Haringey 035A",81,51.5741626748062,-0.139915273643411,0.3457,0.3086,0.2716,0.0741,1,"Central high-volume hotspots"
"Camden 001E",81,51.5682800985185,-0.150729468888889,0.5432,0.1481,0.1852,0.1235,1,"Central high-volume hotspots"
"Hounslow 001C",81,51.4955039061594,-0.253258349637681,0.6296,0.1605,0.1235,0.0864,1,"Central high-volume hotspots"
"Hounslow 012A",81,51.4784025651852,-0.360082547407407,0.4074,0.3086,0.2099,0.0741,1,"Central high-volume hotspots"
"Lambeth 008D",81,51.4733892623016,-0.121789754761905,0.2469,0.3086,0.3704,0.0741,1,"Central high-volume hotspots"
"Lambeth 017D",81,51.4609713379845,-0.129832897674419,0.2716,0.1975,0.3457,0.1852,1,"Central high-volume hotspots"
"Lambeth 019E",81,51.4568111899225,-0.138094362403101,0.5802,0.284,0.0741,0.0617,1,"Central high-volume hotspots"
"Lewisham 006A",81,51.4750652103704,-0.0491010088888889,0.1975,0.4074,0.3086,0.0864,1,"Central high-volume hotspots"
"Lewisham 035A",81,51.4252324703907,-0.0435066426739927,0.1975,0.2593,0.3951,0.1481,1,"Central high-volume hotspots"
"Merton 023E",81,51.3994652755102,-0.193080668367347,0.4568,0.3086,0.1358,0.0988,1,"Central high-volume hotspots"
"Richmond upon Thames 022D",81,51.423315982963,-0.312033173333333,0.2099,0.3457,0.3704,0.0741,1,"Central high-volume hotspots"
"Wandsworth 027B",81,51.4435209771242,-0.154008602614379,0.5432,0.1852,0.1728,0.0988,1,"Central high-volume hotspots"
"Sutton 006B",81,51.3768104050388,-0.241882097932817,0.3333,0.1975,0.3704,0.0988,1,"Central high-volume hotspots"
"Tower Hamlets 008A",81,51.5282123841667,-0.01579974625,0.2346,0.358,0.321,0.0864,1,"Central high-volume hotspots"
"Tower Hamlets 021A",81,51.5125498854167,-0.0633547,0.2099,0.2346,0.4321,0.1235,1,"Central high-volume hotspots"
"Tower Hamlets 025C",81,51.5116961625926,-0.0558509366666667,0.1728,0.358,0.2963,0.1728,1,"Central high-volume hotspots"
"Newham 008E",81,51.5415383548872,0.0254825656015038,0.3827,0.2469,0.2593,0.1111,1,"Central high-volume hotspots"
"Barnet 009B",80,51.6330276074074,-0.144733701851852,0.2875,0.3875,0.2625,0.0625,1,"Central high-volume hotspots"
"Bexley 028D",80,51.4170658699187,0.116269358739837,0.4125,0.325,0.15,0.1125,1,"Central high-volume hotspots"
"Brent 025F",80,51.5435647869919,-0.253799401626016,0.25,0.325,0.2625,0.1625,1,"Central high-volume hotspots"
"Barnet 043F",80,51.589940199375,-0.249014484791667,0.3375,0.2125,0.375,0.075,1,"Central high-volume hotspots"
"Barking and Dagenham 007F",80,51.5531386889098,0.127069763053467,0.2125,0.4125,0.1625,0.2125,1,"Central high-volume hotspots"
"Croydon 023D",80,51.374297682963,-0.0848022085185185,0.1875,0.3625,0.3125,0.1375,1,"Central high-volume hotspots"
"Bromley 034D",80,51.3766312924528,0.0144395188679245,0.475,0.275,0.1625,0.0875,1,"Central high-volume hotspots"
"Croydon 040C",80,51.3258849916667,-0.103593502777778,0.5125,0.2125,0.2,0.075,1,"Central high-volume hotspots"
"Barking and Dagenham 013F",80,51.53725736875,0.14652786875,0.2625,0.4625,0.2,0.075,1,"Central high-volume hotspots"
"Barking and Dagenham 013D",80,51.5391721055556,0.146297623703704,0.2,0.35,0.2625,0.1875,1,"Central high-volume hotspots"
"Enfield 008E",80,51.6598772093496,-0.0784755467479675,0.2875,0.35,0.2125,0.15,1,"Central high-volume hotspots"
"Bexley 008B",80,51.4773703135965,0.186643978070175,0.1,0.3125,0.3375,0.25,1,"Central high-volume hotspots"
"Harrow 009B",80,51.598006054878,-0.394838597560976,0.3875,0.25,0.2625,0.1,1,"Central high-volume hotspots"
"Harrow 015C",80,51.5928726564394,-0.347861291287879,0.2125,0.325,0.35,0.1125,1,"Central high-volume hotspots"
"Bromley 008A",80,51.4101666105263,0.00857381842105263,0.2875,0.2625,0.3625,0.0875,1,"Central high-volume hotspots"
"Bromley 019D",80,51.3897724341214,0.117542077200577,0.1625,0.5,0.2375,0.1,1,"Central high-volume hotspots"
"Camden 006E",80,51.5498420590909,-0.156929997727273,0.4,0.2125,0.2375,0.15,1,"Central high-volume hotspots"
"Hillingdon 030E",80,51.4966923126294,-0.415107235248447,0.35,0.375,0.0875,0.1875,1,"Central high-volume hotspots"
"Greenwich 011C",80,51.4835066068841,0.067637,0.2875,0.3375,0.2375,0.1375,1,"Central high-volume hotspots"
"Enfield 001A",80,51.6772354837037,-0.0315447137037037,0.3125,0.3375,0.25,0.1,1,"Central high-volume hotspots"
"Greenwich 040C",80,51.4887795780303,0.00916008068181818,0.25,0.275,0.225,0.25,1,"Central high-volume hotspots"
"Croydon 009D",80,51.3966210515504,-0.107286937984496,0.3125,0.325,0.225,0.1375,1,"Central high-volume hotspots"
"Islington 007A",80,51.5590539234143,-0.113721326585695,0.2625,0.1125,0.475,0.15,1,"Central high-volume hotspots"
"Harrow 028D",80,51.5707534392857,-0.362617332380952,0.2,0.3,0.35,0.15,1,"Central high-volume hotspots"
"Havering 017E",80,51.5705499927928,0.156080190990991,0.175,0.3875,0.3125,0.125,1,"Central high-volume hotspots"
"Croydon 007E",80,51.4000762303704,-0.08033608,0.3625,0.3,0.2,0.1375,1,"Central high-volume hotspots"
"Islington 001B",80,51.5728586040541,-0.120757330630631,0.175,0.3375,0.4,0.0875,1,"Central high-volume hotspots"
"Hammersmith and Fulham 024D",80,51.4714606679012,-0.208891852345679,0.3875,0.1875,0.3625,0.0625,1,"Central high-volume hotspots"
"Redbridge 023F",80,51.5644113651515,0.0824593484848485,0.3625,0.375,0.1625,0.1,1,"Central high-volume hotspots"
"Redbridge 037A",80,51.5802506487805,0.122928391463415,0.2625,0.3375,0.325,0.075,1,"Central high-volume hotspots"
"Hillingdon 007D",80,51.5737743079545,-0.413324718181818,0.275,0.3,0.375,0.05,1,"Central high-volume hotspots"
"Southwark 007A",80,51.5010052699653,-0.0530280364583333,0.3,0.2875,0.3,0.1125,1,"Central high-volume hotspots"
"Merton 008C",80,51.419160515873,-0.160210710927961,0.275,0.325,0.3,0.1,1,"Central high-volume hotspots"
"Kensington and Chelsea 019B",80,51.4838360398551,-0.173285958695652,0.425,0.225,0.2875,0.0625,1,"Central high-volume hotspots"
"Hounslow 021D",80,51.4588856249169,-0.373026665946844,0.4625,0.3625,0.0625,0.1125,1,"Central high-volume hotspots"
"Hounslow 029B",80,51.4987833863636,-0.28095809469697,0.4375,0.2,0.275,0.0875,1,"Central high-volume hotspots"
"Croydon 010A",80,51.3998603840278,-0.104990950694444,0.2375,0.325,0.1875,0.25,1,"Central high-volume hotspots"
"Sutton 019B",80,51.3590901061403,-0.132811292982456,0.225,0.2625,0.3375,0.175,1,"Central high-volume hotspots"
"Richmond upon Thames 002E",80,51.4656599469697,-0.299480011363636,0.35,0.3375,0.2625,0.05,1,"Central high-volume hotspots"
"Wandsworth 007C",80,51.463925425969,-0.180719529069767,0.2625,0.25,0.3625,0.125,1,"Central high-volume hotspots"
"Croydon 030D",79,51.3508809506266,-0.0156490007518797,0.1519,0.481,0.2658,0.1013,1,"Central high-volume hotspots"
"Ealing 027B",79,51.5113662235772,-0.289320963414634,0.3544,0.2405,0.3291,0.0759,1,"Central high-volume hotspots"
"Brent 029D",79,51.5399950785088,-0.293880263157895,0.2658,0.3165,0.1392,0.2785,1,"Central high-volume hotspots"
"Croydon 031A",79,51.351239959058,-0.100575350362319,0.2405,0.3291,0.2278,0.2025,1,"Central high-volume hotspots"
"Croydon 025B",79,51.3695399286376,-0.0267048080687831,0.1899,0.5443,0.2278,0.038,1,"Central high-volume hotspots"
"Enfield 006E",79,51.6648023606061,-0.0512283276515152,0.2911,0.3924,0.1392,0.1772,1,"Central high-volume hotspots"
"Enfield 007A",79,51.6626477554348,-0.0322364547101449,0.3418,0.2405,0.2532,0.1646,1,"Central high-volume hotspots"
"Enfield 016E",79,51.6456399021277,-0.0677198723404255,0.3797,0.3418,0.1139,0.1646,1,"Central high-volume hotspots"
"Barking and Dagenham 011B",79,51.5474399347826,0.0999036775362319,0.2911,0.3418,0.1772,0.1899,1,"Central high-volume hotspots"
"Croydon 011B",79,51.3923918037037,-0.11128764537037,0.2405,0.3418,0.2278,0.1899,1,"Central high-volume hotspots"
"Croydon 014B",79,51.3873491554878,-0.0684937520325203,0.2658,0.2532,0.3797,0.1013,1,"Central high-volume hotspots"
"Croydon 032D",79,51.3439412081481,-0.0192546911111111,0.3038,0.3418,0.2278,0.1266,1,"Central high-volume hotspots"
"Hackney 024C",79,51.5343599198718,-0.0647724310897436,0.3165,0.2278,0.2785,0.1772,1,"Central high-volume hotspots"
"Brent 003G",79,51.5841491993056,-0.288728274305556,0.2405,0.3544,0.3038,0.1013,1,"Central high-volume hotspots"
"Brent 011C",79,51.5632602903571,-0.2343025325,0.2658,0.2532,0.3671,0.1139,1,"Central high-volume hotspots"
"Brent 011D",79,51.5612755573681,-0.240716178925354,0.1772,0.4051,0.3671,0.0506,1,"Central high-volume hotspots"
"Ealing 003E",79,51.5490009102941,-0.38295411127451,0.1899,0.4937,0.2278,0.0886,1,"Central high-volume hotspots"
"Ealing 014E",79,51.5256789515504,-0.367050663565891,0.2658,0.4051,0.2025,0.1266,1,"Central high-volume hotspots"
"Ealing 044C",79,51.5020654485604,-0.394206152159468,0.3418,0.3418,0.2278,0.0886,1,"Central high-volume hotspots"
"Havering 004E",79,51.6038265373434,0.213902001002506,0.1392,0.4304,0.3165,0.1139,1,"Central high-volume hotspots"
"Havering 011D",79,51.5837166229167,0.163323142916667,0.3418,0.2658,0.2785,0.1139,1,"Central high-volume hotspots"
"Barking and Dagenham 018D",79,51.5395013134615,0.13535698525641,0.1013,0.6203,0.1519,0.1266,1,"Central high-volume hotspots"
"Greenwich 014D",79,51.4798557230769,0.029942008974359,0.2025,0.4051,0.3291,0.0633,1,"Central high-volume hotspots"
"Greenwich 021A",79,51.4755499640152,0.0165860340909091,0.443,0.2405,0.2152,0.1013,1,"Central high-volume hotspots"
"Islington 019A",79,51.5359348581197,-0.113534602991453,0.2025,0.4937,0.0886,0.2152,1,"Central high-volume hotspots"
"Haringey 011B",79,51.5957229351351,-0.0773911243243243,0.1392,0.3544,0.2532,0.2532,1,"Central high-volume hotspots"
"Lambeth 012A",79,51.4698829138298,-0.139747755673759,0.4051,0.2278,0.2658,0.1013,1,"Central high-volume hotspots"
"Hillingdon 026C",79,51.5135147814815,-0.417459621481481,0.3418,0.2911,0.2025,0.1646,1,"Central high-volume hotspots"
"Kensington and Chelsea 021E",79,51.4822286369565,-0.183800707971014,0.2658,0.2532,0.3165,0.1646,1,"Central high-volume hotspots"
"Tower Hamlets 002C",79,51.5293486698718,-0.0583385544871795,0.3544,0.2911,0.2152,0.1392,1,"Central high-volume hotspots"
"Redbridge 031E",79,51.5502695625,0.0993561548611111,0.3924,0.2532,0.2658,0.0886,1,"Central high-volume hotspots"
"Wandsworth 011C",79,51.4637316756757,-0.232998452702703,0.3797,0.1519,0.2785,0.1899,1,"Central high-volume hotspots"
"Merton 007B",79,51.4146131816239,-0.150544016666667,0.3418,0.4304,0.1266,0.1013,1,"Central high-volume hotspots"
"Southwark 020A",79,51.4737537524306,-0.0855757541666667,0.3291,0.3797,0.1646,0.1266,1,"Central high-volume hotspots"
"Southwark 025A",79,51.4693225094697,-0.0728117844065657,0.3924,0.2152,0.2911,0.1013,1,"Central high-volume hotspots"
"Sutton 016B",79,51.3621238288889,-0.219589647407407,0.3038,0.4051,0.2278,0.0633,1,"Central high-volume hotspots"
"Tower Hamlets 005D",79,51.5287904717054,-0.0639417860465116,0.2658,0.4177,0.1899,0.1266,1,"Central high-volume hotspots"
"Wandsworth 015A",79,51.4598327916931,-0.170284028571429,0.3038,0.2405,0.3671,0.0886,1,"Central high-volume hotspots"
"Waltham Forest 019E",79,51.5711378572682,-0.00389974799498747,0.3291,0.3797,0.2278,0.0633,1,"Central high-volume hotspots"
"Wandsworth 004D",79,51.4753696614035,-0.173749000219298,0.2152,0.3038,0.3797,0.1013,1,"Central high-volume hotspots"
"Wandsworth 022A",79,51.4506310258377,-0.214348242746914,0.1899,0.4051,0.3544,0.0506,1,"Central high-volume hotspots"
"Southwark 014G",79,51.4923649259259,-0.100389346296296,0.3924,0.3418,0.1772,0.0886,1,"Central high-volume hotspots"
"Ealing 014D",78,51.52558894,-0.360510248869048,0.2051,0.3462,0.3462,0.1026,1,"Central high-volume hotspots"
"Ealing 013A",78,51.5265870209957,-0.313438835714286,0.359,0.2436,0.3718,0.0256,1,"Central high-volume hotspots"
"Brent 015B",78,51.5589065394309,-0.223358690127758,0.3333,0.1538,0.3718,0.141,1,"Central high-volume hotspots"
"Bromley 006E",78,51.4199627546992,-0.0242484204260652,0.2692,0.3846,0.2692,0.0769,1,"Central high-volume hotspots"
"Barking and Dagenham 003C",78,51.5638044060606,0.173932061363636,0.3333,0.4103,0.1538,0.1026,1,"Central high-volume hotspots"
"Enfield 020C",78,51.6391054971207,-0.137181545957918,0.4231,0.3205,0.141,0.1154,1,"Central high-volume hotspots"
"Brent 020B",78,51.5470349413043,-0.280052595289855,0.2949,0.3333,0.2308,0.141,1,"Central high-volume hotspots"
"Ealing 017E",78,51.5174033373214,-0.372369206547619,0.2308,0.4744,0.2179,0.0769,1,"Central high-volume hotspots"
"Barnet 005C",78,51.6441882708333,-0.184361118287037,0.2436,0.2564,0.4103,0.0897,1,"Central high-volume hotspots"
"Barking and Dagenham 014A",78,51.5362946875969,0.165915020542636,0.2564,0.3718,0.1923,0.1795,1,"Central high-volume hotspots"
"Barnet 025A",78,51.5960818313492,-0.214131982142857,0.4487,0.2564,0.1795,0.1154,1,"Central high-volume hotspots"
"Hounslow 007B",78,51.4798661835907,-0.255996647490348,0.3205,0.2692,0.3846,0.0256,1,"Central high-volume hotspots"
"Brent 021A",78,51.5468464722222,-0.262167029513889,0.2821,0.3077,0.2308,0.1795,1,"Central high-volume hotspots"
"Hackney 025B",78,51.5383930106383,-0.0836215106382979,0.3462,0.3462,0.1795,0.1282,1,"Central high-volume hotspots"
"Barnet 041C",78,51.5627453458188,-0.197081277584204,0.4487,0.2051,0.2436,0.1026,1,"Central high-volume hotspots"
"Brent 004E",78,51.5857747261574,-0.304085283333333,0.1538,0.2692,0.5,0.0769,1,"Central high-volume hotspots"
"Hammersmith and Fulham 006C",78,51.5053584016835,-0.244377300757576,0.2692,0.1795,0.4872,0.0641,1,"Central high-volume hotspots"
"Greenwich 011A",78,51.4871490407801,0.0718994095744681,0.2821,0.3974,0.2179,0.1026,1,"Central high-volume hotspots"
"Camden 009E",78,51.5495554871032,-0.131080806547619,0.1795,0.2564,0.3462,0.2179,1,"Central high-volume hotspots"
"Barnet 019C",78,51.6104396488372,-0.181835429844961,0.2692,0.2436,0.3462,0.141,1,"Central high-volume hotspots"
"Greenwich 021B",78,51.4691594153846,0.0259356393162393,0.2179,0.4615,0.2051,0.1154,1,"Central high-volume hotspots"
"Merton 013E",78,51.4122392884615,-0.165108655982906,0.2692,0.4487,0.1667,0.1154,1,"Central high-volume hotspots"
"Merton 022D",78,51.3988363208333,-0.181790165625,0.2179,0.4231,0.2564,0.1026,1,"Central high-volume hotspots"
"Hounslow 017C",78,51.4706968372093,-0.371922208527132,0.3077,0.3205,0.2436,0.1282,1,"Central high-volume hotspots"
"Enfield 035C",78,51.6144436366667,-0.0963333583333333,0.3333,0.2949,0.1795,0.1923,1,"Central high-volume hotspots"
"Hackney 020D",78,51.5419875673759,-0.0630219379432624,0.4487,0.1923,0.2692,0.0897,1,"Central high-volume hotspots"
"Hackney 024A",78,51.5381063325641,-0.0720082046520147,0.2179,0.2949,0.4103,0.0769,1,"Central high-volume hotspots"
"Haringey 031B",78,51.579127067963,-0.101286274814815,0.2692,0.2821,0.3718,0.0769,1,"Central high-volume hotspots"
"Haringey 032D",78,51.5771678344961,-0.0899571523255814,0.2564,0.3846,0.2564,0.1026,1,"Central high-volume hotspots"
"Lambeth 035A",78,51.4154359864719,-0.137904587229437,0.3462,0.359,0.2051,0.0897,1,"Central high-volume hotspots"
"Richmond upon Thames 023E",78,51.4154894814815,-0.376465952592593,0.1795,0.3205,0.2821,0.2179,1,"Central high-volume hotspots"
"Lewisham 013B",78,51.4568193791667,0.00467089625,0.3462,0.2949,0.2179,0.141,1,"Central high-volume hotspots"
"Camden 019C",78,51.5406973722024,-0.134561286904762,0.2949,0.2949,0.2051,0.2051,1,"Central high-volume hotspots"
"Hounslow 027A",78,51.4435469368217,-0.42416386744186,0.2436,0.3974,0.2051,0.1538,1,"Central high-volume hotspots"
"Hackney 019D",78,51.5489552771318,-0.0500862089147287,0.3718,0.2308,0.2692,0.1282,1,"Central high-volume hotspots"
"Hammersmith and Fulham 019C",78,51.4798485345238,-0.209019126984127,0.359,0.2308,0.3462,0.0641,1,"Central high-volume hotspots"
"Merton 006B",78,51.4162815648394,-0.190808833831672,0.2436,0.1538,0.4487,0.1538,1,"Central high-volume hotspots"
"Richmond upon Thames 015F",78,51.4376394710318,-0.370710468650794,0.4359,0.2564,0.2051,0.1026,1,"Central high-volume hotspots"
"Southwark 031E",78,51.4488686329787,-0.0799044680851064,0.641,0.1795,0.1282,0.0513,1,"Central high-volume hotspots"
"Haringey 006B",78,51.6064552930894,-0.0762531544715447,0.1795,0.2564,0.3077,0.2564,1,"Central high-volume hotspots"
"Waltham Forest 020B",78,51.5785147880435,-0.0102230960144928,0.2821,0.3974,0.1923,0.1282,1,"Central high-volume hotspots"
"Kingston upon Thames 005D",78,51.4101748806818,-0.290902082575758,0.2179,0.3333,0.3205,0.1282,1,"Central high-volume hotspots"
"Tower Hamlets 032A",78,51.4953429583333,-0.0256158592105263,0.1795,0.359,0.2564,0.2051,1,"Central high-volume hotspots"
"Waltham Forest 020D",78,51.5723552166667,-0.01641886875,0.2308,0.359,0.1538,0.2564,1,"Central high-volume hotspots"
"Newham 005D",78,51.5469453048611,0.0644697763888889,0.3846,0.2692,0.2179,0.1282,1,"Central high-volume hotspots"
"Wandsworth 038B",78,51.481347,-0.130563,0.2179,0.4231,0.3205,0.0385,1,"Central high-volume hotspots"
"Newham 001D",78,51.5542623760684,0.0228838448717949,0.3462,0.3462,0.2692,0.0385,1,"Central high-volume hotspots"
"Bromley 029D",77,51.37859400625,0.104203816666667,0.2727,0.2597,0.2727,0.1948,1,"Central high-volume hotspots"
"Barking and Dagenham 002C",77,51.5736145259463,0.144437235042735,0.2468,0.3636,0.1818,0.2078,1,"Central high-volume hotspots"
"Barnet 032A",77,51.5862899438889,-0.223767361296296,0.4286,0.2857,0.1429,0.1429,1,"Central high-volume hotspots"
"Brent 021C",77,51.5514890559247,-0.263525793466224,0.1948,0.3247,0.3766,0.1039,1,"Central high-volume hotspots"
"Camden 007C",77,51.5509144829932,-0.151155287414966,0.2857,0.3377,0.2208,0.1558,1,"Central high-volume hotspots"
"Barnet 014C",77,51.6237346394928,-0.288263711956522,0.2208,0.3117,0.2857,0.1818,1,"Central high-volume hotspots"
"Bromley 006B",77,51.4184617054264,-0.028399311627907,0.3636,0.2727,0.1558,0.2078,1,"Central high-volume hotspots"
"Greenwich 037E",77,51.4883276981481,0.00567635925925926,0.2078,0.2857,0.3117,0.1948,1,"Central high-volume hotspots"
"Hammersmith and Fulham 001E",77,51.5171901255814,-0.24788452751938,0.2208,0.3506,0.1948,0.2338,1,"Central high-volume hotspots"
"Hammersmith and Fulham 008D",77,51.4977344507752,-0.242003426356589,0.2857,0.3117,0.2987,0.1039,1,"Central high-volume hotspots"
"Ealing 005D",77,51.535138587585,-0.307987345238095,0.2727,0.2727,0.2857,0.1688,1,"Central high-volume hotspots"
"Haringey 026B",77,51.582745422381,-0.0849849085714286,0.1688,0.4416,0.3506,0.039,1,"Central high-volume hotspots"
"Harrow 003C",77,51.6130782360465,-0.310391627906977,0.3117,0.3636,0.2208,0.1039,1,"Central high-volume hotspots"
"Enfield 025F",77,51.6253821869658,-0.044626344017094,0.2338,0.2208,0.3896,0.1558,1,"Central high-volume hotspots"
"Greenwich 022A",77,51.4693523277778,0.0361462166666667,0.2208,0.3896,0.3247,0.0649,1,"Central high-volume hotspots"
"Enfield 023E",77,51.6292937453488,-0.0592254523255814,0.3117,0.2987,0.1948,0.1948,1,"Central high-volume hotspots"
"Croydon 001D",77,51.4194062374074,-0.0931156392592593,0.2468,0.4026,0.2468,0.1039,1,"Central high-volume hotspots"
"Hackney 002H",77,51.5707245309524,-0.0923781757936508,0.3506,0.2468,0.2857,0.1169,1,"Central high-volume hotspots"
"Kensington and Chelsea 001B",77,51.5220896638298,-0.211245670921986,0.3896,0.3117,0.1818,0.1169,1,"Central high-volume hotspots"
"Newham 038D",77,51.5469443968254,-0.00544421031746032,0.4545,0.2597,0.1039,0.1818,1,"Central high-volume hotspots"
"Lambeth 019D",77,51.4540920257576,-0.144600635353535,0.2597,0.2987,0.3896,0.0519,1,"Central high-volume hotspots"
"Lambeth 031C",77,51.4259519158333,-0.10323828875,0.1688,0.3766,0.3636,0.0909,1,"Central high-volume hotspots"
"Harrow 028B",77,51.5647574114583,-0.366411595486111,0.2597,0.3636,0.2857,0.0909,1,"Central high-volume hotspots"
"Havering 028B",77,51.5265995944444,0.178343306944444,0.2078,0.3636,0.2987,0.1299,1,"Central high-volume hotspots"
"Camden 016C",77,51.5423752674419,-0.190393496124031,0.5714,0.2468,0.1169,0.0649,1,"Central high-volume hotspots"
"Hillingdon 029E",77,51.507347990873,-0.476987919444444,0.3247,0.3247,0.2857,0.0649,1,"Central high-volume hotspots"
"Merton 012A",77,51.4142203877551,-0.188354229591837,0.2987,0.2468,0.2338,0.2208,1,"Central high-volume hotspots"
"Southwark 021E",77,51.4794501427083,-0.0961887944444444,0.3766,0.3247,0.1948,0.1039,1,"Central high-volume hotspots"
"Southwark 032A",77,51.4439090022727,-0.0661228893939394,0.2857,0.1818,0.4286,0.1039,1,"Central high-volume hotspots"
"Hounslow 026A",77,51.4410967448307,-0.375538380659537,0.1039,0.5195,0.2727,0.1039,1,"Central high-volume hotspots"
"Newham 026C",77,51.5242741844203,0.0282098514492754,0.3506,0.2208,0.2338,0.1948,1,"Central high-volume hotspots"
"Redbridge 013B",77,51.5847745996377,0.105604952898551,0.3636,0.3117,0.1558,0.1688,1,"Central high-volume hotspots"
"Richmond upon Thames 017A",77,51.4357247378788,-0.318584744444444,0.2727,0.1818,0.5325,0.013,1,"Central high-volume hotspots"
"Lewisham 014A",77,51.4599603897619,-0.0338572542857143,0.2208,0.3117,0.3377,0.1299,1,"Central high-volume hotspots"
"Hillingdon 022B",77,51.5212769028985,-0.47846377173913,0.2987,0.3636,0.1558,0.1818,1,"Central high-volume hotspots"
"Newham 014C",77,51.5378433425532,0.0403059354609929,0.4026,0.3247,0.1558,0.1169,1,"Central high-volume hotspots"
"Sutton 020C",77,51.3570501609756,-0.151084887804878,0.2078,0.3636,0.3117,0.1169,1,"Central high-volume hotspots"
"Tower Hamlets 001F",77,51.5396039191017,-0.0237156937229437,0.4675,0.1818,0.2078,0.1429,1,"Central high-volume hotspots"
"Tower Hamlets 003D",77,51.534160963964,-0.0350978855855856,0.3377,0.1558,0.3247,0.1818,1,"Central high-volume hotspots"
"Wandsworth 012D",77,51.461278047619,-0.179436353722944,0.1688,0.4416,0.3506,0.039,1,"Central high-volume hotspots"
"Waltham Forest 017B",77,51.5822458814815,-0.0348294271604938,0.1818,0.3247,0.4416,0.0519,1,"Central high-volume hotspots"
"Westminster 006B",77,51.5280978100877,-0.191013093859649,0.4286,0.1429,0.3377,0.0909,1,"Central high-volume hotspots"
"Waltham Forest 019D",77,51.5705552757576,-0.00726875909090909,0.4026,0.3117,0.1948,0.0909,1,"Central high-volume hotspots"
"Wandsworth 005B",77,51.4685632059829,-0.152895447863248,0.4675,0.2338,0.2857,0.013,1,"Central high-volume hotspots"
"Southwark 008A",77,51.5010966744186,-0.0340848759689922,0.2857,0.2078,0.3636,0.1429,1,"Central high-volume hotspots"
"Sutton 001E",77,51.3891063895833,-0.17716343875,0.2468,0.3896,0.2857,0.0779,1,"Central high-volume hotspots"
"Barnet 017A",76,51.6120077021368,-0.224775633333333,0.4868,0.2368,0.1974,0.0789,1,"Central high-volume hotspots"
"Croydon 022F",76,51.3821095064103,-0.0838289598290598,0.25,0.4211,0.2105,0.1184,1,"Central high-volume hotspots"
"Barnet 008C",76,51.6314454345238,-0.171955265873016,0.3684,0.1842,0.3158,0.1316,1,"Central high-volume hotspots"
"Bromley 005G",76,51.4126710596296,-0.0700279696296296,0.2237,0.3947,0.2368,0.1447,1,"Central high-volume hotspots"
"Croydon 046E",76,51.3685497293233,-0.0982134696115288,0.2895,0.2895,0.3026,0.1184,1,"Central high-volume hotspots"
"Greenwich 025E",76,51.4594159826389,0.041163234375,0.2895,0.3421,0.2763,0.0921,1,"Central high-volume hotspots"
"Greenwich 029C",76,51.4446645671312,0.0433642379210221,0.1579,0.5132,0.1447,0.1842,1,"Central high-volume hotspots"
"Greenwich 030C",76,51.4420429496124,0.0812291996124031,0.2632,0.3816,0.2237,0.1316,1,"Central high-volume hotspots"
"Haringey 030B",76,51.5734787585859,-0.157030519191919,0.6842,0.0789,0.1184,0.1184,1,"Central high-volume hotspots"
"Haringey 036C",76,51.5710391115385,-0.112083141025641,0.3158,0.1974,0.4079,0.0789,1,"Central high-volume hotspots"
"Harrow 015F",76,51.5963390577097,-0.349874795181406,0.3816,0.2368,0.2895,0.0921,1,"Central high-volume hotspots"
"Harrow 023B",76,51.5803887955128,-0.322419479487179,0.1447,0.4474,0.3158,0.0921,1,"Central high-volume hotspots"
"Harrow 028A",76,51.5675521273148,-0.363550150462963,0.0921,0.3289,0.3553,0.2237,1,"Central high-volume hotspots"
"Islington 022E",76,51.5269652898148,-0.106016360185185,0.4342,0.2895,0.2368,0.0395,1,"Central high-volume hotspots"
"Kensington and Chelsea 005E",76,51.5122797095238,-0.213616391269841,0.2237,0.3684,0.2895,0.1184,1,"Central high-volume hotspots"
"Hammersmith and Fulham 014D",76,51.4899361398148,-0.206496110185185,0.3289,0.1842,0.3421,0.1447,1,"Central high-volume hotspots"
"Hammersmith and Fulham 015A",76,51.4840820209524,-0.20437338,0.0789,0.3947,0.3816,0.1447,1,"Central high-volume hotspots"
"Hammersmith and Fulham 015B",76,51.4886527923333,-0.206601215666667,0.4342,0.3158,0.1184,0.1316,1,"Central high-volume hotspots"
"Greenwich 012D",76,51.4771859215686,0.0319697083333333,0.1711,0.5,0.1974,0.1316,1,"Central high-volume hotspots"
"Hounslow 010D",76,51.4769245456522,-0.394637631884058,0.4342,0.2237,0.2368,0.1053,1,"Central high-volume hotspots"
"Haringey 017D",76,51.6000759227642,-0.154592810162602,0.3553,0.2763,0.1711,0.1974,1,"Central high-volume hotspots"
"Havering 030A",76,51.5197091342262,0.201211301190476,0.2763,0.3684,0.2632,0.0921,1,"Central high-volume hotspots"
"Hounslow 020A",76,51.4691252714815,-0.324337311111111,0.2763,0.2368,0.2895,0.1974,1,"Central high-volume hotspots"
"Richmond upon Thames 004F",76,51.468153429845,-0.276834929844961,0.3816,0.2368,0.25,0.1316,1,"Central high-volume hotspots"
"Lewisham 027B",76,51.4384916335714,-0.0513491583928571,0.1711,0.4868,0.25,0.0921,1,"Central high-volume hotspots"
"Southwark 030D",76,51.4569358343023,-0.0817218548449612,0.3553,0.3816,0.1579,0.1053,1,"Central high-volume hotspots"
"Hounslow 023D",76,51.45064545401,-0.427261946209273,0.2632,0.4605,0.1316,0.1447,1,"Central high-volume hotspots"
"Waltham Forest 016A",76,51.5782857970833,-0.01785008875,0.4079,0.2632,0.2632,0.0658,1,"Central high-volume hotspots"
"Tower Hamlets 019F",76,51.5186863724806,-0.0414352829457364,0.2105,0.4211,0.2632,0.1053,1,"Central high-volume hotspots"
"Tower Hamlets 022A",76,51.5132945740741,-0.0536513092592593,0.2368,0.3684,0.2632,0.1316,1,"Central high-volume hotspots"
"Waltham Forest 023C",76,51.565446112285,-0.00214613390663391,0.2895,0.2763,0.3816,0.0526,1,"Central high-volume hotspots"
"Wandsworth 004H",76,51.4662775101449,-0.180714519927536,0.5,0.1842,0.1974,0.1184,1,"Central high-volume hotspots"
"Brent 015F",75,51.5525929546512,-0.212281218604651,0.2667,0.3733,0.2667,0.0933,1,"Central high-volume hotspots"
"Ealing 011D",75,51.525358165,-0.2973649725,0.36,0.2267,0.2933,0.12,1,"Central high-volume hotspots"
"Croydon 028C",75,51.3657988851563,-0.10584154296875,0.08,0.3733,0.48,0.0667,1,"Central high-volume hotspots"
"Barking and Dagenham 010D",75,51.5425324739316,0.165163992307692,0.2533,0.4667,0.2133,0.0667,1,"Central high-volume hotspots"
"Barnet 017E",75,51.6141899920635,-0.213278966269841,0.3333,0.32,0.2,0.1467,1,"Central high-volume hotspots"
"Barking and Dagenham 012C",75,51.5454257341463,0.12041240203252,0.2133,0.4267,0.2,0.16,1,"Central high-volume hotspots"
"Hackney 014E",75,51.5544287385185,-0.0741839848148148,0.2667,0.2533,0.32,0.16,1,"Central high-volume hotspots"
"Greenwich 022D",75,51.4648419938597,0.0403022507518797,0.2267,0.52,0.12,0.1333,1,"Central high-volume hotspots"
"Harrow 001B",75,51.6233080325,-0.31014521,0.4133,0.32,0.1733,0.0933,1,"Central high-volume hotspots"
"Havering 004D",75,51.6012074679487,0.224864935897436,0.2533,0.4,0.2667,0.08,1,"Central high-volume hotspots"
"Enfield 022E",75,51.63339565,-0.0986783530701754,0.32,0.28,0.3067,0.0933,1,"Central high-volume hotspots"
"Camden 015D",75,51.5424081390476,-0.128648650952381,0.2,0.2,0.4533,0.1467,1,"Central high-volume hotspots"
"Camden 016B",75,51.5458196296296,-0.184624009259259,0.5333,0.1867,0.1733,0.1067,1,"Central high-volume hotspots"
"Hackney 018B",75,51.548141515873,-0.0352269761904762,0.4,0.3333,0.2,0.0667,1,"Central high-volume hotspots"
"Islington 012B",75,51.5472983962963,-0.0780702444444444,0.2267,0.2933,0.2667,0.2133,1,"Central high-volume hotspots"
"Kensington and Chelsea 001E",75,51.5243728904167,-0.206775260833333,0.16,0.3067,0.3333,0.2,1,"Central high-volume hotspots"
"Greenwich 017B",75,51.4796822541667,0.0829674041666667,0.4533,0.28,0.2,0.0667,1,"Central high-volume hotspots"
"Brent 005C",75,51.5731040810811,-0.26348427027027,0.6133,0.2933,0.08,0.0133,1,"Central high-volume hotspots"
"Ealing 001B",75,51.5505907093496,-0.349484524796748,0.2133,0.3467,0.36,0.08,1,"Central high-volume hotspots"
"Lambeth 005A",75,51.4800976165079,-0.11678709814059,0.2933,0.1467,0.4933,0.0667,1,"Central high-volume hotspots"
"Lewisham 001D",75,51.4898335582166,-0.0323224292950514,0.12,0.4,0.4,0.08,1,"Central high-volume hotspots"
"Lewisham 003D",75,51.4802153756098,-0.0520400573170732,0.3067,0.4,0.1867,0.1067,1,"Central high-volume hotspots"
"Havering 017A",75,51.574446309127,0.162783007539683,0.2,0.32,0.36,0.12,1,"Central high-volume hotspots"
"Havering 018C",75,51.5693294674797,0.27047562398374,0.2,0.3733,0.3467,0.08,1,"Central high-volume hotspots"
"Hillingdon 016D",75,51.5406146132479,-0.48321961965812,0.3067,0.2667,0.28,0.1467,1,"Central high-volume hotspots"
"Greenwich 015D",75,51.4804905866911,0.0623765822954823,0.16,0.3467,0.3333,0.16,1,"Central high-volume hotspots"
"Hounslow 021C",75,51.4614454186508,-0.370654222222222,0.36,0.4267,0.1333,0.08,1,"Central high-volume hotspots"
"Newham 017A",75,51.5358147255952,0.030043156547619,0.3067,0.2133,0.2933,0.1867,1,"Central high-volume hotspots"
"Newham 036A",75,51.515041911369,0.0201692571428571,0.2933,0.3333,0.2533,0.12,1,"Central high-volume hotspots"
"Newham 039C",75,51.5473646926667,-0.00252874866666667,0.4667,0.1867,0.2667,0.08,1,"Central high-volume hotspots"
"Haringey 011C",75,51.596829395935,-0.0723011597560976,0.2133,0.36,0.2667,0.16,1,"Central high-volume hotspots"
"Richmond upon Thames 003C",75,51.472502057265,-0.250640408119658,0.3467,0.32,0.1733,0.16,1,"Central high-volume hotspots"
"Hillingdon 015G",75,51.5483017714286,-0.467061498095238,0.2,0.32,0.3067,0.1733,1,"Central high-volume hotspots"
"Hillingdon 025B",75,51.5209547902439,-0.450723113414634,0.2533,0.32,0.28,0.1467,1,"Central high-volume hotspots"
"Hillingdon 025D",75,51.5160048025362,-0.468268124637681,0.3067,0.28,0.1867,0.2267,1,"Central high-volume hotspots"
"Westminster 002C",75,51.5314354324324,-0.180446222972973,0.44,0.2533,0.24,0.0667,1,"Central high-volume hotspots"
"Sutton 005D",75,51.3753217471545,-0.175376903658537,0.12,0.3467,0.32,0.2133,1,"Central high-volume hotspots"
"Kensington and Chelsea 019A",75,51.4848781904195,-0.17051547670068,0.5333,0.1333,0.2133,0.12,1,"Central high-volume hotspots"
"Tower Hamlets 010F",75,51.5299298353535,-0.0455042515151515,0.1733,0.32,0.3467,0.16,1,"Central high-volume hotspots"
"Waltham Forest 012A",75,51.5870471617965,-0.0328162932900433,0.2933,0.3733,0.2267,0.1067,1,"Central high-volume hotspots"
"Southwark 006A",75,51.4995349946581,-0.0884641961538462,0.3467,0.24,0.3733,0.04,1,"Central high-volume hotspots"
"Wandsworth 037C",75,51.4201829829167,-0.14577725625,0.3067,0.3467,0.2267,0.12,1,"Central high-volume hotspots"
"Westminster 003C",75,51.5306948139535,-0.175371542635659,0.4533,0.2,0.2133,0.1333,1,"Central high-volume hotspots"
"Westminster 001D",75,51.5358065717054,-0.160575531007752,0.4933,0.2667,0.2,0.04,1,"Central high-volume hotspots"
"Barnet 040C",74,51.5700530994792,-0.213045868229167,0.1486,0.527,0.2703,0.0541,1,"Central high-volume hotspots"
"Barnet 023D",74,51.6051908420441,-0.185063954994193,0.3919,0.2162,0.2838,0.1081,1,"Central high-volume hotspots"
"Ealing 012D",74,51.5344349108333,-0.355771078333333,0.3649,0.3378,0.2297,0.0676,1,"Central high-volume hotspots"
"Camden 005A",74,51.5558293849206,-0.19991186050061,0.4595,0.1892,0.2838,0.0676,1,"Central high-volume hotspots"
"Camden 006C",74,51.5537582289357,-0.158173477346637,0.4865,0.2703,0.1351,0.1081,1,"Central high-volume hotspots"
"Brent 022C",74,51.5488870844273,-0.228337804633205,0.2027,0.3514,0.2838,0.1622,1,"Central high-volume hotspots"
"Hammersmith and Fulham 012E",74,51.4932362142857,-0.21323896547619,0.2027,0.3243,0.2973,0.1757,1,"Central high-volume hotspots"
"Ealing 023B",74,51.5153051789474,-0.36748865,0.1892,0.2973,0.2162,0.2973,1,"Central high-volume hotspots"
"Hounslow 008C",74,51.4898200833333,-0.283803524621212,0.3784,0.2568,0.1892,0.1757,1,"Central high-volume hotspots"
"Camden 007B",74,51.5519822692029,-0.155492587318841,0.3649,0.2162,0.3514,0.0676,1,"Central high-volume hotspots"
"Kensington and Chelsea 001C",74,51.5221711222789,-0.204164093253968,0.2027,0.4459,0.2297,0.1216,1,"Central high-volume hotspots"
"Brent 002C",74,51.58977906,-0.256581176666667,0.2568,0.3919,0.2297,0.1216,1,"Central high-volume hotspots"
"Ealing 002C",74,51.5541097637566,-0.334570329166667,0.1622,0.4459,0.2838,0.1081,1,"Central high-volume hotspots"
"Lambeth 016B",74,51.4592354962963,-0.113149487777778,0.1892,0.2027,0.3649,0.2432,1,"Central high-volume hotspots"
"Lewisham 026C",74,51.4321399945833,0.00944612,0.2027,0.4324,0.2297,0.1351,1,"Central high-volume hotspots"
"Enfield 035A",74,51.6117153985772,-0.104410108739837,0.1622,0.4054,0.2703,0.1622,1,"Central high-volume hotspots"
"Lewisham 038C",74,51.4250509360465,-0.0133705852713178,0.2838,0.2973,0.2432,0.1757,1,"Central high-volume hotspots"
"Hackney 004D",74,51.57078890625,-0.0635977222222222,0.3243,0.2703,0.2568,0.1486,1,"Central high-volume hotspots"
"Newham 019C",74,51.5349970185592,0.0448400327228327,0.1757,0.3378,0.4054,0.0811,1,"Central high-volume hotspots"
"Newham 023C",74,51.5343631699187,0.0626013989837398,0.1351,0.5135,0.1622,0.1892,1,"Central high-volume hotspots"
"Richmond upon Thames 004D",74,51.4664333003546,-0.284737481560284,0.3649,0.2838,0.1892,0.1622,1,"Central high-volume hotspots"
"Lewisham 035D",74,51.4280642765152,-0.0416766193181818,0.2568,0.4324,0.2027,0.1081,1,"Central high-volume hotspots"
"Merton 002A",74,51.4245585798246,-0.224380720175439,0.4189,0.2297,0.2568,0.0946,1,"Central high-volume hotspots"
"Merton 008E",74,51.41212920375,-0.175515730833333,0.2297,0.3514,0.3378,0.0811,1,"Central high-volume hotspots"
"Southwark 022G",74,51.47766425,-0.0633748981481481,0.2838,0.1892,0.3919,0.1351,1,"Central high-volume hotspots"
"Tower Hamlets 012B",74,51.5204912027778,-0.0219716569444444,0.3784,0.3378,0.1622,0.1216,1,"Central high-volume hotspots"
"Waltham Forest 010D",74,51.5956472058824,0.000414326797385621,0.3378,0.2162,0.2297,0.2162,1,"Central high-volume hotspots"
"Hackney 010A",74,51.5586417246377,-0.065656559057971,0.3243,0.2027,0.2432,0.2297,1,"Central high-volume hotspots"
"Southwark 016D",74,51.4887602626812,-0.0881929746376812,0.3243,0.3649,0.1486,0.1622,1,"Central high-volume hotspots"
"Enfield 020A",73,51.6464203802083,-0.131284163194444,0.3836,0.274,0.2055,0.137,1,"Central high-volume hotspots"
"Barking and Dagenham 009A",73,51.5439654101626,0.155500688211382,0.1918,0.3288,0.2877,0.1918,1,"Central high-volume hotspots"
"Enfield 036F",73,51.6151501710526,-0.117809763157895,0.3562,0.2466,0.1918,0.2055,1,"Central high-volume hotspots"
"Ealing 033C",73,51.5049870014286,-0.27256797047619,0.1507,0.3014,0.3973,0.1507,1,"Central high-volume hotspots"
"Bromley 008G",73,51.408835431391,0.0239719674185464,0.1918,0.3288,0.3836,0.0959,1,"Central high-volume hotspots"
"Barnet 014D",73,51.6213740386321,-0.288050728641457,0.274,0.2192,0.411,0.0959,1,"Central high-volume hotspots"
"Ealing 017D",73,51.519615995614,-0.3768593,0.2603,0.3151,0.274,0.1507,1,"Central high-volume hotspots"
"Greenwich 034F",73,51.4632870145363,0.0257728219298246,0.2192,0.4932,0.2055,0.0822,1,"Central high-volume hotspots"
"Barnet 024E",73,51.5974799308943,-0.255940138211382,0.3973,0.3562,0.1644,0.0822,1,"Central high-volume hotspots"
"Hammersmith and Fulham 014C",73,51.4861489401163,-0.208045577131783,0.2329,0.1644,0.4384,0.1644,1,"Central high-volume hotspots"
"Harrow 002F",73,51.6083215794574,-0.297531532945736,0.4658,0.3288,0.1781,0.0274,1,"Central high-volume hotspots"
"Enfield 026D",73,51.6201613264957,-0.0955933863247863,0.4795,0.137,0.274,0.1096,1,"Central high-volume hotspots"
"Croydon 006E",73,51.3989358274943,-0.0932167071995465,0.2192,0.4795,0.1781,0.1233,1,"Central high-volume hotspots"
"Croydon 010B",73,51.3967909673759,-0.101335482978723,0.2877,0.3836,0.1918,0.137,1,"Central high-volume hotspots"
"Islington 013E",73,51.5465086190476,-0.110489327380952,0.3562,0.3699,0.137,0.137,1,"Central high-volume hotspots"
"Brent 010G",73,51.5650474471545,-0.242402727642276,0.2329,0.3151,0.3151,0.137,1,"Central high-volume hotspots"
"Hackney 006D",73,51.5612937068627,-0.0628188431372549,0.2603,0.1781,0.4247,0.137,1,"Central high-volume hotspots"
"Hackney 013D",73,51.5532998170068,-0.0330980408163265,0.1781,0.3151,0.274,0.2329,1,"Central high-volume hotspots"
"Newham 036C",73,51.5119564627193,0.0380682464912281,0.3014,0.4247,0.1918,0.0822,1,"Central high-volume hotspots"
"Redbridge 034A",73,51.5606403065041,0.104638614227642,0.4658,0.3151,0.1507,0.0685,1,"Central high-volume hotspots"
"Redbridge 038A",73,51.5722031880952,0.125615276190476,0.3014,0.3699,0.1781,0.1507,1,"Central high-volume hotspots"
"Lambeth 027E",73,51.4342904894309,-0.118003875203252,0.3151,0.3425,0.2877,0.0548,1,"Central high-volume hotspots"
"Harrow 027E",73,51.5672944631783,-0.356900395348837,0.137,0.3562,0.2877,0.2192,1,"Central high-volume hotspots"
"Lewisham 020G",73,51.445265995,-0.0273574066666667,0.2877,0.3425,0.2329,0.137,1,"Central high-volume hotspots"
"Hillingdon 003B",73,51.6052349065041,-0.482614458943089,0.3288,0.411,0.1507,0.1096,1,"Central high-volume hotspots"
"Wandsworth 029C",73,51.4409619276165,-0.162829684110008,0.411,0.1918,0.3425,0.0548,1,"Central high-volume hotspots"
"Hillingdon 025E",73,51.5180865285985,-0.464036438825758,0.2055,0.2466,0.0685,0.4795,1,"Central high-volume hotspots"
"Southwark 014A",73,51.4835109673311,-0.104541587209302,0.3151,0.3425,0.2603,0.0822,1,"Central high-volume hotspots"
"Southwark 027C",73,51.4612450028409,-0.0851096335227273,0.5753,0.2192,0.1233,0.0822,1,"Central high-volume hotspots"
"Hounslow 028C",73,51.4284162563406,-0.392635490942029,0.2603,0.3836,0.2329,0.1233,1,"Central high-volume hotspots"
"Newham 015B",73,51.5405882507936,0.0576751611111111,0.3562,0.3836,0.1644,0.0959,1,"Central high-volume hotspots"
"Sutton 006D",73,51.3829305678295,-0.231285525193798,0.1918,0.3836,0.274,0.1507,1,"Central high-volume hotspots"
"Kingston upon Thames 003A",73,51.4141735833333,-0.286321636775362,0.2466,0.1781,0.4521,0.1233,1,"Central high-volume hotspots"
"Wandsworth 001D",73,51.4787992574468,-0.170019567375887,0.4521,0.2329,0.2192,0.0959,1,"Central high-volume hotspots"
"Waltham Forest 013B",73,51.5852114015152,-0.010875375,0.3973,0.2603,0.2329,0.1096,1,"Central high-volume hotspots"
"Waltham Forest 022D",73,51.5696000213178,-0.0206133372093023,0.2329,0.3425,0.2603,0.1644,1,"Central high-volume hotspots"
"Southwark 010A",73,51.4941111833333,-0.0694373107142857,0.3562,0.4658,0.0959,0.0822,1,"Central high-volume hotspots"
"Westminster 021G",73,51.4897761443182,-0.129248960227273,0.4658,0.274,0.1781,0.0822,1,"Central high-volume hotspots"
"Bexley 001D",72,51.5066533047619,0.124360569047619,0.1944,0.4861,0.2083,0.1111,1,"Central high-volume hotspots"
"Barnet 032B",72,51.5918844245833,-0.21701246875,0.3472,0.1944,0.2222,0.2361,1,"Central high-volume hotspots"
"Bexley 008H",72,51.4732309221015,0.18965930615942,0.2083,0.375,0.2639,0.1528,1,"Central high-volume hotspots"
"Enfield 029C",72,51.6254197863248,-0.103894066239316,0.4306,0.1806,0.2778,0.1111,1,"Central high-volume hotspots"
"Enfield 030A",72,51.6240963901544,-0.0629854171814672,0.1944,0.2083,0.5278,0.0694,1,"Central high-volume hotspots"
"Croydon 004E",72,51.4031498972868,-0.123929451550388,0.2639,0.3194,0.25,0.1667,1,"Central high-volume hotspots"
"Greenwich 025A",72,51.4545595512821,0.0414943675213675,0.2917,0.4028,0.1806,0.125,1,"Central high-volume hotspots"
"Barking and Dagenham 021G",72,51.5324600309524,0.0822290492063492,0.2639,0.375,0.2222,0.1389,1,"Central high-volume hotspots"
"Hackney 031A",72,51.5439696481481,-0.0717100488888889,0.5278,0.3472,0.0694,0.0556,1,"Central high-volume hotspots"
"Brent 010D",72,51.5656172052846,-0.257000491869919,0.2917,0.3194,0.2778,0.1111,1,"Central high-volume hotspots"
"Ealing 016A",72,51.5281903706004,-0.33019277484472,0.2778,0.4028,0.1528,0.1667,1,"Central high-volume hotspots"
"Lambeth 010E",72,51.4705791219512,-0.118567705284553,0.2222,0.3333,0.2222,0.2222,1,"Central high-volume hotspots"
"Harrow 006D",72,51.6034507009292,-0.355317645470383,0.3194,0.375,0.1667,0.1389,1,"Central high-volume hotspots"
"Enfield 018C",72,51.6342812031008,-0.0419524333333333,0.3333,0.3194,0.2083,0.1389,1,"Central high-volume hotspots"
"Camden 001C",72,51.562107309375,-0.149141297916667,0.5,0.1528,0.2083,0.1389,1,"Central high-volume hotspots"
"Camden 009C",72,51.5519440912415,-0.134064508900227,0.2361,0.1806,0.4444,0.1389,1,"Central high-volume hotspots"
"Bexley 011D",72,51.4658107453704,0.143368488425926,0.5,0.2222,0.25,0.0278,1,"Central high-volume hotspots"
"Hackney 022E",72,51.542835112782,-0.0390785639097744,0.2639,0.4167,0.25,0.0694,1,"Central high-volume hotspots"
"Islington 011G",72,51.5511197492064,-0.113009347619048,0.4167,0.2778,0.2222,0.0833,1,"Central high-volume hotspots"
"Ealing 003F",72,51.5456073452381,-0.377943116666667,0.2083,0.4167,0.1944,0.1806,1,"Central high-volume hotspots"
"Lambeth 035E",72,51.4179554903704,-0.138713857037037,0.2778,0.3472,0.2083,0.1667,1,"Central high-volume hotspots"
"Lewisham 001H",72,51.4896860103704,-0.0396180674074074,0.4028,0.2917,0.1389,0.1667,1,"Central high-volume hotspots"
"Camden 018A",72,51.5415279929215,-0.159633695881596,0.4028,0.1944,0.3194,0.0833,1,"Central high-volume hotspots"
"Hillingdon 023B",72,51.5222992738095,-0.385772418650794,0.5833,0.2222,0.1111,0.0833,1,"Central high-volume hotspots"
"Merton 019C",72,51.3971152675265,-0.127598731646825,0.1111,0.4167,0.3194,0.1528,1,"Central high-volume hotspots"
"Hammersmith and Fulham 019D",72,51.4811184531746,-0.212265067338217,0.3333,0.1806,0.4167,0.0694,1,"Central high-volume hotspots"
"Redbridge 007A",72,51.5915798141667,0.0260174354166667,0.4167,0.1528,0.4028,0.0278,1,"Central high-volume hotspots"
"Redbridge 009B",72,51.6010677855655,0.0373897479166667,0.25,0.3056,0.375,0.0694,1,"Central high-volume hotspots"
"Redbridge 009F",72,51.5902484069767,0.0324556472868217,0.2917,0.2222,0.3056,0.1806,1,"Central high-volume hotspots"
"Lewisham 017F",72,51.4483504263889,-0.00265590787037037,0.3472,0.3333,0.2222,0.0972,1,"Central high-volume hotspots"
"Lewisham 024B",72,51.4392962363531,-0.0347576219512195,0.3333,0.375,0.25,0.0417,1,"Central high-volume hotspots"
"Lewisham 024E",72,51.4411333852381,-0.0428051758730159,0.2778,0.1667,0.4444,0.1111,1,"Central high-volume hotspots"
"Wandsworth 004I",72,51.4639869041667,-0.18414784375,0.375,0.3611,0.125,0.1389,1,"Central high-volume hotspots"
"Lewisham 027C",72,51.4354332901961,-0.0378572666666667,0.2639,0.3889,0.0694,0.2778,1,"Central high-volume hotspots"
"Southwark 018A",72,51.4797844869048,-0.0669757723214286,0.2222,0.3056,0.3056,0.1667,1,"Central high-volume hotspots"
"Tower Hamlets 007B",72,51.5279228314286,-0.0466678042857143,0.2083,0.2083,0.4306,0.1528,1,"Central high-volume hotspots"
"Wandsworth 005D",72,51.4679063674389,-0.158738853603604,0.2778,0.375,0.2083,0.1389,1,"Central high-volume hotspots"
"Waltham Forest 015B",72,51.5835623266667,-0.00364895285714286,0.1667,0.2361,0.4722,0.125,1,"Central high-volume hotspots"
"Westminster 007H",72,51.5243585931624,-0.186808144017094,0.4306,0.125,0.3194,0.125,1,"Central high-volume hotspots"
"Wandsworth 010C",72,51.4622493444444,-0.212269046825397,0.4444,0.1806,0.2083,0.1667,1,"Central high-volume hotspots"
"Southwark 004G",72,51.4963123863821,-0.0762185941056911,0.4028,0.1667,0.3611,0.0694,1,"Central high-volume hotspots"
"Barking and Dagenham 016D",71,51.5354522212121,0.0915881994949495,0.1831,0.4366,0.2535,0.1268,1,"Central high-volume hotspots"
"Ealing 026D",71,51.5133617666667,-0.38644895952381,0.1408,0.4366,0.1831,0.2394,1,"Central high-volume hotspots"
"Barking and Dagenham 002A",71,51.5759137598214,0.139586017678571,0.2254,0.4648,0.2113,0.0986,1,"Central high-volume hotspots"
"Barking and Dagenham 018C",71,51.5336474166667,0.138259181372549,0.2113,0.3521,0.2394,0.1972,1,"Central high-volume hotspots"
"Brent 030B",71,51.54183324,-0.212649745,0.2535,0.1831,0.4507,0.1127,1,"Central high-volume hotspots"
"Hammersmith and Fulham 002A",71,51.5111311554714,-0.23671238973064,0.2113,0.3521,0.3239,0.1127,1,"Central high-volume hotspots"
"Ealing 032A",71,51.5008857777778,-0.310758918209877,0.2676,0.2535,0.4507,0.0282,1,"Central high-volume hotspots"
"Enfield 026B",71,51.6241223623874,-0.0977465984234234,0.3662,0.2676,0.2535,0.1127,1,"Central high-volume hotspots"
"Ealing 040D",71,51.4969192571685,-0.263469105197133,0.3099,0.169,0.4225,0.0986,1,"Central high-volume hotspots"
"Barnet 038E",71,51.5727768219697,-0.191644401515152,0.4648,0.2676,0.1972,0.0704,1,"Central high-volume hotspots"
"Hounslow 016B",71,51.4723061219512,-0.398033973577236,0.2113,0.4648,0.1408,0.1831,1,"Central high-volume hotspots"
"Haringey 019D",71,51.5872703948413,-0.0956578888888889,0.3239,0.2817,0.2394,0.1549,1,"Central high-volume hotspots"
"Ealing 010B",71,51.5326769654195,-0.36442110600907,0.2958,0.2676,0.2113,0.2254,1,"Central high-volume hotspots"
"Havering 010D",71,51.5848158657407,0.219680418981481,0.1972,0.4085,0.1831,0.2113,1,"Central high-volume hotspots"
"Enfield 024C",71,51.6284173270833,-0.0681257599206349,0.2535,0.4366,0.1408,0.169,1,"Central high-volume hotspots"
"Ealing 023D",71,51.5120378210526,-0.368248245614035,0.2394,0.3803,0.2394,0.1408,1,"Central high-volume hotspots"
"Islington 011K",71,51.5531175555556,-0.108329851851852,0.338,0.3521,0.169,0.1408,1,"Central high-volume hotspots"
"Islington 015B",71,51.5432997520635,-0.116191205714286,0.2254,0.1972,0.493,0.0845,1,"Central high-volume hotspots"
"Kensington and Chelsea 006A",71,51.5125914252137,-0.202668705128205,0.6197,0.0986,0.2113,0.0704,1,"Central high-volume hotspots"
"Redbridge 031D",71,51.5556047986111,0.0930246371527778,0.338,0.3239,0.2394,0.0986,1,"Central high-volume hotspots"
"Harrow 021D",71,51.5869852412698,-0.345279031746032,0.2535,0.4225,0.2394,0.0845,1,"Central high-volume hotspots"
"Havering 001B",71,51.6102896136591,0.225173918295739,0.2113,0.3239,0.2394,0.2254,1,"Central high-volume hotspots"
"Lewisham 001B",71,51.489448768997,-0.0474047274569402,0.3662,0.3803,0.1268,0.1268,1,"Central high-volume hotspots"
"Hillingdon 025C",71,51.5220607791667,-0.460316316666667,0.2113,0.4085,0.2958,0.0845,1,"Central high-volume hotspots"
"Greenwich 015B",71,51.4851559522059,0.0611017524509804,0.169,0.2535,0.3944,0.1831,1,"Central high-volume hotspots"
"Hounslow 004D",71,51.4878236337398,-0.369436641056911,0.2817,0.2676,0.2958,0.1549,1,"Central high-volume hotspots"
"Merton 013B",71,51.4074172714286,-0.161385177777778,0.2394,0.507,0.1972,0.0563,1,"Central high-volume hotspots"
"Islington 006A",71,51.5596240653153,-0.0959659396396396,0.2958,0.2254,0.3803,0.0986,1,"Central high-volume hotspots"
"Kensington and Chelsea 009B",71,51.5016675180098,-0.212593057081807,0.3521,0.169,0.3521,0.1268,1,"Central high-volume hotspots"
"Haringey 008C",71,51.6004029174857,-0.100406942055692,0.2254,0.5493,0.1408,0.0845,1,"Central high-volume hotspots"
"Haringey 013B",71,51.5909391074074,-0.0858396777777778,0.3803,0.3239,0.169,0.1268,1,"Central high-volume hotspots"
"Redbridge 027D",71,51.5636972622549,0.0297179862745098,0.2113,0.3239,0.2817,0.1831,1,"Central high-volume hotspots"
"Redbridge 036G",71,51.584765534188,0.0561202863247863,0.2676,0.3803,0.2394,0.1127,1,"Central high-volume hotspots"
"Lambeth 026A",71,51.4410053262963,-0.121952315,0.1127,0.2817,0.4225,0.1831,1,"Central high-volume hotspots"
"Lambeth 034A",71,51.421255848062,-0.131657487596899,0.2535,0.2817,0.338,0.1268,1,"Central high-volume hotspots"
"Lewisham 039A",71,51.4809650734127,-0.040270501984127,0.2113,0.493,0.169,0.1268,1,"Central high-volume hotspots"
"Southwark 001D",71,51.506693952381,-0.0394722936507936,0.5915,0.1408,0.1972,0.0704,1,"Central high-volume hotspots"
"Southwark 015D",71,51.4872492744186,-0.0825071108527132,0.1831,0.338,0.2958,0.1831,1,"Central high-volume hotspots"
"Westminster 009G",71,51.5246244836617,-0.167843498029557,0.1127,0.4507,0.3099,0.1268,1,"Central high-volume hotspots"
"Sutton 005A",71,51.3780648782051,-0.175218070512821,0.1549,0.2817,0.4507,0.1127,1,"Central high-volume hotspots"
"Sutton 013C",71,51.3661364548246,-0.184531020614035,0.2113,0.3662,0.3099,0.1127,1,"Central high-volume hotspots"
"Tower Hamlets 022B",71,51.5107448385714,-0.0494895319047619,0.1268,0.3099,0.4648,0.0986,1,"Central high-volume hotspots"
"Waltham Forest 001A",71,51.6427123581395,-0.00937036201550388,0.3099,0.2113,0.2676,0.2113,1,"Central high-volume hotspots"
"Bexley 001B",70,51.5100474974359,0.123794034615385,0.2429,0.3571,0.2,0.2,1,"Central high-volume hotspots"
"Brent 020A",70,51.5566168504274,-0.289515976495727,0.2143,0.3857,0.3143,0.0857,1,"Central high-volume hotspots"
"Ealing 018C",70,51.5210642684174,-0.330512266106443,0.1857,0.3714,0.3,0.1429,1,"Central high-volume hotspots"
"Barnet 015E",70,51.6123751420635,-0.15843074047619,0.3286,0.3143,0.2286,0.1286,1,"Central high-volume hotspots"
"Ealing 018A",70,51.5210799758413,-0.32466063613782,0.2714,0.2,0.4286,0.1,1,"Central high-volume hotspots"
"Hammersmith and Fulham 003D",70,51.5087965535714,-0.236026630952381,0.2714,0.2429,0.3286,0.1571,1,"Central high-volume hotspots"
"Greenwich 009B",70,51.4844097712963,0.0764859175925926,0.2714,0.3857,0.2429,0.1,1,"Central high-volume hotspots"
"Croydon 047D",70,51.3635529073809,-0.100401386428571,0.1714,0.3857,0.3286,0.1143,1,"Central high-volume hotspots"
"Bromley 025D",70,51.3848330343915,0.0754937653439153,0.4,0.2714,0.1571,0.1714,1,"Central high-volume hotspots"
"Greenwich 034H",70,51.4576192363636,0.0352547166666667,0.1286,0.5,0.2429,0.1286,1,"Central high-volume hotspots"
"Ealing 017C",70,51.5204375707589,-0.369621084449405,0.1714,0.3714,0.4143,0.0429,1,"Central high-volume hotspots"
"Barnet 034A",70,51.5846382427469,-0.213213088580247,0.3571,0.2857,0.2429,0.1143,1,"Central high-volume hotspots"
"Enfield 022B",70,51.6294969141026,-0.0999959974358974,0.5714,0.1857,0.2143,0.0286,1,"Central high-volume hotspots"
"Barnet 001E",70,51.6488078092105,-0.203345902631579,0.2857,0.3286,0.2857,0.1,1,"Central high-volume hotspots"
"Barnet 008E",70,51.6305535416957,-0.177553887108014,0.4286,0.1143,0.1429,0.3143,1,"Central high-volume hotspots"
"Barnet 013D",70,51.624130378655,-0.25713448245614,0.1714,0.3714,0.3571,0.1,1,"Central high-volume hotspots"
"Bromley 023B",70,51.3857305011905,0.110828505576441,0.1714,0.3857,0.3143,0.1286,1,"Central high-volume hotspots"
"Greenwich 019B",70,51.4772191426829,0.0380919223577236,0.2286,0.4286,0.1857,0.1571,1,"Central high-volume hotspots"
"Greenwich 019D",70,51.4746489027778,0.0318610242063492,0.2571,0.3143,0.2714,0.1571,1,"Central high-volume hotspots"
"Merton 015D",70,51.4044470833333,-0.195340032291667,0.2143,0.2429,0.4429,0.1,1,"Central high-volume hotspots"
"Merton 017E",70,51.4003717916667,-0.139259564814815,0.1714,0.4286,0.2714,0.1286,1,"Central high-volume hotspots"
"Croydon 013C",70,51.3948918377193,-0.0831311096491228,0.1857,0.4714,0.2,0.1429,1,"Central high-volume hotspots"
"Islington 021E",70,51.5282945224806,-0.112597169767442,0.3714,0.3143,0.1429,0.1714,1,"Central high-volume hotspots"
"Brent 012B",70,51.5609751473485,-0.295308807954545,0.2857,0.3,0.2714,0.1429,1,"Central high-volume hotspots"
"Kingston upon Thames 011A",70,51.3935868504167,-0.29620466375,0.3143,0.3571,0.2286,0.1,1,"Central high-volume hotspots"
"Kingston upon Thames 018D",70,51.3744765640572,-0.299444237457912,0.2143,0.2286,0.2857,0.2714,1,"Central high-volume hotspots"
"Camden 013A",70,51.5492460964912,-0.204939235588972,0.4,0.2143,0.3714,0.0143,1,"Central high-volume hotspots"
"Hillingdon 019B",70,51.5255644785134,-0.443481350174216,0.2143,0.4714,0.1571,0.1571,1,"Central high-volume hotspots"
"Merton 016D",70,51.4064800678571,-0.239270145634921,0.3857,0.3571,0.1571,0.1,1,"Central high-volume hotspots"
"Merton 024B",70,51.3949618196477,-0.196097062059621,0.2429,0.3571,0.2143,0.1857,1,"Central high-volume hotspots"
"Newham 020A",70,51.5312060768452,0.00630750904761905,0.2286,0.2714,0.3,0.2,1,"Central high-volume hotspots"
"Waltham Forest 004C",70,51.6177589264706,-0.00356297549019608,0.4,0.2143,0.3286,0.0571,1,"Central high-volume hotspots"
"Kingston upon Thames 013B",70,51.3882745909091,-0.29550475,0.3571,0.3143,0.2286,0.1,1,"Central high-volume hotspots"
"Redbridge 037D",70,51.5762398715447,0.115708072357724,0.1571,0.4714,0.1714,0.2,1,"Central high-volume hotspots"
"Wandsworth 013B",70,51.4537490230415,-0.248429942396313,0.1,0.5429,0.2143,0.1429,1,"Central high-volume hotspots"
"Islington 003C",70,51.5682962349454,-0.116841215922619,0.1714,0.1714,0.5429,0.1143,1,"Central high-volume hotspots"
"Kingston upon Thames 005C",70,51.4072420736434,-0.291353058139535,0.1857,0.3,0.2571,0.2571,1,"Central high-volume hotspots"
"Tower Hamlets 004I",70,51.5297443023256,-0.020171484496124,0.3571,0.3143,0.1143,0.2143,1,"Central high-volume hotspots"
"Tower Hamlets 034D",70,51.5069991662602,-0.00568963861788618,0.4143,0.3286,0.1857,0.0714,1,"Central high-volume hotspots"
"Newham 003B",70,51.5517730277778,0.0384666408730159,0.3714,0.2857,0.2143,0.1286,1,"Central high-volume hotspots"
"Bromley 001E",69,51.4271751987179,0.0481080576923077,0.2609,0.3188,0.2464,0.1739,1,"Central high-volume hotspots"
"Ealing 038B",69,51.4963965436508,-0.367187589285714,0.3043,0.2464,0.2899,0.1594,1,"Central high-volume hotspots"
"Croydon 038B",69,51.3370236428571,-0.122259329365079,0.2464,0.3478,0.2174,0.1884,1,"Central high-volume hotspots"
"Greenwich 007C",69,51.4863418319444,0.0852394972222222,0.2754,0.3623,0.2754,0.087,1,"Central high-volume hotspots"
"Greenwich 029E",69,51.4495733827694,0.0392312899749373,0.1884,0.4203,0.2319,0.1594,1,"Central high-volume hotspots"
"Hackney 023B",69,51.5363360479675,-0.0541312902439024,0.5217,0.1014,0.3043,0.0725,1,"Central high-volume hotspots"
"Croydon 045E",69,51.3921218994792,-0.0542162458333333,0.2029,0.3333,0.3623,0.1014,1,"Central high-volume hotspots"
"Ealing 009E",69,51.5332838942857,-0.392770630952381,0.1304,0.4493,0.3768,0.0435,1,"Central high-volume hotspots"
"Haringey 030C",69,51.5785577119565,-0.154596114130435,0.3913,0.2754,0.2464,0.087,1,"Central high-volume hotspots"
"Haringey 033D",69,51.581090835119,-0.129514933333333,0.5217,0.2319,0.1449,0.1014,1,"Central high-volume hotspots"
"Barnet 035D",69,51.578728275463,-0.195209539351852,0.3043,0.2754,0.2754,0.1449,1,"Central high-volume hotspots"
"Havering 017I",69,51.5663785081301,0.184140961382114,0.2899,0.3623,0.3043,0.0435,1,"Central high-volume hotspots"
"Enfield 032D",69,51.6142988069106,-0.128144908536585,0.2029,0.2899,0.3188,0.1884,1,"Central high-volume hotspots"
"Barking and Dagenham 020C",69,51.5333240019841,0.155539963624339,0.2464,0.5072,0.1449,0.1014,1,"Central high-volume hotspots"
"Camden 003D",69,51.5527384108929,-0.137996838630952,0.3913,0.2464,0.3043,0.058,1,"Central high-volume hotspots"
"Barnet 031B",69,51.5977566222222,-0.230527507777778,0.2464,0.3043,0.2029,0.2464,1,"Central high-volume hotspots"
"Greenwich 008D",69,51.4849059066924,0.114093589446589,0.2319,0.4348,0.2174,0.1159,1,"Central high-volume hotspots"
"Enfield 033D",69,51.6098876729167,-0.0580667104166667,0.2754,0.2609,0.2319,0.2319,1,"Central high-volume hotspots"
"Ealing 005C",69,51.5409977715909,-0.31695178219697,0.2029,0.4493,0.1884,0.1594,1,"Central high-volume hotspots"
"Haringey 022B",69,51.5861363489975,-0.132691925125313,0.4203,0.2029,0.2464,0.1304,1,"Central high-volume hotspots"
"Redbridge 009E",69,51.5933098825,0.0458070766666667,0.5217,0.2319,0.1739,0.0725,1,"Central high-volume hotspots"
"Lambeth 015A",69,51.4574869739316,-0.125737893162393,0.3913,0.2609,0.1884,0.1594,1,"Central high-volume hotspots"
"Lewisham 010E",69,51.4641909166667,-0.0396266329365079,0.2899,0.2464,0.3333,0.1304,1,"Central high-volume hotspots"
"Havering 021B",69,51.5635310370833,0.203289073333333,0.3768,0.2754,0.2609,0.087,1,"Central high-volume hotspots"
"Lewisham 033A",69,51.4302530692982,-0.05667915,0.3333,0.2319,0.3043,0.1304,1,"Central high-volume hotspots"
"Enfield 037B",69,51.6093791111111,-0.0823581611111111,0.3188,0.2464,0.2319,0.2029,1,"Central high-volume hotspots"
"Camden 009B",69,51.5479630888889,-0.137927252020202,0.3768,0.2174,0.3333,0.0725,1,"Central high-volume hotspots"
"Hillingdon 016G",69,51.53540988,-0.478494362222222,0.3478,0.3043,0.1014,0.2464,1,"Central high-volume hotspots"
"Newham 024E",69,51.5314468912281,0.0615863570175439,0.1884,0.3913,0.2754,0.1449,1,"Central high-volume hotspots"
"Hammersmith and Fulham 021D",69,51.4771416518519,-0.201839303703704,0.5072,0.1449,0.2319,0.1159,1,"Central high-volume hotspots"
"Kingston upon Thames 003E",69,51.4204501000744,-0.278975642485119,0.058,0.4203,0.3768,0.1449,1,"Central high-volume hotspots"
"Redbridge 013C",69,51.5782087608796,0.0952539645833333,0.3188,0.3913,0.2174,0.0725,1,"Central high-volume hotspots"
"Redbridge 031B",69,51.5516578184685,0.104761959009009,0.3043,0.2754,0.3043,0.1159,1,"Central high-volume hotspots"
"Richmond upon Thames 018D",69,51.4294236513158,-0.325766523684211,0.2754,0.3768,0.2464,0.1014,1,"Central high-volume hotspots"
"Lewisham 020D",69,51.4503937898374,-0.0195127272357724,0.1884,0.3768,0.2464,0.1884,1,"Central high-volume hotspots"
"Lewisham 026B",69,51.4325329916667,0.01473005,0.2029,0.6232,0.1159,0.058,1,"Central high-volume hotspots"
"Merton 009A",69,51.4157205233333,-0.194007891111111,0.3768,0.3043,0.2174,0.1014,1,"Central high-volume hotspots"
"Southwark 025D",69,51.464078761324,-0.0709589941927991,0.2899,0.1884,0.3768,0.1449,1,"Central high-volume hotspots"
"Southwark 028B",69,51.4548497282313,-0.0696037758503401,0.3913,0.2319,0.2899,0.087,1,"Central high-volume hotspots"
"Sutton 005E",69,51.3826064244186,-0.16940065503876,0.3043,0.3188,0.2174,0.1594,1,"Central high-volume hotspots"
"Sutton 010B",69,51.366064112963,-0.151087111111111,0.1449,0.4638,0.2899,0.1014,1,"Central high-volume hotspots"
"Sutton 016A",69,51.3581592992424,-0.215112539772727,0.2174,0.3333,0.2754,0.1739,1,"Central high-volume hotspots"
"Sutton 021A",69,51.3476277638211,-0.196206167073171,0.1304,0.4493,0.2754,0.1449,1,"Central high-volume hotspots"
"Kensington and Chelsea 012E",69,51.4960226719858,-0.159121686170213,0.6377,0.2029,0.1014,0.058,1,"Central high-volume hotspots"
"Kensington and Chelsea 014E",69,51.49218306625,-0.167970009166667,0.4928,0.2319,0.2029,0.0725,1,"Central high-volume hotspots"
"Waltham Forest 023A",69,51.5658109015151,-0.00869317613636364,0.3913,0.2029,0.2754,0.1304,1,"Central high-volume hotspots"
"Kingston upon Thames 006E",69,51.4049844166667,-0.275471031746032,0.4348,0.2754,0.2174,0.0725,1,"Central high-volume hotspots"
"Kingston upon Thames 012A",69,51.3864642383838,-0.263226621212121,0.2319,0.4638,0.1739,0.1304,1,"Central high-volume hotspots"
"Waltham Forest 010A",69,51.5962620591667,-0.00835810375,0.2609,0.3333,0.2754,0.1304,1,"Central high-volume hotspots"
"Wandsworth 038C",69,51.4799161904762,-0.149031232142857,0.4348,0.2319,0.2174,0.1159,1,"Central high-volume hotspots"
"Westminster 019A",69,51.4939715755814,-0.152667100775194,0.5507,0.1594,0.1739,0.1159,1,"Central high-volume hotspots"
"Barking and Dagenham 007A",68,51.5523912286325,0.145233617521368,0.2941,0.3088,0.2206,0.1765,1,"Central high-volume hotspots"
"Croydon 026A",68,51.3736867905983,-0.0563528376068376,0.4265,0.3676,0.1618,0.0441,1,"Central high-volume hotspots"
"Barnet 027B",68,51.5935226986486,-0.164906505855856,0.3676,0.1471,0.3971,0.0882,1,"Central high-volume hotspots"
"Barnet 010C",68,51.6275671457071,-0.148640553282828,0.2647,0.3235,0.2941,0.1176,1,"Central high-volume hotspots"
"Hackney 026D",68,51.5320066201754,-0.0893084074561404,0.2206,0.2794,0.3382,0.1618,1,"Central high-volume hotspots"
"Bexley 007E",68,51.4724739351852,0.157351427083333,0.1324,0.4706,0.1765,0.2206,1,"Central high-volume hotspots"
"Hammersmith and Fulham 011A",68,51.4973669760684,-0.235531530769231,0.3235,0.4265,0.1324,0.1176,1,"Central high-volume hotspots"
"Kensington and Chelsea 007C",68,51.5070031115079,-0.214385148412698,0.3676,0.1765,0.2353,0.2206,1,"Central high-volume hotspots"
"Greenwich 031A",68,51.4389465103175,0.0488512952380952,0.2353,0.2794,0.2353,0.25,1,"Central high-volume hotspots"
"Bromley 013C",68,51.407333995614,-0.0378065438596491,0.5294,0.2353,0.1324,0.1029,1,"Central high-volume hotspots"
"Harrow 032A",68,51.5718725487805,-0.372697554878049,0.3529,0.3235,0.2941,0.0294,1,"Central high-volume hotspots"
"Bromley 020D",68,51.3953901599099,0.0273452207207207,0.3382,0.2794,0.1912,0.1912,1,"Central high-volume hotspots"
"Barnet 037E",68,51.575565385582,-0.206075382936508,0.2059,0.3676,0.2059,0.2206,1,"Central high-volume hotspots"
"Hammersmith and Fulham 017D",68,51.4853619100877,-0.196779333333333,0.3382,0.2353,0.25,0.1765,1,"Central high-volume hotspots"
"Haringey 018C",68,51.5912188836806,-0.0777833958333333,0.2353,0.3529,0.1765,0.2353,1,"Central high-volume hotspots"
"Lewisham 017E",68,51.4472778791667,-0.0027773640625,0.1912,0.4706,0.2647,0.0735,1,"Central high-volume hotspots"
"Merton 012D",68,51.4109419944444,-0.181101582972583,0.2794,0.2647,0.3529,0.1029,1,"Central high-volume hotspots"
"Islington 001A",68,51.5723769758333,-0.124235715,0.2206,0.3824,0.3382,0.0588,1,"Central high-volume hotspots"
"Newham 018C",68,51.5352193925926,0.0490707259259259,0.3235,0.3235,0.1912,0.1618,1,"Central high-volume hotspots"
"Newham 022E",68,51.5303442186992,0.0333789284552846,0.3088,0.3235,0.2794,0.0882,1,"Central high-volume hotspots"
"Haringey 010B",68,51.5958893969298,-0.0959555543859649,0.3382,0.3235,0.1471,0.1912,1,"Central high-volume hotspots"
"Haringey 010C",68,51.5979378783784,-0.100403472972973,0.4118,0.3382,0.2206,0.0294,1,"Central high-volume hotspots"
"Lambeth 030C",68,51.4255250734694,-0.109907193809524,0.2353,0.2941,0.3676,0.1029,1,"Central high-volume hotspots"
"Lambeth 030E",68,51.4302266808163,-0.117374309047619,0.1618,0.2941,0.4265,0.1176,1,"Central high-volume hotspots"
"Lambeth 033E",68,51.42436445,-0.0862838646081349,0.1618,0.4853,0.2647,0.0882,1,"Central high-volume hotspots"
"Richmond upon Thames 004C",68,51.4657396722973,-0.292865942567568,0.2353,0.2206,0.4559,0.0882,1,"Central high-volume hotspots"
"Richmond upon Thames 020F",68,51.4264765673077,-0.378914776709402,0.3235,0.3529,0.2353,0.0882,1,"Central high-volume hotspots"
"Waltham Forest 021C",68,51.5701796,0.00250008571428571,0.1618,0.3529,0.4265,0.0588,1,"Central high-volume hotspots"
"Lewisham 022E",68,51.444036465812,-0.00479002478632479,0.3088,0.3824,0.2206,0.0882,1,"Central high-volume hotspots"
"Lewisham 026D",68,51.442265737987,0.00602869675324675,0.1618,0.4853,0.1471,0.2059,1,"Central high-volume hotspots"
"Newham 007C",68,51.5462345807018,0.0389681828947368,0.3235,0.3676,0.1765,0.1324,1,"Central high-volume hotspots"
"Southwark 001C",68,51.5045068034014,-0.0446897855782313,0.25,0.4118,0.2206,0.1176,1,"Central high-volume hotspots"
"Hackney 011B",68,51.5565081004167,-0.0477268808333333,0.3235,0.3088,0.2941,0.0735,1,"Central high-volume hotspots"
"Kensington and Chelsea 017C",68,51.4865184320312,-0.188839537239583,0.2206,0.2647,0.4559,0.0588,1,"Central high-volume hotspots"
"Waltham Forest 016B",68,51.5886974289683,-0.0156798099206349,0.3235,0.2206,0.25,0.2059,1,"Central high-volume hotspots"
"Haringey 006C",68,51.6020814495935,-0.0818418349593496,0.2059,0.2941,0.2941,0.2059,1,"Central high-volume hotspots"
"Tower Hamlets 014F",68,51.52487894375,-0.02941545625,0.3382,0.4412,0.1765,0.0441,1,"Central high-volume hotspots"
"Tower Hamlets 023E",68,51.5128642879167,-0.0346868479166667,0.3824,0.2794,0.2059,0.1324,1,"Central high-volume hotspots"
"Waltham Forest 008E",68,51.6059483333333,-0.0128474288617886,0.3971,0.2941,0.1618,0.1471,1,"Central high-volume hotspots"
"Waltham Forest 018C",68,51.579155453602,-0.0242020036630037,0.3088,0.2647,0.3235,0.1029,1,"Central high-volume hotspots"
"Hounslow 030B",68,51.4883543938597,-0.295366949122807,0.3235,0.3971,0.2059,0.0735,1,"Central high-volume hotspots"
"Sutton 002B",68,51.384063077381,-0.196767455026455,0.1471,0.5441,0.2059,0.1029,1,"Central high-volume hotspots"
"Barking and Dagenham 006A",67,51.5548559238095,0.16359175,0.2239,0.3582,0.3284,0.0896,1,"Central high-volume hotspots"
"Croydon 036C",67,51.3397423908521,-0.0147532857142857,0.194,0.4478,0.2388,0.1194,1,"Central high-volume hotspots"
"Greenwich 027B",67,51.45989218375,0.0517721645833333,0.3134,0.3284,0.2388,0.1194,1,"Central high-volume hotspots"
"Bromley 033A",67,51.37625735,0.04463015,0.3134,0.3134,0.3284,0.0448,1,"Central high-volume hotspots"
"Bexley 029D",67,51.4712109712885,0.107013137955182,0.1791,0.2836,0.2388,0.2985,1,"Central high-volume hotspots"
"Greenwich 008C",67,51.4861251914414,0.107761921171171,0.3134,0.2985,0.1493,0.2388,1,"Central high-volume hotspots"
"Enfield 003F",67,51.6662423888889,-0.0156984126984127,0.194,0.4328,0.1642,0.209,1,"Central high-volume hotspots"
"Greenwich 023D",67,51.4643179298246,0.053144,0.3731,0.2239,0.2537,0.1493,1,"Central high-volume hotspots"
"Greenwich 030E",67,51.4474089429825,0.0824159122807017,0.2239,0.403,0.194,0.1791,1,"Central high-volume hotspots"
"Haringey 006A",67,51.606098212963,-0.0818477092592593,0.2687,0.4179,0.1343,0.1791,1,"Central high-volume hotspots"
"Harrow 009A",67,51.6004993153846,-0.398281445787546,0.1493,0.3134,0.5075,0.0299,1,"Central high-volume hotspots"
"Harrow 010B",67,51.5987761785714,-0.275475293650794,0.3284,0.3284,0.2687,0.0746,1,"Central high-volume hotspots"
"Greenwich 017C",67,51.4751521206349,0.0831152238095238,0.403,0.2687,0.1791,0.1493,1,"Central high-volume hotspots"
"Enfield 009D",67,51.6545259045045,-0.0769960256756757,0.1791,0.3731,0.3582,0.0896,1,"Central high-volume hotspots"
"Enfield 027C",67,51.6217771703125,-0.0664735885416667,0.2985,0.2985,0.209,0.194,1,"Central high-volume hotspots"
"Camden 001B",67,51.5645480424731,-0.145442892473118,0.2537,0.1493,0.5373,0.0597,1,"Central high-volume hotspots"
"Bexley 003E",67,51.4891424457143,0.148133995238095,0.1791,0.403,0.2239,0.194,1,"Central high-volume hotspots"
"Croydon 001C",67,51.4157569324324,-0.0903356756756757,0.1791,0.2687,0.3582,0.194,1,"Central high-volume hotspots"
"Croydon 003D",67,51.4090262929825,-0.111618710526316,0.194,0.5672,0.1493,0.0896,1,"Central high-volume hotspots"
"Hackney 012A",67,51.5562493125,-0.0801556041666667,0.403,0.2388,0.209,0.1493,1,"Central high-volume hotspots"
"Croydon 016B",67,51.3866935829167,-0.127500757083333,0.2985,0.3134,0.2537,0.1343,1,"Central high-volume hotspots"
"Kensington and Chelsea 006D",67,51.5103486515152,-0.193324106060606,0.5075,0.209,0.1642,0.1194,1,"Central high-volume hotspots"
"Lewisham 008B",67,51.4678336170635,-0.0255356488095238,0.2239,0.2239,0.3433,0.209,1,"Central high-volume hotspots"
"Lambeth 003C",67,51.4886918063063,-0.109440874324324,0.3582,0.3433,0.194,0.1045,1,"Central high-volume hotspots"
"Hackney 015D",67,51.5531204666667,-0.0386737416666667,0.2388,0.4179,0.209,0.1343,1,"Central high-volume hotspots"
"Lambeth 014E",67,51.46266782875,-0.0946834075,0.5224,0.2687,0.1194,0.0896,1,"Central high-volume hotspots"
"Harrow 016D",67,51.5892481695238,-0.380384051428571,0.1791,0.4179,0.3284,0.0746,1,"Central high-volume hotspots"
"Enfield 030B",67,51.6198753611111,-0.0534409017094017,0.3881,0.3284,0.2388,0.0448,1,"Central high-volume hotspots"
"Lewisham 035E",67,51.4273623020833,-0.04607813125,0.3433,0.3582,0.209,0.0896,1,"Central high-volume hotspots"
"Merton 014A",67,51.4052423677778,-0.153255659444444,0.1045,0.3582,0.4179,0.1194,1,"Central high-volume hotspots"
"Hounslow 025E",67,51.4491771487179,-0.422371711538462,0.194,0.4478,0.2388,0.1194,1,"Central high-volume hotspots"
"Hackney 013A",67,51.5514459761905,-0.0309839952380952,0.2537,0.3284,0.3433,0.0746,1,"Central high-volume hotspots"
"Newham 017C",67,51.5403621230769,0.0312338196581197,0.5224,0.3433,0.0597,0.0746,1,"Central high-volume hotspots"
"Kensington and Chelsea 017E",67,51.4907059103742,-0.186875957108844,0.3731,0.1493,0.403,0.0746,1,"Central high-volume hotspots"
"Haringey 018D",67,51.5897425314516,-0.0836326782258064,0.209,0.3134,0.3881,0.0896,1,"Central high-volume hotspots"
"Redbridge 020A",67,51.5754183219697,0.0956158560606061,0.2687,0.3582,0.2537,0.1194,1,"Central high-volume hotspots"
"Waltham Forest 002D",67,51.6296010904255,-0.00376149468085106,0.2388,0.3582,0.2388,0.1642,1,"Central high-volume hotspots"
"Richmond upon Thames 010D",67,51.4540132440476,-0.361606549603175,0.2537,0.3134,0.3134,0.1194,1,"Central high-volume hotspots"
"Richmond upon Thames 015C",67,51.4376429651163,-0.353410722868217,0.4478,0.3134,0.1791,0.0597,1,"Central high-volume hotspots"
"Lewisham 027A",67,51.434934184127,-0.0495150793650794,0.194,0.2687,0.4478,0.0896,1,"Central high-volume hotspots"
"Lewisham 035C",67,51.4249073316239,-0.0558181316239316,0.2537,0.3881,0.209,0.1493,1,"Central high-volume hotspots"
"Hillingdon 017C",67,51.535459822695,-0.450714586879433,0.4627,0.3284,0.1493,0.0597,1,"Central high-volume hotspots"
"Merton 007A",67,51.4167725811275,-0.156854405882353,0.2537,0.4328,0.2239,0.0896,1,"Central high-volume hotspots"
"Hackney 007D",67,51.5634656480392,-0.10073017254902,0.209,0.1194,0.4478,0.2239,1,"Central high-volume hotspots"
"Islington 002B",67,51.568446765625,-0.1346029765625,0.1791,0.2836,0.3284,0.209,1,"Central high-volume hotspots"
"Kensington and Chelsea 017D",67,51.4885941284722,-0.19081053125,0.2985,0.3881,0.1642,0.1493,1,"Central high-volume hotspots"
"Redbridge 004B",67,51.6087914800926,0.0386033212962963,0.3284,0.3134,0.2239,0.1343,1,"Central high-volume hotspots"
"Tower Hamlets 009A",67,51.5265279232323,-0.0681609244949495,0.194,0.4478,0.3134,0.0448,1,"Central high-volume hotspots"
"Southwark 014E",67,51.4853459095982,-0.103628134672619,0.194,0.3582,0.403,0.0448,1,"Central high-volume hotspots"
"Wandsworth 016A",67,51.4493539166667,-0.230794543859649,0.2239,0.2388,0.3582,0.1791,1,"Central high-volume hotspots"
"Wandsworth 034A",67,51.4292757962963,-0.175128677777778,0.3582,0.2537,0.2836,0.1045,1,"Central high-volume hotspots"
"Westminster 007D",67,51.5254750503876,-0.179709333333333,0.5672,0.1493,0.1493,0.1343,1,"Central high-volume hotspots"
"Barking and Dagenham 016A",66,51.5391765671296,0.0880579328703704,0.2576,0.3636,0.2879,0.0909,1,"Central high-volume hotspots"
"Croydon 029C",66,51.3602965019841,-0.0904182956349206,0.3182,0.3182,0.2576,0.1061,1,"Central high-volume hotspots"
"Barking and Dagenham 004A",66,51.5555241957283,0.145895869397759,0.1515,0.4242,0.2727,0.1515,1,"Central high-volume hotspots"
"Bromley 032C",66,51.3743329231602,0.11970431962482,0.2273,0.3636,0.197,0.2121,1,"Central high-volume hotspots"
"Barnet 022E",66,51.6097224880952,-0.150759273561508,0.2576,0.2576,0.4242,0.0606,1,"Central high-volume hotspots"
"Enfield 008C",66,51.6607284745614,-0.0891531815789474,0.3485,0.2727,0.2879,0.0909,1,"Central high-volume hotspots"
"Croydon 020F",66,51.3808399289216,-0.0981860367647059,0.3333,0.2576,0.3636,0.0455,1,"Central high-volume hotspots"
"Harrow 029A",66,51.5691420333333,-0.343740896296296,0.2727,0.3182,0.2424,0.1667,1,"Central high-volume hotspots"
"Ealing 006E",66,51.5334164333333,-0.337593116835017,0.2121,0.303,0.4091,0.0758,1,"Central high-volume hotspots"
"Camden 002E",66,51.5623601646341,-0.178388928861789,0.4697,0.197,0.2273,0.1061,1,"Central high-volume hotspots"
"Barnet 029F",66,51.5950516516291,-0.172226064536341,0.3182,0.3182,0.2576,0.1061,1,"Central high-volume hotspots"
"Hackney 020B",66,51.5456009806202,-0.065816761627907,0.3939,0.2273,0.2121,0.1667,1,"Central high-volume hotspots"
"Barnet 037B",66,51.5800378085586,-0.209216022522522,0.4091,0.197,0.2879,0.1061,1,"Central high-volume hotspots"
"Brent 013A",66,51.5634371,-0.308971883333333,0.3182,0.4848,0.1061,0.0909,1,"Central high-volume hotspots"
"Lambeth 005C",66,51.4797645666667,-0.112484760648148,0.303,0.3333,0.1061,0.2576,1,"Central high-volume hotspots"
"Lambeth 006C",66,51.4755546833333,-0.127589640833333,0.3636,0.1667,0.3636,0.1061,1,"Central high-volume hotspots"
"Hillingdon 005C",66,51.5881620222222,-0.436158968376068,0.3939,0.303,0.1515,0.1515,1,"Central high-volume hotspots"
"Hillingdon 024E",66,51.5176891729167,-0.428914614583333,0.3636,0.197,0.3485,0.0909,1,"Central high-volume hotspots"
"Greenwich 016D",66,51.479926925463,0.00836436990740741,0.2121,0.4697,0.2576,0.0606,1,"Central high-volume hotspots"
"Hounslow 001D",66,51.4957239995238,-0.246744806666667,0.4697,0.2576,0.197,0.0758,1,"Central high-volume hotspots"
"Merton 013D",66,51.412148059009,-0.158270845045045,0.1818,0.4091,0.3182,0.0909,1,"Central high-volume hotspots"
"Hackney 001C",66,51.5744678081633,-0.0706636170068027,0.3939,0.3182,0.2121,0.0758,1,"Central high-volume hotspots"
"Richmond upon Thames 010C",66,51.4526225612613,-0.369400384234234,0.2424,0.303,0.3485,0.1061,1,"Central high-volume hotspots"
"Harrow 024C",66,51.5765596727273,-0.347240377777778,0.2576,0.2727,0.303,0.1667,1,"Central high-volume hotspots"
"Waltham Forest 009C",66,51.5970905472868,-0.034544769379845,0.2879,0.3788,0.1515,0.1818,1,"Central high-volume hotspots"
"Richmond upon Thames 014A",66,51.445507199187,-0.334523032520325,0.2576,0.303,0.2727,0.1667,1,"Central high-volume hotspots"
"Lewisham 021A",66,51.4429038815789,-0.057943899122807,0.2727,0.303,0.2121,0.2121,1,"Central high-volume hotspots"
"Lewisham 033B",66,51.4289234658915,-0.0710005403100775,0.2121,0.4091,0.2576,0.1212,1,"Central high-volume hotspots"
"Hillingdon 027G",66,51.5188891513514,-0.421598861711712,0.2727,0.3636,0.2727,0.0909,1,"Central high-volume hotspots"
"Southwark 029D",66,51.4592071309524,-0.0554039595238095,0.2273,0.4394,0.197,0.1364,1,"Central high-volume hotspots"
"Southwark 033E",66,51.4371289318519,-0.088421802962963,0.5,0.2879,0.0758,0.1364,1,"Central high-volume hotspots"
"Hackney 011D",66,51.5536239351852,-0.0511026712962963,0.2727,0.1667,0.4394,0.1212,1,"Central high-volume hotspots"
"Waltham Forest 003E",66,51.6220184320175,0.00925659649122807,0.1364,0.3485,0.3333,0.1818,1,"Central high-volume hotspots"
"Wandsworth 005A",66,51.4695830741667,-0.148795266666667,0.303,0.3182,0.2424,0.1364,1,"Central high-volume hotspots"
"Southwark 008D",66,51.4949071712963,-0.0419282222222222,0.4394,0.2424,0.2879,0.0303,1,"Central high-volume hotspots"
"Southwark 016A",66,51.4889132723577,-0.0934681585365854,0.3939,0.2879,0.1818,0.1364,1,"Central high-volume hotspots"
"Barnet 026D",65,51.6038707701997,-0.247699524270353,0.2308,0.3846,0.3692,0.0154,1,"Central high-volume hotspots"
"Croydon 029A",65,51.360710747807,-0.0806542368421053,0.2154,0.2923,0.3231,0.1692,1,"Central high-volume hotspots"
"Barnet 026A",65,51.6012062279279,-0.252063071171171,0.1692,0.4154,0.2462,0.1692,1,"Central high-volume hotspots"
"Barnet 006E",65,51.6378342473958,-0.161464674479167,0.3692,0.3231,0.1846,0.1231,1,"Central high-volume hotspots"
"Barnet 010D",65,51.6225082708333,-0.14346573125,0.2923,0.3231,0.2462,0.1385,1,"Central high-volume hotspots"
"Greenwich 041E",65,51.49270446875,0.0127337791666667,0.4154,0.2615,0.2308,0.0923,1,"Central high-volume hotspots"
"Hackney 025I",65,51.5363542634146,-0.0881246829268293,0.4615,0.2308,0.1692,0.1385,1,"Central high-volume hotspots"
"Hammersmith and Fulham 010E",65,51.4977054373984,-0.21377774796748,0.2154,0.4615,0.1692,0.1538,1,"Central high-volume hotspots"
"Hackney 024D",65,51.5389498581081,-0.0643311312741313,0.3231,0.4462,0.1231,0.1077,1,"Central high-volume hotspots"
"Hammersmith and Fulham 025C",65,51.469730456579,-0.191553219736842,0.2615,0.2462,0.4,0.0923,1,"Central high-volume hotspots"
"Ealing 010F",65,51.5303708121212,-0.37725254040404,0.1692,0.3231,0.1538,0.3538,1,"Central high-volume hotspots"
"Ealing 021A",65,51.5200148622549,-0.275009345588235,0.2769,0.2769,0.3692,0.0769,1,"Central high-volume hotspots"
"Harrow 004A",65,51.6134578108333,-0.34491253,0.2923,0.3385,0.2,0.1692,1,"Central high-volume hotspots"
"Lambeth 013B",65,51.4656273140351,-0.143709612280702,0.4769,0.2462,0.1692,0.1077,1,"Central high-volume hotspots"
"Harrow 007D",65,51.603582275,-0.275478502631579,0.4154,0.2,0.3077,0.0769,1,"Central high-volume hotspots"
"Enfield 028E",65,51.6168278302083,-0.123243234375,0.4,0.2923,0.2615,0.0462,1,"Central high-volume hotspots"
"Barnet 019E",65,51.6098915599099,-0.172538035135135,0.2615,0.4,0.2308,0.1077,1,"Central high-volume hotspots"
"Camden 018D",65,51.5390151671296,-0.155670390740741,0.4,0.2154,0.3385,0.0462,1,"Central high-volume hotspots"
"Barnet 034D",65,51.5817239984496,-0.217313862015504,0.4769,0.2308,0.1692,0.1231,1,"Central high-volume hotspots"
"Hounslow 014B",65,51.4688403478697,-0.33726011622807,0.1846,0.4462,0.2462,0.1231,1,"Central high-volume hotspots"
"Croydon 002D",65,51.409555468254,-0.103223667857143,0.3692,0.4308,0.1231,0.0769,1,"Central high-volume hotspots"
"Bexley 013A",65,51.4673365763889,0.10725818287037,0.2462,0.3538,0.2462,0.1538,1,"Central high-volume hotspots"
"Enfield 035B",65,51.6112721481481,-0.0975463472222222,0.2769,0.3385,0.2,0.1846,1,"Central high-volume hotspots"
"Merton 014C",65,51.4107951709524,-0.143547001428571,0.1846,0.5231,0.2,0.0923,1,"Central high-volume hotspots"
"Haringey 007C",65,51.6035287548246,-0.108947484649123,0.2923,0.4,0.2308,0.0769,1,"Central high-volume hotspots"
"Brent 009B",65,51.568042625,-0.273789808333333,0.2923,0.1846,0.2615,0.2615,1,"Central high-volume hotspots"
"Haringey 023D",65,51.5851204348958,-0.103479096875,0.3385,0.1538,0.3385,0.1692,1,"Central high-volume hotspots"
"Newham 023E",65,51.5326190193798,0.0652738337209302,0.2308,0.4308,0.2462,0.0923,1,"Central high-volume hotspots"
"Hammersmith and Fulham 021C",65,51.4764982431292,-0.207942176734694,0.3077,0.1846,0.4615,0.0462,1,"Central high-volume hotspots"
"Redbridge 002C",65,51.6110228626984,0.111565873968254,0.0923,0.4615,0.3077,0.1385,1,"Central high-volume hotspots"
"Redbridge 014A",65,51.5842411522523,0.0261401415701416,0.2308,0.3538,0.2769,0.1385,1,"Central high-volume hotspots"
"Redbridge 035E",65,51.5701206153846,0.0584835277777778,0.3692,0.2615,0.2923,0.0769,1,"Central high-volume hotspots"
"Lewisham 020F",65,51.4459541046512,-0.025168180620155,0.2308,0.4154,0.2923,0.0615,1,"Central high-volume hotspots"
"Lewisham 025B",65,51.4371155809524,-0.00531973904761905,0.1692,0.3231,0.4154,0.0923,1,"Central high-volume hotspots"
"Lewisham 038B",65,51.425861875,-0.000654233333333333,0.1538,0.5231,0.1231,0.2,1,"Central high-volume hotspots"
"Tower Hamlets 005A",65,51.5308774837398,-0.0608855894308943,0.3231,0.4462,0.1538,0.0769,1,"Central high-volume hotspots"
"Wandsworth 023C",65,51.4468533114286,-0.23889853952381,0.2615,0.3692,0.3231,0.0462,1,"Central high-volume hotspots"
"Tower Hamlets 020E",65,51.5171903777349,-0.0179555888030888,0.3231,0.2923,0.2154,0.1692,1,"Central high-volume hotspots"
"Tower Hamlets 031G",65,51.4919628131746,-0.024287273968254,0.2154,0.2,0.5231,0.0615,1,"Central high-volume hotspots"
"Southwark 001B",65,51.4999664206349,-0.0447347984126984,0.3538,0.3077,0.3077,0.0308,1,"Central high-volume hotspots"
"Lambeth 030B",65,51.4300126975275,-0.106053446886447,0.1231,0.2154,0.6154,0.0462,1,"Central high-volume hotspots"
"Waltham Forest 024A",65,51.5624157692308,0.0119972094017094,0.3231,0.4462,0.1385,0.0923,1,"Central high-volume hotspots"
"Wandsworth 007A",65,51.4667068999256,-0.174308401636905,0.1538,0.4769,0.3231,0.0462,1,"Central high-volume hotspots"
"Westminster 003D",65,51.5265415114286,-0.174744503333333,0.4,0.2,0.3231,0.0769,1,"Central high-volume hotspots"
"Barnet 015B",64,51.6193577138889,-0.155506662222222,0.375,0.2188,0.1719,0.2344,1,"Central high-volume hotspots"
"Barking and Dagenham 008E",64,51.5495141111111,0.117706280092593,0.2969,0.4375,0.1406,0.125,1,"Central high-volume hotspots"
"Bromley 029C",64,51.3805418332011,0.112684911904762,0.2344,0.3125,0.3906,0.0625,1,"Central high-volume hotspots"
"Brent 021D",64,51.5509771319048,-0.258196308571429,0.2188,0.3438,0.3438,0.0938,1,"Central high-volume hotspots"
"Barnet 014B",64,51.62713035,-0.271586458823529,0.2031,0.3594,0.3125,0.125,1,"Central high-volume hotspots"
"Ealing 025A",64,51.5104621904762,-0.263766521428571,0.3906,0.3438,0.1562,0.1094,1,"Central high-volume hotspots"
"Harrow 008C",64,51.6091015989583,-0.309266011979167,0.4844,0.1562,0.125,0.2344,1,"Central high-volume hotspots"
"Havering 028D",64,51.5287486752525,0.186453725252525,0.25,0.4844,0.0781,0.1875,1,"Central high-volume hotspots"
"Ealing 021D",64,51.5139060954955,-0.269937858108108,0.3125,0.3438,0.1875,0.1562,1,"Central high-volume hotspots"
"Barnet 011C",64,51.627299872093,-0.159670736434109,0.4219,0.25,0.2344,0.0938,1,"Central high-volume hotspots"
"Enfield 003G",64,51.6696577990476,-0.0150964695238095,0.2656,0.3281,0.3438,0.0625,1,"Central high-volume hotspots"
"Greenwich 037F",64,51.4856151586318,0.00941443801652892,0.2969,0.1719,0.4531,0.0781,1,"Central high-volume hotspots"
"Bexley 021D",64,51.4494446142857,0.113286447619048,0.2188,0.3438,0.2344,0.2031,1,"Central high-volume hotspots"
"Barnet 024F",64,51.6071121396825,-0.264822714285714,0.2656,0.4688,0.1875,0.0781,1,"Central high-volume hotspots"
"Barnet 036E",64,51.5819567675439,-0.250396890350877,0.2188,0.3906,0.2812,0.1094,1,"Central high-volume hotspots"
"Brent 013E",64,51.5612639109668,-0.305203663275613,0.2031,0.4688,0.2344,0.0938,1,"Central high-volume hotspots"
"Croydon 015G",64,51.3859362454955,-0.108114024774775,0.2344,0.4062,0.1719,0.1875,1,"Central high-volume hotspots"
"Harrow 013D",64,51.5964947412281,-0.326011447368421,0.3594,0.2969,0.2031,0.1406,1,"Central high-volume hotspots"
"Havering 023B",64,51.5543902546296,0.218013111111111,0.25,0.4219,0.25,0.0781,1,"Central high-volume hotspots"
"Lewisham 033C",64,51.4295655355856,-0.0617120711711712,0.2188,0.4375,0.2344,0.1094,1,"Central high-volume hotspots"
"Haringey 034D",64,51.5736641486928,-0.11385483496732,0.375,0.1562,0.3906,0.0781,1,"Central high-volume hotspots"
"Barking and Dagenham 023D",64,51.5604294397059,0.127658825,0.1406,0.5625,0.2031,0.0938,1,"Central high-volume hotspots"
"Greenwich 007G",64,51.4947299285714,0.0814005642857143,0.1719,0.3906,0.2812,0.1562,1,"Central high-volume hotspots"
"Hounslow 007D",64,51.4816340583333,-0.26580148125,0.3438,0.2656,0.2969,0.0938,1,"Central high-volume hotspots"
"Greenwich 012A",64,51.482921125,0.0433877152777778,0.2344,0.3438,0.2969,0.125,1,"Central high-volume hotspots"
"Barnet 037A",64,51.5730485029018,-0.20386033125,0.3594,0.2188,0.3906,0.0312,1,"Central high-volume hotspots"
"Kingston upon Thames 017C",64,51.3749793439153,-0.291584493386243,0.2969,0.3281,0.2812,0.0938,1,"Central high-volume hotspots"
"Lambeth 029E",64,51.4308716479675,-0.12602877804878,0.3906,0.3438,0.1875,0.0781,1,"Central high-volume hotspots"
"Havering 002A",64,51.605356907265,0.243212518803419,0.2969,0.3125,0.1719,0.2188,1,"Central high-volume hotspots"
"Lewisham 002D",64,51.4828690558333,-0.03269106,0.2344,0.4375,0.125,0.2031,1,"Central high-volume hotspots"
"Havering 020E",64,51.567199835102,0.216855073469388,0.2188,0.3281,0.3594,0.0938,1,"Central high-volume hotspots"
"Islington 009D",64,51.5547155276316,-0.0940686342105263,0.2188,0.1719,0.2969,0.3125,1,"Central high-volume hotspots"
"Newham 034I",64,51.5123980407801,0.0186094361702128,0.3438,0.25,0.25,0.1562,1,"Central high-volume hotspots"
"Hammersmith and Fulham 022D",64,51.4734474336508,-0.209748429365079,0.2656,0.2188,0.4219,0.0938,1,"Central high-volume hotspots"
"Redbridge 032D",64,51.5476616403509,0.070245475877193,0.25,0.3906,0.2812,0.0781,1,"Central high-volume hotspots"
"Harrow 023D",64,51.5856205,-0.325433292682927,0.2812,0.25,0.1719,0.2969,1,"Central high-volume hotspots"
"Richmond upon Thames 011B",64,51.4532461328829,-0.328869772522523,0.2656,0.2656,0.375,0.0938,1,"Central high-volume hotspots"
"Richmond upon Thames 016C",64,51.4424649357143,-0.339671561607143,0.5156,0.1875,0.25,0.0469,1,"Central high-volume hotspots"
"Richmond upon Thames 020E",64,51.4265064301471,-0.384493841386555,0.1406,0.3281,0.4219,0.1094,1,"Central high-volume hotspots"
"Lewisham 023B",64,51.4448348416988,0.0118813667953668,0.2812,0.4062,0.125,0.1875,1,"Central high-volume hotspots"
"Hounslow 025C",64,51.4454627914286,-0.417822087619048,0.1562,0.3281,0.375,0.1406,1,"Central high-volume hotspots"
"Newham 002C",64,51.5513101208333,0.0627323270833333,0.3281,0.2969,0.1875,0.1875,1,"Central high-volume hotspots"
"Sutton 021E",64,51.3537383157895,-0.189549209064328,0.2344,0.4844,0.0938,0.1875,1,"Central high-volume hotspots"
"Southwark 010B",64,51.4895091069767,-0.0594498209302326,0.2969,0.4531,0.1562,0.0938,1,"Central high-volume hotspots"
"Kensington and Chelsea 017B",64,51.4900475247863,-0.191805190598291,0.3594,0.1719,0.4219,0.0469,1,"Central high-volume hotspots"
"Tower Hamlets 002D",64,51.5318243128205,-0.0494027632478632,0.2188,0.3594,0.3125,0.1094,1,"Central high-volume hotspots"
"Hackney 009E",64,51.5577286761364,-0.0716709337121212,0.3438,0.25,0.3125,0.0938,1,"Central high-volume hotspots"
"Croydon 031B",63,51.3499218859649,-0.0936643355263158,0.3016,0.2857,0.3016,0.1111,1,"Central high-volume hotspots"
"Bexley 008G",63,51.4696275509259,0.194099162037037,0.2063,0.4127,0.2857,0.0952,1,"Central high-volume hotspots"
"Ealing 040C",63,51.4966248055556,-0.270282047435897,0.381,0.381,0.0952,0.1429,1,"Central high-volume hotspots"
"Bromley 033B",63,51.3625191746032,0.0358788095238095,0.381,0.3492,0.1587,0.1111,1,"Central high-volume hotspots"
"Croydon 041A",63,51.3143213555556,-0.131357397222222,0.1746,0.3333,0.3333,0.1587,1,"Central high-volume hotspots"
"Croydon 034F",63,51.3499339429293,-0.0520885803030303,0.1587,0.3492,0.3175,0.1746,1,"Central high-volume hotspots"
"Enfield 005E",63,51.665915452381,-0.0691612638888889,0.3968,0.254,0.1905,0.1587,1,"Central high-volume hotspots"
"Barnet 038B",63,51.56776890625,-0.192288860416667,0.3968,0.0952,0.3492,0.1587,1,"Central high-volume hotspots"
"Croydon 019A",63,51.3837360087719,-0.110729043859649,0.2063,0.3492,0.3016,0.1429,1,"Central high-volume hotspots"
"Croydon 032B",63,51.3540067638889,-0.0154204345238095,0.1746,0.3492,0.1746,0.3016,1,"Central high-volume hotspots"
"Harrow 007B",63,51.6067042838235,-0.286690638235294,0.3175,0.3175,0.2698,0.0952,1,"Central high-volume hotspots"
"Harrow 007C",63,51.602939379386,-0.284606035087719,0.4286,0.2698,0.2063,0.0952,1,"Central high-volume hotspots"
"Havering 006C",63,51.5971869666667,0.2058052,0.2381,0.3492,0.2698,0.1429,1,"Central high-volume hotspots"
"Havering 029C",63,51.5256438048889,0.219550949111111,0.2381,0.2063,0.5079,0.0476,1,"Central high-volume hotspots"
"Hounslow 011C",63,51.4767883238739,-0.383225157657658,0.2698,0.4444,0.2381,0.0476,1,"Central high-volume hotspots"
"Croydon 002A",63,51.4200858759259,-0.108891118518519,0.3333,0.381,0.127,0.1587,1,"Central high-volume hotspots"
"Croydon 002C",63,51.4153254044118,-0.0979228808823529,0.2222,0.3333,0.3492,0.0952,1,"Central high-volume hotspots"
"Barnet 037D",63,51.5759651166667,-0.212487731196581,0.3651,0.2222,0.1905,0.2222,1,"Central high-volume hotspots"
"Ealing 003D",63,51.5521631818519,-0.367237744444444,0.1746,0.2698,0.4444,0.1111,1,"Central high-volume hotspots"
"Lambeth 023C",63,51.4454830372093,-0.143354276744186,0.3651,0.254,0.2857,0.0952,1,"Central high-volume hotspots"
"Harrow 030D",63,51.5569760918919,-0.367522875675676,0.2381,0.2698,0.4286,0.0635,1,"Central high-volume hotspots"
"Hillingdon 014A",63,51.5464838865741,-0.439513487037037,0.1905,0.381,0.254,0.1746,1,"Central high-volume hotspots"
"Southwark 020E",63,51.4788038402778,-0.0897001203703704,0.381,0.381,0.1905,0.0476,1,"Central high-volume hotspots"
"Hounslow 027E",63,51.4374549337719,-0.417932996929825,0.1905,0.4286,0.2857,0.0952,1,"Central high-volume hotspots"
"Kensington and Chelsea 011A",63,51.4970497439394,-0.194569073484849,0.3968,0.381,0.1429,0.0794,1,"Central high-volume hotspots"
"Brent 005A",63,51.5810024375,-0.262137710227273,0.3016,0.3016,0.1587,0.2381,1,"Central high-volume hotspots"
"Haringey 013A",63,51.5962462206349,-0.0814772992063492,0.2063,0.381,0.3175,0.0952,1,"Central high-volume hotspots"
"Haringey 017A",63,51.5913649555556,-0.147141505185185,0.4921,0.2381,0.1905,0.0794,1,"Central high-volume hotspots"
"Redbridge 001G",63,51.6076023818182,0.0224284196969697,0.2698,0.5397,0.1429,0.0476,1,"Central high-volume hotspots"
"Redbridge 040E",63,51.5515505851351,0.0865758121621622,0.2063,0.3492,0.3492,0.0952,1,"Central high-volume hotspots"
"Richmond upon Thames 012D",63,51.4321156208333,-0.303556183333333,0.3333,0.3175,0.254,0.0952,1,"Central high-volume hotspots"
"Waltham Forest 025E",63,51.559093157265,-0.00490897521367521,0.2698,0.3175,0.2381,0.1746,1,"Central high-volume hotspots"
"Hillingdon 009E",63,51.5679359146825,-0.439123031746032,0.254,0.4127,0.3016,0.0317,1,"Central high-volume hotspots"
"Kingston upon Thames 010C",63,51.4021484880952,-0.295996877112135,0.1429,0.4603,0.3492,0.0476,1,"Central high-volume hotspots"
"Tower Hamlets 002B",63,51.5308824189189,-0.0546753355855856,0.254,0.4444,0.1905,0.1111,1,"Central high-volume hotspots"
"Wandsworth 020F",63,51.4458695876068,-0.208601512820513,0.5079,0.3492,0.0952,0.0476,1,"Central high-volume hotspots"
"Tower Hamlets 019E",63,51.5196936056373,-0.0388485362745098,0.3492,0.1111,0.5238,0.0159,1,"Central high-volume hotspots"
"Waltham Forest 023E",63,51.5640087880952,-0.014177848015873,0.3333,0.2857,0.2063,0.1746,1,"Central high-volume hotspots"
"Wandsworth 024A",63,51.4449512226852,-0.190764336574074,0.1905,0.4444,0.2381,0.127,1,"Central high-volume hotspots"
"Bromley 004C",62,51.4206748196078,-0.0519322245098039,0.2742,0.1613,0.4839,0.0806,1,"Central high-volume hotspots"
"Bromley 005B",62,51.41570307875,-0.07394134375,0.2903,0.3871,0.2258,0.0968,1,"Central high-volume hotspots"
"Bexley 009A",62,51.465433375,0.132694602272727,0.6129,0.1935,0.129,0.0645,1,"Central high-volume hotspots"
"Bexley 027B",62,51.4207566236842,0.112280356140351,0.3065,0.3548,0.1774,0.1613,1,"Central high-volume hotspots"
"Croydon 030E",62,51.3491377766106,-0.0206129107142857,0.129,0.5645,0.1774,0.129,1,"Central high-volume hotspots"
"Croydon 042B",62,51.3173299704762,-0.0876013852380952,0.2581,0.3226,0.129,0.2903,1,"Central high-volume hotspots"
"Barking and Dagenham 003D",62,51.5561961211111,0.177319506111111,0.1774,0.3548,0.1452,0.3226,1,"Central high-volume hotspots"
"Bromley 042D",62,51.3095330135135,0.0355464612612613,0.4355,0.2742,0.129,0.1613,1,"Central high-volume hotspots"
"Barnet 002A",62,51.6541074467593,-0.16722931712963,0.2419,0.3871,0.1935,0.1774,1,"Central high-volume hotspots"
"Harrow 005A",62,51.6061238760684,-0.344579541025641,0.2903,0.371,0.2097,0.129,1,"Central high-volume hotspots"
"Barnet 013A",62,51.6307021176471,-0.266834279411765,0.2903,0.3548,0.2903,0.0645,1,"Central high-volume hotspots"
"Barking and Dagenham 013C",62,51.5370392925595,0.141868490550595,0.1774,0.371,0.3065,0.1452,1,"Central high-volume hotspots"
"Bexley 008I",62,51.4695458354167,0.190147669270833,0.1129,0.5,0.2903,0.0968,1,"Central high-volume hotspots"
"Bexley 010A",62,51.472148212963,0.176844828703704,0.2581,0.4032,0.2419,0.0968,1,"Central high-volume hotspots"
"Greenwich 020D",62,51.4712750388889,0.0664442626262626,0.1774,0.2419,0.4516,0.129,1,"Central high-volume hotspots"
"Harrow 013E",62,51.6021309074074,-0.328162238425926,0.3226,0.3387,0.1935,0.1452,1,"Central high-volume hotspots"
"Croydon 047C",62,51.3642010138889,-0.0899106388888889,0.3387,0.3226,0.2097,0.129,1,"Central high-volume hotspots"
"Enfield 018A",62,51.6387493310185,-0.0482400856481481,0.3871,0.3065,0.1935,0.1129,1,"Central high-volume hotspots"
"Barnet 022F",62,51.6087170555556,-0.16383712962963,0.2742,0.2258,0.4032,0.0968,1,"Central high-volume hotspots"
"Barnet 029E",62,51.5884020455285,-0.163689165853659,0.5806,0.1935,0.129,0.0968,1,"Central high-volume hotspots"
"Greenwich 017D",62,51.4774259973684,0.09025495,0.3387,0.2097,0.2419,0.2097,1,"Central high-volume hotspots"
"Merton 019D",62,51.3966469707071,-0.131162599494949,0.1452,0.4677,0.2258,0.1613,1,"Central high-volume hotspots"
"Islington 018A",62,51.5400340198413,-0.0903269107142857,0.3387,0.4032,0.1774,0.0806,1,"Central high-volume hotspots"
"Islington 019C",62,51.5378293314815,-0.120331905555556,0.2258,0.5,0.1935,0.0806,1,"Central high-volume hotspots"
"Greenwich 009D",62,51.4837309337607,0.0799254102564103,0.371,0.3226,0.2419,0.0645,1,"Central high-volume hotspots"
"Kingston upon Thames 020B",62,51.3658824068627,-0.312671674019608,0.0806,0.3548,0.3387,0.2258,1,"Central high-volume hotspots"
"Lambeth 006A",62,51.4794166862745,-0.126209874509804,0.3226,0.3065,0.2903,0.0806,1,"Central high-volume hotspots"
"Lambeth 014D",62,51.4672551260684,-0.100209758547009,0.4677,0.2903,0.1613,0.0806,1,"Central high-volume hotspots"
"Lambeth 018B",62,51.4600351813853,-0.105261584126984,0.1774,0.3871,0.371,0.0645,1,"Central high-volume hotspots"
"Richmond upon Thames 002B",62,51.4784460970964,-0.287398639721254,0.4355,0.1613,0.3226,0.0806,1,"Central high-volume hotspots"
"Lewisham 003E",62,51.4783707767544,-0.0486799635964912,0.3226,0.2903,0.2742,0.1129,1,"Central high-volume hotspots"
"Lewisham 008E",62,51.470468303252,-0.0224240227642276,0.3387,0.2581,0.2419,0.1613,1,"Central high-volume hotspots"
"Greenwich 002F",62,51.501125487988,0.0869702492492492,0.2903,0.4839,0.1935,0.0323,1,"Central high-volume hotspots"
"Islington 004D",62,51.5644088041667,-0.137825297916667,0.2581,0.2581,0.4032,0.0806,1,"Central high-volume hotspots"
"Newham 023B",62,51.5252446514286,0.0620882352380952,0.3387,0.4355,0.0968,0.129,1,"Central high-volume hotspots"
"Newham 026B",62,51.5295501576577,0.0214798175675676,0.3226,0.2742,0.3548,0.0484,1,"Central high-volume hotspots"
"Hammersmith and Fulham 020B",62,51.4786029644144,-0.19050900045045,0.3226,0.129,0.4194,0.129,1,"Central high-volume hotspots"
"Lewisham 021C",62,51.447233122043,-0.0591985215053763,0.3548,0.3226,0.2097,0.1129,1,"Central high-volume hotspots"
"Redbridge 007F",62,51.5956059291667,0.0169484791666667,0.3065,0.2742,0.2419,0.1774,1,"Central high-volume hotspots"
"Richmond upon Thames 003A",62,51.4657692993197,-0.239779302721088,0.3387,0.2742,0.2581,0.129,1,"Central high-volume hotspots"
"Lewisham 023D",62,51.4412292402211,0.0166015722789116,0.1774,0.4194,0.3226,0.0806,1,"Central high-volume hotspots"
"Lewisham 031A",62,51.4331990765766,0.0270033828828829,0.2581,0.3387,0.2581,0.1452,1,"Central high-volume hotspots"
"Haringey 005C",62,51.602117952381,-0.0881176666666667,0.2258,0.371,0.2258,0.1774,1,"Central high-volume hotspots"
"Islington 005E",62,51.5566536535088,-0.111662300438596,0.2742,0.3226,0.1613,0.2419,1,"Central high-volume hotspots"
"Sutton 001C",62,51.3853244323232,-0.168293527705628,0.2097,0.3871,0.2742,0.129,1,"Central high-volume hotspots"
"Sutton 019A",62,51.3525246801075,-0.131109352598566,0.1774,0.6129,0.129,0.0806,1,"Central high-volume hotspots"
"Lambeth 031A",62,51.4298684328704,-0.0928981944444444,0.2742,0.4355,0.2581,0.0323,1,"Central high-volume hotspots"
"Wandsworth 010J",62,51.4612094595238,-0.197138148412698,0.4355,0.3387,0.0968,0.129,1,"Central high-volume hotspots"
"Newham 007A",62,51.5533741015625,0.0335583541666667,0.3548,0.3226,0.2419,0.0806,1,"Central high-volume hotspots"
"Westminster 010G",62,51.5198009916667,-0.200803265196078,0.2903,0.4032,0.2581,0.0484,1,"Central high-volume hotspots"
"Bromley 004D",61,51.4200110945946,-0.0412472207207207,0.5902,0.1803,0.1148,0.1148,1,"Central high-volume hotspots"
"Bexley 028A",61,51.4312487347985,0.132013251098901,0.1803,0.2787,0.3279,0.2131,1,"Central high-volume hotspots"
"Croydon 028B",61,51.3628848578125,-0.109869952604167,0.1311,0.3443,0.4262,0.0984,1,"Central high-volume hotspots"
"Croydon 014C",61,51.3911758020833,-0.0678591067708333,0.1967,0.4098,0.2951,0.0984,1,"Central high-volume hotspots"
"Barking and Dagenham 023B",61,51.5581174565657,0.125601683838384,0.3279,0.4426,0.1148,0.1148,1,"Central high-volume hotspots"
"Brent 021F",61,51.5445469444444,-0.267563446969697,0.2623,0.3279,0.2787,0.1311,1,"Central high-volume hotspots"
"Barnet 033C",61,51.5842523802083,-0.183151856770833,0.4918,0.1639,0.2787,0.0656,1,"Central high-volume hotspots"
"Hammersmith and Fulham 015C",61,51.4866177576577,-0.206591912612613,0.2951,0.1803,0.3934,0.1311,1,"Central high-volume hotspots"
"Bromley 023E",61,51.3922272427083,0.102242175520833,0.4262,0.2459,0.2623,0.0656,1,"Central high-volume hotspots"
"Brent 018D",61,51.5543447452991,-0.240831994017094,0.2951,0.2623,0.2131,0.2295,1,"Central high-volume hotspots"
"Bromley 008C",61,51.4145976597222,0.0223741041666667,0.2787,0.3443,0.2459,0.1311,1,"Central high-volume hotspots"
"Enfield 036D",61,51.6093325206767,-0.108951569862155,0.3279,0.4262,0.1803,0.0656,1,"Central high-volume hotspots"
"Camden 008B",61,51.5483319729167,-0.172565093229167,0.4426,0.082,0.4426,0.0328,1,"Central high-volume hotspots"
"Hounslow 011B",61,51.4754288468469,-0.37539453490991,0.2951,0.2459,0.3607,0.0984,1,"Central high-volume hotspots"
"Islington 020D",61,51.533963102451,-0.0981822426470588,0.541,0.1475,0.2623,0.0492,1,"Central high-volume hotspots"
"Haringey 002C",61,51.6030829576577,-0.0566337738738739,0.2131,0.4918,0.1803,0.1148,1,"Central high-volume hotspots"
"Lambeth 003B",61,51.4897093064516,-0.114456370967742,0.2787,0.4098,0.2459,0.0656,1,"Central high-volume hotspots"
"Lambeth 022E",61,51.4473177302632,-0.129363739035088,0.2951,0.2623,0.2951,0.1475,1,"Central high-volume hotspots"
"Harrow 029B",61,51.5638442170732,-0.338734853658537,0.3279,0.4098,0.1803,0.082,1,"Central high-volume hotspots"
"Camden 011A",61,51.5471952742857,-0.167750004761905,0.5082,0.2459,0.1639,0.082,1,"Central high-volume hotspots"
"Hackney 002D",61,51.5742457234043,-0.0857802659574468,0.3279,0.377,0.1639,0.1311,1,"Central high-volume hotspots"
"Croydon 006D",61,51.401500724537,-0.094940087962963,0.1475,0.3934,0.2295,0.2295,1,"Central high-volume hotspots"
"Hackney 010B",61,51.5568964869048,-0.0630168384920635,0.3607,0.377,0.2295,0.0328,1,"Central high-volume hotspots"
"Kensington and Chelsea 018C",61,51.4866531181373,-0.157078385784314,0.5246,0.1803,0.2131,0.082,1,"Central high-volume hotspots"
"Haringey 008D",61,51.6026443446237,-0.095940876344086,0.2131,0.541,0.1803,0.0656,1,"Central high-volume hotspots"
"Kingston upon Thames 009B",61,51.3980585075758,-0.306594481818182,0.2787,0.3443,0.2787,0.0984,1,"Central high-volume hotspots"
"Redbridge 008A",61,51.5939869476191,0.0596254476190476,0.2459,0.4262,0.2131,0.1148,1,"Central high-volume hotspots"
"Redbridge 018C",61,51.5758628106061,0.0357507196969697,0.4918,0.2131,0.1967,0.0984,1,"Central high-volume hotspots"
"Lambeth 027B",61,51.4332498098291,-0.109957974358974,0.2623,0.2459,0.377,0.1148,1,"Central high-volume hotspots"
"Lambeth 031D",61,51.4240806071429,-0.100922345238095,0.2787,0.4426,0.1311,0.1475,1,"Central high-volume hotspots"
"Lewisham 028B",61,51.4380892799145,-0.0609188504273504,0.2623,0.3443,0.2787,0.1148,1,"Central high-volume hotspots"
"Merton 008B",61,51.4190530365741,-0.164783287037037,0.4262,0.3607,0.1311,0.082,1,"Central high-volume hotspots"
"Southwark 029B",61,51.4565463030303,-0.0486779570707071,0.3443,0.3443,0.2131,0.0984,1,"Central high-volume hotspots"
"Hackney 009B",61,51.564514965812,-0.0742957777777778,0.2459,0.377,0.2459,0.1311,1,"Central high-volume hotspots"
"Tower Hamlets 019D",61,51.5146602479167,-0.04278053125,0.2951,0.3934,0.2295,0.082,1,"Central high-volume hotspots"
"Sutton 002C",61,51.3809541547619,-0.176987552557319,0.1311,0.6066,0.1475,0.1148,1,"Central high-volume hotspots"
"Wandsworth 010B",61,51.4594756372549,-0.200569095588235,0.4098,0.1148,0.3934,0.082,1,"Central high-volume hotspots"
"Croydon 029E",60,51.3566919533333,-0.0951350114285714,0.25,0.4167,0.25,0.0833,1,"Central high-volume hotspots"
"Bexley 008C",60,51.4761373083333,0.202254197395833,0.2167,0.3667,0.3167,0.1,1,"Central high-volume hotspots"
"Croydon 024F",60,51.3752932638889,-0.110083900793651,0.35,0.3167,0.2,0.1333,1,"Central high-volume hotspots"
"Bromley 026D",60,51.3800173666667,0.052722696969697,0.3,0.2333,0.3667,0.1,1,"Central high-volume hotspots"
"Greenwich 028B",60,51.452967465812,0.0800074935897436,0.4667,0.2333,0.2,0.1,1,"Central high-volume hotspots"
"Enfield 029E",60,51.6204833705556,-0.111207413888889,0.3,0.35,0.3333,0.0167,1,"Central high-volume hotspots"
"Barking and Dagenham 022A",60,51.5275281692708,0.109091893229167,0.1833,0.6,0.15,0.0667,1,"Central high-volume hotspots"
"Ealing 044D",60,51.5015875512821,-0.390124041880342,0.3,0.3167,0.2833,0.1,1,"Central high-volume hotspots"
"Croydon 036D",60,51.3352075310245,-0.00709264935064935,0.1833,0.5167,0.2167,0.0833,1,"Central high-volume hotspots"
"Greenwich 034C",60,51.4554201638889,0.0215100291666667,0.3833,0.2167,0.3167,0.0833,1,"Central high-volume hotspots"
"Greenwich 035G",60,51.4804973046512,-0.0149836968992248,0.2833,0.3,0.2667,0.15,1,"Central high-volume hotspots"
"Ealing 022A",60,51.5232310354938,-0.344691419753086,0.2667,0.2167,0.2833,0.2333,1,"Central high-volume hotspots"
"Hammersmith and Fulham 006E",60,51.5032925296296,-0.240463452777778,0.3,0.2833,0.35,0.0667,1,"Central high-volume hotspots"
"Hammersmith and Fulham 009A",60,51.4999087514286,-0.231269980952381,0.3,0.2833,0.3333,0.0833,1,"Central high-volume hotspots"
"Greenwich 022C",60,51.4687135231183,0.0464058569892473,0.1667,0.4,0.3667,0.0667,1,"Central high-volume hotspots"
"Ealing 018E",60,51.5254329386973,-0.321915120689655,0.5,0.1667,0.1667,0.1667,1,"Central high-volume hotspots"
"Enfield 021E",60,51.6321931990196,-0.0802049848039216,0.2833,0.3333,0.3167,0.0667,1,"Central high-volume hotspots"
"Enfield 025G",60,51.6285614485294,-0.0472851323529412,0.2833,0.2833,0.2833,0.15,1,"Central high-volume hotspots"
"Camden 002B",60,51.5566132229167,-0.173924289583333,0.5833,0.2,0.2,0.0167,1,"Central high-volume hotspots"
"Barnet 006A",60,51.6459079984375,-0.165358602604167,0.4333,0.3167,0.2,0.05,1,"Central high-volume hotspots"
"Camden 012B",60,51.5481442214286,-0.155707607142857,0.3167,0.3167,0.2833,0.0833,1,"Central high-volume hotspots"
"Greenwich 001B",60,51.5054016442857,0.114503318571429,0.25,0.3833,0.1333,0.2333,1,"Central high-volume hotspots"
"Hounslow 007E",60,51.489283622807,-0.25610048245614,0.3333,0.3,0.25,0.1167,1,"Central high-volume hotspots"
"Croydon 003B",60,51.4051021802083,-0.115327163020833,0.3,0.4833,0.1833,0.0333,1,"Central high-volume hotspots"
"Hackney 022B",60,51.5400263991228,-0.048566399122807,0.3167,0.3667,0.2333,0.0833,1,"Central high-volume hotspots"
"Kensington and Chelsea 005C",60,51.5146438217503,-0.21209221042471,0.35,0.15,0.35,0.15,1,"Central high-volume hotspots"
"Havering 004A",60,51.6089352,0.21654535,0.15,0.3,0.35,0.2,1,"Central high-volume hotspots"
"Camden 006A",60,51.5545610959596,-0.153982847474747,0.4667,0.3,0.2,0.0333,1,"Central high-volume hotspots"
"Hillingdon 015K",60,51.5396058359375,-0.471740442708333,0.1333,0.4167,0.3333,0.1167,1,"Central high-volume hotspots"
"Hillingdon 017E",60,51.536063775463,-0.454888731481481,0.2833,0.4,0.1833,0.1333,1,"Central high-volume hotspots"
"Hillingdon 019A",60,51.5266311535088,-0.450098098684211,0.35,0.2667,0.3,0.0833,1,"Central high-volume hotspots"
"Newham 025C",60,51.5263772178982,0.0417750497536946,0.3333,0.2667,0.3333,0.0667,1,"Central high-volume hotspots"
"Kingston upon Thames 016B",60,51.3826793548387,-0.292136983333333,0.3333,0.4333,0.1833,0.05,1,"Central high-volume hotspots"
"Redbridge 006F",60,51.6040130981982,0.0745794103603604,0.3167,0.35,0.2333,0.1,1,"Central high-volume hotspots"
"Richmond upon Thames 004A",60,51.4697087439394,-0.286488122222222,0.3,0.2667,0.3667,0.0667,1,"Central high-volume hotspots"
"Lewisham 033D",60,51.4273543796296,-0.0655134837962963,0.4,0.2333,0.3,0.0667,1,"Central high-volume hotspots"
"Barnet 002E",60,51.6498072767544,-0.184379812719298,0.25,0.35,0.2333,0.1667,1,"Central high-volume hotspots"
"Hillingdon 004B",60,51.5856354702703,-0.409875654954955,0.35,0.2667,0.2667,0.1167,1,"Central high-volume hotspots"
"Hillingdon 014B",60,51.5446253897243,-0.44693928226817,0.2167,0.3667,0.1833,0.2333,1,"Central high-volume hotspots"
"Hillingdon 014E",60,51.542162183871,-0.441826415591398,0.1667,0.3667,0.4,0.0667,1,"Central high-volume hotspots"
"Hillingdon 027H",60,51.5161407057292,-0.4238666359375,0.25,0.2333,0.4333,0.0833,1,"Central high-volume hotspots"
"Merton 006E",60,51.4202404357143,-0.185257495714286,0.2833,0.35,0.2667,0.1,1,"Central high-volume hotspots"
"Tower Hamlets 031B",60,51.4887284318182,-0.0162729962121212,0.1833,0.5,0.2333,0.0833,1,"Central high-volume hotspots"
"Tower Hamlets 032B",60,51.4981620955882,-0.0226386397058824,0.5,0.2833,0.2,0.0167,1,"Central high-volume hotspots"
"Wandsworth 006A",60,51.4668150880208,-0.227019040625,0.5333,0.3,0.1333,0.0333,1,"Central high-volume hotspots"
"Wandsworth 036A",60,51.4252934211712,-0.149965628378378,0.3667,0.25,0.2,0.1833,1,"Central high-volume hotspots"
"Wandsworth 020B",60,51.4557596867647,-0.201040475490196,0.4,0.3,0.1667,0.1333,1,"Central high-volume hotspots"
"Westminster 022D",60,51.4900634897547,-0.139466692063492,0.2833,0.2,0.4667,0.05,1,"Central high-volume hotspots"
"Bexley 002E",59,51.4937402510417,0.137941377604167,0.0678,0.4237,0.3898,0.1186,1,"Central high-volume hotspots"
"Brent 001E",59,51.5959606508772,-0.275187140350877,0.339,0.2034,0.3051,0.1525,1,"Central high-volume hotspots"
"Barking and Dagenham 003A",59,51.5584446752033,0.17362322601626,0.2034,0.4068,0.2034,0.1864,1,"Central high-volume hotspots"
"Barnet 041A",59,51.565038622549,-0.200520049019608,0.1695,0.4576,0.2373,0.1356,1,"Central high-volume hotspots"
"Barnet 026E",59,51.5978991574713,-0.244622549425287,0.0847,0.4068,0.4237,0.0847,1,"Central high-volume hotspots"
"Bexley 009E",59,51.4759156319444,0.118174168981481,0.1864,0.4237,0.2712,0.1186,1,"Central high-volume hotspots"
"Ealing 018B",59,51.5170068378378,-0.327890281081081,0.3051,0.2203,0.3559,0.1186,1,"Central high-volume hotspots"
"Ealing 008B",59,51.5398575800926,-0.381622429166667,0.2203,0.5085,0.1864,0.0847,1,"Central high-volume hotspots"
"Hammersmith and Fulham 012C",59,51.4930473630208,-0.206590410416667,0.2203,0.2881,0.322,0.1695,1,"Central high-volume hotspots"
"Greenwich 031D",59,51.4276320378788,0.059258404040404,0.322,0.3729,0.1356,0.1695,1,"Central high-volume hotspots"
"Ealing 003B",59,51.5541285394737,-0.362829449561404,0.1864,0.4068,0.3051,0.1017,1,"Central high-volume hotspots"
"Bromley 009C",59,51.4133407463964,-0.0600959333333333,0.2203,0.4576,0.2203,0.1017,1,"Central high-volume hotspots"
"Barnet 013B",59,51.6255458843137,-0.265804094117647,0.1864,0.4746,0.1356,0.2034,1,"Central high-volume hotspots"
"Camden 014C",59,51.5431194764957,-0.164009228632479,0.4576,0.2712,0.1356,0.1356,1,"Central high-volume hotspots"
"Hounslow 004B",59,51.4925425297297,-0.377923574774775,0.4407,0.322,0.1695,0.0678,1,"Central high-volume hotspots"
"Havering 010B",59,51.5793121396396,0.238134932432432,0.2034,0.3559,0.2034,0.2373,1,"Central high-volume hotspots"
"Hounslow 014F",59,51.4755748838542,-0.333991117708333,0.2034,0.2881,0.3898,0.1186,1,"Central high-volume hotspots"
"Islington 009E",59,51.5552460325,-0.0999805708333333,0.3051,0.2542,0.2373,0.2034,1,"Central high-volume hotspots"
"Hackney 023D",59,51.5381949727273,-0.0529707984848485,0.2712,0.4237,0.1864,0.1186,1,"Central high-volume hotspots"
"Islington 012C",59,51.5523241077236,-0.0887835914634146,0.322,0.339,0.2203,0.1186,1,"Central high-volume hotspots"
"Brent 002A",59,51.5851243205837,-0.252982726420891,0.2203,0.3559,0.339,0.0847,1,"Central high-volume hotspots"
"Kingston upon Thames 016D",59,51.3803939166667,-0.291535104166667,0.322,0.2881,0.2542,0.1356,1,"Central high-volume hotspots"
"Lambeth 007A",59,51.4781350114286,-0.112838454285714,0.2203,0.4746,0.2542,0.0508,1,"Central high-volume hotspots"
"Havering 001C",59,51.613333633871,0.215919235483871,0.2034,0.4237,0.2203,0.1525,1,"Central high-volume hotspots"
"Havering 017F",59,51.5646594540404,0.166739453535354,0.1695,0.3898,0.3051,0.1356,1,"Central high-volume hotspots"
"Havering 023D",59,51.5523373508772,0.199610192982456,0.4237,0.2034,0.2203,0.1525,1,"Central high-volume hotspots"
"Merton 011E",59,51.4095280226244,-0.212100075414781,0.4407,0.2203,0.2881,0.0508,1,"Central high-volume hotspots"
"Southwark 028C",59,51.4574904429825,-0.0625393464912281,0.339,0.2881,0.339,0.0339,1,"Central high-volume hotspots"
"Merton 023D",59,51.393872412037,-0.18930806712963,0.322,0.3729,0.1356,0.1695,1,"Central high-volume hotspots"
"Croydon 011A",59,51.3948408857143,-0.120021688095238,0.2034,0.3729,0.3051,0.1186,1,"Central high-volume hotspots"
"Islington 011F",59,51.5514891194581,-0.113991592364532,0.6102,0.0678,0.2712,0.0508,1,"Central high-volume hotspots"
"Kensington and Chelsea 009E",59,51.5042269563492,-0.213740869047619,0.3729,0.339,0.2034,0.0847,1,"Central high-volume hotspots"
"Haringey 013C",59,51.595705321875,-0.0926379359375,0.3898,0.339,0.2034,0.0678,1,"Central high-volume hotspots"
"Redbridge 031G",59,51.5553694890351,0.0880453464912281,0.2542,0.4237,0.2373,0.0847,1,"Central high-volume hotspots"
"Redbridge 033D",59,51.5452625299423,0.0736733849206349,0.2881,0.5763,0.1017,0.0339,1,"Central high-volume hotspots"
"Richmond upon Thames 005C",59,51.4661124236111,-0.262675087962963,0.4746,0.2542,0.1864,0.0847,1,"Central high-volume hotspots"
"Richmond upon Thames 013C",59,51.4471548455882,-0.367369617647059,0.2542,0.322,0.2034,0.2203,1,"Central high-volume hotspots"
"Lewisham 014C",59,51.4527373899123,-0.0258963048245614,0.2203,0.5424,0.1186,0.1186,1,"Central high-volume hotspots"
"Lewisham 022B",59,51.4385691289683,-0.00323055158730159,0.1356,0.4237,0.3559,0.0847,1,"Central high-volume hotspots"
"Lewisham 027D",59,51.4323431846847,-0.0432998558558559,0.2881,0.3051,0.1864,0.2203,1,"Central high-volume hotspots"
"Waltham Forest 004A",59,51.6241835220588,-0.00760526470588235,0.1186,0.322,0.3559,0.2034,1,"Central high-volume hotspots"
"Southwark 032E",59,51.4514803421053,-0.0629778947368421,0.4068,0.3559,0.2034,0.0339,1,"Central high-volume hotspots"
"Newham 015C",59,51.5378539629032,0.0577181543010753,0.1525,0.4576,0.2542,0.1356,1,"Central high-volume hotspots"
"Kensington and Chelsea 012D",59,51.4944260033333,-0.164207437407407,0.4915,0.322,0.1017,0.0847,1,"Central high-volume hotspots"
"Kensington and Chelsea 013A",59,51.4957991238095,-0.191827298979592,0.2203,0.2542,0.4576,0.0678,1,"Central high-volume hotspots"
"Hammersmith and Fulham 024B",59,51.4682298333333,-0.206578308943089,0.4237,0.2881,0.2203,0.0678,1,"Central high-volume hotspots"
"Redbridge 001E",59,51.6087700087719,0.0315227521929825,0.322,0.4237,0.0847,0.1695,1,"Central high-volume hotspots"
"Tower Hamlets 010E",59,51.5295819810924,-0.042606018907563,0.2034,0.3898,0.3051,0.1017,1,"Central high-volume hotspots"
"Tower Hamlets 019H",59,51.5168775711111,-0.0362187983333333,0.2712,0.339,0.2881,0.1017,1,"Central high-volume hotspots"
"Wandsworth 028E",59,51.439308265873,-0.21560511468254,0.2373,0.2373,0.4407,0.0847,1,"Central high-volume hotspots"
"Newham 003C",59,51.5475737324561,0.0404067868421053,0.4237,0.3898,0.1017,0.0847,1,"Central high-volume hotspots"
"Ealing 014B",58,51.5287146671296,-0.360797056481481,0.1897,0.3448,0.2759,0.1897,1,"Central high-volume hotspots"
"Barnet 027F",58,51.6029504925926,-0.179017969753086,0.3276,0.1897,0.2414,0.2414,1,"Central high-volume hotspots"
"Croydon 030C",58,51.3523221285714,-0.0236063071428571,0.2414,0.4138,0.2069,0.1379,1,"Central high-volume hotspots"
"Barnet 033D",58,51.5856406656863,-0.16942993627451,0.4655,0.1897,0.2414,0.1034,1,"Central high-volume hotspots"
"Brent 021E",58,51.5484264191919,-0.267238156565657,0.3621,0.3793,0.1034,0.1552,1,"Central high-volume hotspots"
"Barnet 004C",58,51.6450425318627,-0.190474666666667,0.431,0.2759,0.1552,0.1379,1,"Central high-volume hotspots"
"Barking and Dagenham 009B",58,51.5496430225225,0.15212668018018,0.3276,0.3966,0.1552,0.1207,1,"Central high-volume hotspots"
"Hammersmith and Fulham 009C",58,51.4984592350575,-0.229430798850575,0.2586,0.2414,0.4483,0.0517,1,"Central high-volume hotspots"
"Barking and Dagenham 019H",58,51.5215685372807,0.109898848684211,0.2241,0.3793,0.3103,0.0862,1,"Central high-volume hotspots"
"Harrow 003B",58,51.6142820423198,-0.321375729885057,0.2586,0.2759,0.431,0.0345,1,"Central high-volume hotspots"
"Enfield 029A",58,51.6208137054264,-0.103886011627907,0.4828,0.1552,0.2241,0.1379,1,"Central high-volume hotspots"
"Enfield 029D",58,51.6231586324324,-0.107974708558559,0.2414,0.2759,0.2414,0.2414,1,"Central high-volume hotspots"
"Wandsworth 033B",58,51.4275838794872,-0.160006101709402,0.2759,0.3793,0.1724,0.1724,1,"Central high-volume hotspots"
"Barnet 021C",58,51.6078954255208,-0.25148465,0.1552,0.4483,0.3448,0.0517,1,"Central high-volume hotspots"
"Barnet 022A",58,51.6016816745098,-0.148021506372549,0.4655,0.2586,0.2069,0.069,1,"Central high-volume hotspots"
"Hounslow 012E",58,51.4817326597222,-0.354174314814815,0.3966,0.2931,0.2069,0.1034,1,"Central high-volume hotspots"
"Hounslow 015G",58,51.4709178411458,-0.352042301339286,0.2586,0.1897,0.3793,0.1724,1,"Central high-volume hotspots"
"Greenwich 041C",58,51.4963100648148,0.0128195115740741,0.3448,0.3103,0.1207,0.2241,1,"Central high-volume hotspots"
"Hounslow 008B",58,51.4792849075269,-0.270483071505376,0.3793,0.2069,0.3276,0.0862,1,"Central high-volume hotspots"
"Haringey 018B",58,51.5907088380952,-0.0738602095238095,0.2586,0.2759,0.3276,0.1379,1,"Central high-volume hotspots"
"Lambeth 007B",58,51.4751174772727,-0.111338727272727,0.1379,0.2069,0.5862,0.069,1,"Central high-volume hotspots"
"Lambeth 008B",58,51.4701046161616,-0.135856272727273,0.3103,0.4138,0.2414,0.0345,1,"Central high-volume hotspots"
"Redbridge 024A",58,51.5689427055556,0.100699672222222,0.2069,0.5,0.1897,0.1034,1,"Central high-volume hotspots"
"Bromley 020C",58,51.3904985560976,0.0376139349593496,0.3448,0.1897,0.2586,0.2069,1,"Central high-volume hotspots"
"Havering 002E",58,51.600351515625,0.230700966145833,0.2414,0.3103,0.2414,0.2069,1,"Central high-volume hotspots"
"Lewisham 006B",58,51.4718589259259,-0.0503595898148148,0.1552,0.3621,0.2414,0.2414,1,"Central high-volume hotspots"
"Havering 016D",58,51.5749740213675,0.195825017094017,0.2586,0.3448,0.2586,0.1379,1,"Central high-volume hotspots"
"Lewisham 018C",58,51.44949558125,-0.011956553125,0.2931,0.5172,0.1207,0.069,1,"Central high-volume hotspots"
"Enfield 035D",58,51.6163472828947,-0.10227126754386,0.5,0.2069,0.1724,0.1207,1,"Central high-volume hotspots"
"Hillingdon 033C",58,51.560654241358,-0.394887317901235,0.3103,0.1897,0.3966,0.1034,1,"Central high-volume hotspots"
"Hounslow 006A",58,51.4932599157143,-0.318092339047619,0.2931,0.4138,0.1724,0.1207,1,"Central high-volume hotspots"
"Haringey 009B",58,51.5975590547619,-0.124475102380952,0.4828,0.2414,0.1724,0.1034,1,"Central high-volume hotspots"
"Kingston upon Thames 004I",58,51.4139355820175,-0.302832987280702,0.2069,0.2931,0.3448,0.1552,1,"Central high-volume hotspots"
"Redbridge 013D",58,51.5787952850877,0.0921354429824561,0.2069,0.3621,0.2414,0.1897,1,"Central high-volume hotspots"
"Redbridge 035B",58,51.5652456784314,0.0569743573529412,0.2414,0.4655,0.1379,0.1552,1,"Central high-volume hotspots"
"Redbridge 035D",58,51.5703846757576,0.0531378222222222,0.3621,0.0862,0.3793,0.1724,1,"Central high-volume hotspots"
"Lambeth 024A",58,51.4418690363248,-0.117651275641026,0.2241,0.3276,0.3103,0.1379,1,"Central high-volume hotspots"
"Lambeth 024D",58,51.444905504386,-0.115447453947368,0.2759,0.4138,0.1034,0.2069,1,"Central high-volume hotspots"
"Lambeth 027D",58,51.4380915185185,-0.116965615740741,0.2931,0.2759,0.3103,0.1207,1,"Central high-volume hotspots"
"Richmond upon Thames 013D",58,51.4482578952991,-0.383163771367521,0.3103,0.2931,0.1207,0.2759,1,"Central high-volume hotspots"
"Lewisham 015C",58,51.45289625,-0.0392346055555556,0.2414,0.2931,0.2931,0.1724,1,"Central high-volume hotspots"
"Lewisham 016B",58,51.4480912972973,0.00710091891891892,0.3448,0.2414,0.2586,0.1552,1,"Central high-volume hotspots"
"Lewisham 037D",58,51.427063427193,0.00415422719298246,0.2586,0.431,0.1552,0.1552,1,"Central high-volume hotspots"
"Hillingdon 021F",58,51.5260905925926,-0.421208701388889,0.2241,0.3621,0.3103,0.1034,1,"Central high-volume hotspots"
"Southwark 013B",58,51.4896581788618,-0.0733004735772358,0.4483,0.1897,0.2586,0.1034,1,"Central high-volume hotspots"
"Southwark 033C",58,51.4306603466667,-0.0813278422222222,0.1207,0.5517,0.2241,0.1034,1,"Central high-volume hotspots"
"Hounslow 026C",58,51.4352914357843,-0.388257796568627,0.1897,0.4828,0.1897,0.1379,1,"Central high-volume hotspots"
"Waltham Forest 007F",58,51.6092589147287,0.00293946124031008,0.3793,0.2931,0.2414,0.0862,1,"Central high-volume hotspots"
"Kensington and Chelsea 014D",58,51.4907623322829,-0.162850892507003,0.6897,0.1897,0.1207,0,1,"Central high-volume hotspots"
"Kingston upon Thames 005B",58,51.4082174259804,-0.287460525,0.2241,0.5,0.2241,0.0517,1,"Central high-volume hotspots"
"Richmond upon Thames 001G",58,51.4842068518889,-0.239954786666667,0.2241,0.2414,0.5345,0,1,"Central high-volume hotspots"
"Waltham Forest 022E",58,51.5681576557018,-0.0292004342105263,0.4483,0.1724,0.2414,0.1379,1,"Central high-volume hotspots"
"Wandsworth 017A",58,51.4533807371795,-0.15447405982906,0.5345,0.1724,0.2414,0.0517,1,"Central high-volume hotspots"
"Waltham Forest 024E",58,51.5672662226191,0.0157725535714286,0.2931,0.1379,0.5172,0.0517,1,"Central high-volume hotspots"
"Wandsworth 016B",58,51.4590182371795,-0.239173564102564,0.2759,0.3448,0.2414,0.1379,1,"Central high-volume hotspots"
"Wandsworth 033C",58,51.4318573138889,-0.17022662037037,0.2069,0.431,0.2586,0.1034,1,"Central high-volume hotspots"
"Westminster 006A",58,51.5245375299145,-0.19445902991453,0.2931,0.2759,0.3276,0.1034,1,"Central high-volume hotspots"
"Brent 018B",57,51.551859597807,-0.23030436622807,0.1754,0.4912,0.193,0.1404,1,"Central high-volume hotspots"
"Barnet 033B",57,51.5742472265625,-0.175488297916667,0.5614,0.1228,0.1579,0.1579,1,"Central high-volume hotspots"
"Ealing 027C",57,51.5133200234375,-0.283759942708333,0.2456,0.1579,0.4211,0.1754,1,"Central high-volume hotspots"
"Brent 030A",57,51.5433636495727,-0.222517183760684,0.3158,0.2632,0.2982,0.1228,1,"Central high-volume hotspots"
"Brent 023B",57,51.5454725676768,-0.215749446464646,0.386,0.1579,0.4211,0.0351,1,"Central high-volume hotspots"
"Enfield 019A",57,51.6350420954023,-0.123845485632184,0.1754,0.2632,0.4561,0.1053,1,"Central high-volume hotspots"
"Barnet 026C",57,51.6049060757576,-0.243886230808081,0.193,0.3509,0.2456,0.2105,1,"Central high-volume hotspots"
"Bexley 019B",57,51.450647688172,0.18796388172043,0.193,0.2456,0.1228,0.4386,1,"Central high-volume hotspots"
"Hounslow 009A",57,51.480323974359,-0.335579427350427,0.4035,0.1754,0.2632,0.1579,1,"Central high-volume hotspots"
"Haringey 028C",57,51.5799914719298,-0.110503186842105,0.2982,0.3333,0.2456,0.1228,1,"Central high-volume hotspots"
"Haringey 034A",57,51.577129625,-0.117243952777778,0.5439,0.3158,0.0702,0.0702,1,"Central high-volume hotspots"
"Lambeth 009D",57,51.4724753074713,-0.104235161330049,0.2982,0.2281,0.386,0.0877,1,"Central high-volume hotspots"
"Harrow 013C",57,51.5970910714286,-0.330209071428571,0.2105,0.2807,0.2632,0.2456,1,"Central high-volume hotspots"
"Harrow 024B",57,51.5789577125,-0.353197271759259,0.2456,0.193,0.386,0.1754,1,"Central high-volume hotspots"
"Haringey 023A",57,51.5863908055556,-0.107030891414141,0.3158,0.4737,0.1228,0.0877,1,"Central high-volume hotspots"
"Hounslow 007C",57,51.4865710771429,-0.26632867047619,0.386,0.1404,0.3333,0.1404,1,"Central high-volume hotspots"
"Hounslow 018I",57,51.4640859992063,-0.369068270634921,0.2281,0.3509,0.3509,0.0702,1,"Central high-volume hotspots"
"Bexley 014D",57,51.4669843541667,0.160165011309524,0.1404,0.5614,0.2456,0.0526,1,"Central high-volume hotspots"
"Haringey 020C",57,51.5850697770833,-0.12253935,0.3158,0.4035,0.193,0.0877,1,"Central high-volume hotspots"
"Redbridge 015B",57,51.5823387214912,0.075597326754386,0.2982,0.4211,0.1228,0.1579,1,"Central high-volume hotspots"
"Lambeth 015D",57,51.462214172381,-0.12403747047619,0.3509,0.2281,0.2982,0.1228,1,"Central high-volume hotspots"
"Lewisham 002C",57,51.4834242959596,-0.0298086161616162,0.2982,0.4035,0.2632,0.0351,1,"Central high-volume hotspots"
"Havering 023E",57,51.5532660570175,0.205771842105263,0.4912,0.3333,0.0877,0.0877,1,"Central high-volume hotspots"
"Havering 026A",57,51.5486785350877,0.190184254385965,0.2632,0.3684,0.2105,0.1579,1,"Central high-volume hotspots"
"Camden 001A",57,51.5638195702381,-0.142228774404762,0.193,0.3684,0.3684,0.0702,1,"Central high-volume hotspots"
"Hillingdon 010D",57,51.5699194214286,-0.41213065,0.4035,0.2807,0.1228,0.193,1,"Central high-volume hotspots"
"Merton 023B",57,51.393120695679,-0.185027973280423,0.2632,0.4737,0.193,0.0702,1,"Central high-volume hotspots"
"Hackney 012C",57,51.5546802952381,-0.0882781238095238,0.193,0.4035,0.2982,0.1053,1,"Central high-volume hotspots"
"Sutton 024C",57,51.3431731666667,-0.162707053763441,0.2982,0.2281,0.3158,0.1579,1,"Central high-volume hotspots"
"Kingston upon Thames 004E",57,51.4195287784314,-0.303255881372549,0.2632,0.3158,0.2632,0.1579,1,"Central high-volume hotspots"
"Redbridge 023C",57,51.5679188065476,0.0857382291666667,0.193,0.4912,0.2105,0.1053,1,"Central high-volume hotspots"
"Lambeth 029A",57,51.4361181442577,-0.134229586134454,0.3684,0.2632,0.2632,0.1053,1,"Central high-volume hotspots"
"Lambeth 033C",57,51.4287868888889,-0.0884683425925926,0.2982,0.2982,0.2982,0.1053,1,"Central high-volume hotspots"
"Lewisham 014B",57,51.4556726361789,-0.0213173516260163,0.2632,0.4211,0.2807,0.0351,1,"Central high-volume hotspots"
"Wandsworth 030D",57,51.4353620495238,-0.151883784761905,0.2982,0.2105,0.4561,0.0351,1,"Central high-volume hotspots"
"Sutton 011B",57,51.3696604088889,-0.132498933888889,0.1053,0.5088,0.2105,0.1754,1,"Central high-volume hotspots"
"Merton 008A",57,51.4169580595238,-0.16553985952381,0.193,0.4035,0.2807,0.1228,1,"Central high-volume hotspots"
"Haringey 004A",57,51.6038541643519,-0.1322789375,0.386,0.2807,0.2105,0.1228,1,"Central high-volume hotspots"
"Wandsworth 004E",57,51.4702539517544,-0.176696978070175,0.3509,0.3509,0.1579,0.1404,1,"Central high-volume hotspots"
"Tower Hamlets 004G",57,51.5308362685185,-0.0265809953703704,0.3158,0.4035,0.193,0.0877,1,"Central high-volume hotspots"
"Richmond upon Thames 001B",57,51.4754679485294,-0.248302789215686,0.3158,0.2807,0.3333,0.0702,1,"Central high-volume hotspots"
"Waltham Forest 003B",57,51.6111549105556,0.0183367172222222,0.3158,0.2281,0.4035,0.0526,1,"Central high-volume hotspots"
"Wandsworth 009E",57,51.4630926319444,-0.157203666666667,0.5088,0.193,0.2105,0.0877,1,"Central high-volume hotspots"
"Wandsworth 028A",57,51.4416566557471,-0.209052629310345,0.4561,0.3333,0.193,0.0175,1,"Central high-volume hotspots"
"Sutton 001B",57,51.3862539692708,-0.173569502083333,0.2105,0.386,0.193,0.2105,1,"Central high-volume hotspots"
"Westminster 002A",57,51.5367169652381,-0.179919877619048,0.4211,0.193,0.3333,0.0526,1,"Central high-volume hotspots"
"Croydon 044C",56,51.3037659747475,-0.118882017676768,0.2321,0.375,0.1607,0.2321,1,"Central high-volume hotspots"
"Barking and Dagenham 007D",56,51.5501068288889,0.138660333333333,0.2857,0.5893,0.1071,0.0179,1,"Central high-volume hotspots"
"Brent 030E",56,51.5368670509259,-0.219364115740741,0.375,0.2143,0.2857,0.125,1,"Central high-volume hotspots"
"Ealing 022D",56,51.5134752752874,-0.339289233908046,0.2857,0.25,0.375,0.0893,1,"Central high-volume hotspots"
"Barking and Dagenham 009E",56,51.5470072394444,0.141715003888889,0.25,0.3036,0.2143,0.2321,1,"Central high-volume hotspots"
"Enfield 004A",56,51.6645868207071,-0.0852832222222222,0.25,0.3929,0.1964,0.1607,1,"Central high-volume hotspots"
"Ealing 017B",56,51.5236222384259,-0.37125805787037,0.3393,0.2679,0.1964,0.1964,1,"Central high-volume hotspots"
"Bexley 005B",56,51.4837465686274,0.155492046568627,0.125,0.3929,0.2143,0.2679,1,"Central high-volume hotspots"
"Hammersmith and Fulham 001B",56,51.5162601411765,-0.245925817647059,0.1964,0.4107,0.1786,0.2143,1,"Central high-volume hotspots"
"Barking and Dagenham 020A",56,51.5328100921053,0.144783872807018,0.375,0.3036,0.1607,0.1607,1,"Central high-volume hotspots"
"Ealing 022B",56,51.5163170735294,-0.336414225490196,0.1786,0.3571,0.3214,0.1429,1,"Central high-volume hotspots"
"Brent 036C",56,51.5515360688889,-0.271131801111111,0.2321,0.3393,0.0714,0.3571,1,"Central high-volume hotspots"
"Harrow 006A",56,51.6078736787879,-0.350628578787879,0.2857,0.375,0.2857,0.0536,1,"Central high-volume hotspots"
"Harrow 012A",56,51.6014174093137,-0.300069083333333,0.4821,0.3393,0.1607,0.0179,1,"Central high-volume hotspots"
"Hammersmith and Fulham 007B",56,51.4998735106838,-0.224278521367521,0.4286,0.0893,0.2679,0.2143,1,"Central high-volume hotspots"
"Bromley 024D",56,51.3922232150538,-0.0310025537634409,0.5536,0.2321,0.125,0.0893,1,"Central high-volume hotspots"
"Barking and Dagenham 018B",56,51.5360735161905,0.126679314285714,0.2321,0.4286,0.2321,0.1071,1,"Central high-volume hotspots"
"Camden 006D",56,51.5513395215517,-0.159756422413793,0.25,0.2143,0.5179,0.0179,1,"Central high-volume hotspots"
"Camden 007A",56,51.5528342334055,-0.150456346320346,0.375,0.4821,0.1071,0.0357,1,"Central high-volume hotspots"
"Camden 016A",56,51.5426076011905,-0.181507373015873,0.4643,0.2679,0.1429,0.125,1,"Central high-volume hotspots"
"Bexley 013C",56,51.470568175,0.11352845,0.1607,0.4643,0.3036,0.0714,1,"Central high-volume hotspots"
"Greenwich 016B",56,51.4824368555556,0.0139736472222222,0.2857,0.3571,0.3214,0.0357,1,"Central high-volume hotspots"
"Haringey 010A",56,51.5943653380952,-0.0996182161904762,0.3393,0.4107,0.1429,0.1071,1,"Central high-volume hotspots"
"Ealing 005B",56,51.5412522666667,-0.309507932380952,0.25,0.4107,0.1964,0.1429,1,"Central high-volume hotspots"
"Haringey 020H",56,51.5886449072917,-0.116321572916667,0.3393,0.1786,0.4286,0.0536,1,"Central high-volume hotspots"
"Lambeth 035C",56,51.4131211802083,-0.138647941666667,0.2857,0.2143,0.4286,0.0714,1,"Central high-volume hotspots"
"Lewisham 015A",56,51.4502387333333,-0.0311874619047619,0.375,0.2321,0.2321,0.1607,1,"Central high-volume hotspots"
"Havering 027D",56,51.5335990705882,0.188652014215686,0.4286,0.25,0.2321,0.0893,1,"Central high-volume hotspots"
"Enfield 032A",56,51.6110959989899,-0.129680872727273,0.4286,0.2143,0.25,0.1071,1,"Central high-volume hotspots"
"Merton 001F",56,51.4315808148148,-0.19644700462963,0.2321,0.1429,0.375,0.25,1,"Central high-volume hotspots"
"Hillingdon 033D",56,51.5523127495238,-0.401947349047619,0.3214,0.3393,0.2143,0.125,1,"Central high-volume hotspots"
"Merton 023C",56,51.4000173844086,-0.189680984408602,0.2857,0.375,0.25,0.0893,1,"Central high-volume hotspots"
"Bexley 015C",56,51.4596559236111,0.145544201388889,0.2857,0.3571,0.2143,0.1429,1,"Central high-volume hotspots"
"Newham 019D",56,51.5333237546296,0.046698875,0.3393,0.4286,0.1786,0.0536,1,"Central high-volume hotspots"
"Newham 025D",56,51.5275038919048,0.0465232,0.4821,0.3571,0.0179,0.1429,1,"Central high-volume hotspots"
"Newham 035A",56,51.5120560324074,0.0527201296296296,0.25,0.3571,0.2143,0.1786,1,"Central high-volume hotspots"
"Kensington and Chelsea 010E",56,51.4966422560185,-0.180289754166667,0.4643,0.3036,0.1429,0.0893,1,"Central high-volume hotspots"
"Hammersmith and Fulham 020D",56,51.4762411688597,-0.190104429385965,0.2857,0.2857,0.2857,0.1429,1,"Central high-volume hotspots"
"Kingston upon Thames 015B",56,51.3821314478927,-0.247374890996169,0.1607,0.2857,0.4821,0.0714,1,"Central high-volume hotspots"
"Kingston upon Thames 015D",56,51.3923389571429,-0.25426908,0.2321,0.2679,0.3393,0.1607,1,"Central high-volume hotspots"
"Redbridge 017C",56,51.5757395181373,0.0797946607843137,0.3214,0.1786,0.4286,0.0714,1,"Central high-volume hotspots"
"Redbridge 034E",56,51.5649509545455,0.11400537020202,0.2857,0.3036,0.25,0.1607,1,"Central high-volume hotspots"
"Lambeth 025C",56,51.4471950588235,-0.100785764705882,0.3571,0.2321,0.2857,0.125,1,"Central high-volume hotspots"
"Richmond upon Thames 009B",56,51.4567488780952,-0.311988779047619,0.3036,0.4107,0.2143,0.0714,1,"Central high-volume hotspots"
"Richmond upon Thames 018B",56,51.4330155054054,-0.347097891891892,0.2679,0.3214,0.2857,0.125,1,"Central high-volume hotspots"
"Southwark 026A",56,51.4674487959596,-0.0534002555555556,0.25,0.375,0.2679,0.1071,1,"Central high-volume hotspots"
"Hounslow 024F",56,51.4432441277778,-0.389481919444444,0.2321,0.5893,0.0714,0.1071,1,"Central high-volume hotspots"
"Islington 002D",56,51.5696641078431,-0.131561249019608,0.2321,0.4643,0.1786,0.125,1,"Central high-volume hotspots"
"Sutton 004F",56,51.3802962574405,-0.156119198660714,0.3571,0.375,0.1607,0.1071,1,"Central high-volume hotspots"
"Sutton 015D",56,51.3643978790323,-0.17226935483871,0.6429,0.2143,0.0714,0.0714,1,"Central high-volume hotspots"
"Kingston upon Thames 011D",56,51.393500993421,-0.30809974122807,0.3214,0.3393,0.25,0.0893,1,"Central high-volume hotspots"
"Tower Hamlets 012A",56,51.5226331,-0.0205834285714286,0.2321,0.2857,0.3571,0.125,1,"Central high-volume hotspots"
"Tower Hamlets 024H",56,51.5113633404762,-0.0226270642857143,0.3036,0.2679,0.2857,0.1429,1,"Central high-volume hotspots"
"Tower Hamlets 033D",56,51.501079,-0.024301,0.2321,0.2857,0.3571,0.125,1,"Central high-volume hotspots"
"Waltham Forest 011E",56,51.5875151695402,-0.0235220545977012,0.2321,0.3571,0.25,0.1607,1,"Central high-volume hotspots"
"Wandsworth 022B",56,51.4485150172414,-0.216758336206897,0.2143,0.4821,0.2679,0.0357,1,"Central high-volume hotspots"
"Westminster 023G",56,51.4880116216216,-0.146530367117117,0.2857,0.375,0.2857,0.0536,1,"Central high-volume hotspots"
"Wandsworth 028D",56,51.4409393677419,-0.218671462903226,0.2321,0.2679,0.375,0.125,1,"Central high-volume hotspots"
"Southwark 008C",56,51.4945930785714,-0.0346459785714286,0.4107,0.2143,0.3214,0.0536,1,"Central high-volume hotspots"
"Ealing 041C",55,51.5184189634146,-0.288658093495935,0.4364,0.2182,0.2364,0.1091,1,"Central high-volume hotspots"
"Ealing 041D",55,51.5193875964912,-0.29460101754386,0.3455,0.2909,0.2,0.1636,1,"Central high-volume hotspots"
"Ealing 030D",55,51.5052463032967,-0.341336906776557,0.2364,0.2727,0.4727,0.0182,1,"Central high-volume hotspots"
"Barking and Dagenham 012E",55,51.5411017589606,0.11974680734767,0.2727,0.5273,0.1636,0.0364,1,"Central high-volume hotspots"
"Ealing 031A",55,51.5016445505952,-0.299122907738095,0.2182,0.4909,0.2,0.0909,1,"Central high-volume hotspots"
"Bromley 031B",55,51.3767726142857,0.0832924,0.5091,0.1091,0.2,0.1818,1,"Central high-volume hotspots"
"Enfield 010D",55,51.6553334044012,-0.0933121378066378,0.3636,0.1818,0.3455,0.1091,1,"Central high-volume hotspots"
"Barnet 011A",55,51.6240087666667,-0.156819080952381,0.2182,0.4182,0.3091,0.0545,1,"Central high-volume hotspots"
"Bexley 007B",55,51.4757805,0.159809972222222,0.1636,0.3273,0.2727,0.2364,1,"Central high-volume hotspots"
"Hammersmith and Fulham 003B",55,51.5084173177083,-0.242723466145833,0.3455,0.4,0.2182,0.0364,1,"Central high-volume hotspots"
"Haringey 022C",55,51.5877790034483,-0.128358843678161,0.4182,0.1273,0.2909,0.1636,1,"Central high-volume hotspots"
"Harrow 003A",55,51.615349172043,-0.330225341397849,0.1636,0.4182,0.3091,0.1091,1,"Central high-volume hotspots"
"Bromley 011A",55,51.4152562956989,0.0036631311827957,0.4182,0.2182,0.2545,0.1091,1,"Central high-volume hotspots"
"Harrow 027B",55,51.5720280458333,-0.352662316203704,0.2909,0.3818,0.3273,0,1,"Central high-volume hotspots"
"Bromley 023C",55,51.3960274962366,0.0991210311827957,0.2909,0.4,0.1818,0.1273,1,"Central high-volume hotspots"
"Greenwich 029B",55,51.4453768281609,0.0253516051724138,0.0727,0.5091,0.2182,0.2,1,"Central high-volume hotspots"
"Enfield 026C",55,51.62075025,-0.0903796125,0.4727,0.2364,0.1273,0.1636,1,"Central high-volume hotspots"
"Enfield 027E",55,51.622328462963,-0.0736654907407407,0.3091,0.3636,0.1818,0.1455,1,"Central high-volume hotspots"
"Camden 005D",55,51.55367655,-0.19165825,0.4545,0.1091,0.3818,0.0545,1,"Central high-volume hotspots"
"Hackney 013B",55,51.5579930564516,-0.0421642397849462,0.3636,0.3818,0.1818,0.0727,1,"Central high-volume hotspots"
"Croydon 017E",55,51.3877007809524,-0.0763850285714286,0.2909,0.3273,0.2364,0.1455,1,"Central high-volume hotspots"
"Haringey 032A",55,51.5769757352941,-0.0775862647058824,0.2364,0.3818,0.2,0.1818,1,"Central high-volume hotspots"
"Lambeth 009E",55,51.4718529797297,-0.108641691441441,0.1818,0.4182,0.1818,0.2182,1,"Central high-volume hotspots"
"Lambeth 012E",55,51.4680478452381,-0.132520176190476,0.3091,0.3273,0.2,0.1636,1,"Central high-volume hotspots"
"Havering 025B",55,51.5493247767677,0.218975083333333,0.4,0.2,0.3091,0.0909,1,"Central high-volume hotspots"
"Hillingdon 014C",55,51.5507133223684,-0.447069460526316,0.2727,0.2909,0.2182,0.2182,1,"Central high-volume hotspots"
"Southwark 028E",55,51.4631778383838,-0.0743423762626263,0.2909,0.3818,0.2727,0.0545,1,"Central high-volume hotspots"
"Newham 032D",55,51.5156197952381,0.0396163257142857,0.2364,0.4364,0.2364,0.0909,1,"Central high-volume hotspots"
"Kensington and Chelsea 018B",55,51.4850791273148,-0.164496490740741,0.3091,0.2,0.3455,0.1455,1,"Central high-volume hotspots"
"Kingston upon Thames 011C",55,51.3918227893939,-0.312365595454545,0.1818,0.2727,0.3636,0.1818,1,"Central high-volume hotspots"
"Lambeth 024B",55,51.4488915843434,-0.112290747474747,0.2182,0.4364,0.2364,0.1091,1,"Central high-volume hotspots"
"Richmond upon Thames 013E",55,51.4469279,-0.360225634375,0.3091,0.3636,0.2364,0.0909,1,"Central high-volume hotspots"
"Richmond upon Thames 021B",55,51.4262905416667,-0.330992702777778,0.2909,0.3273,0.2364,0.1455,1,"Central high-volume hotspots"
"Richmond upon Thames 022F",55,51.4159299761905,-0.315426223809524,0.3273,0.2182,0.3818,0.0727,1,"Central high-volume hotspots"
"Lewisham 021D",55,51.448843744856,-0.0497408868312757,0.1636,0.4,0.4,0.0364,1,"Central high-volume hotspots"
"Havering 029D",55,51.5272313904762,0.211264881904762,0.1091,0.2727,0.5636,0.0545,1,"Central high-volume hotspots"
"Hillingdon 019C",55,51.5368490810811,-0.436107114864865,0.2,0.4545,0.1818,0.1636,1,"Central high-volume hotspots"
"Merton 009B",55,51.4120862606838,-0.194725978632479,0.3091,0.2727,0.2727,0.1455,1,"Central high-volume hotspots"
"Hounslow 023E",55,51.4480909252874,-0.430473974137931,0.1455,0.3636,0.3636,0.1273,1,"Central high-volume hotspots"
"Sutton 004G",55,51.3775756166667,-0.157043851388889,0.3636,0.4364,0.1455,0.0545,1,"Central high-volume hotspots"
"Sutton 013D",55,51.3629673995098,-0.184156014705882,0.2545,0.3273,0.1636,0.2545,1,"Central high-volume hotspots"
"Waltham Forest 018B",55,51.5730456380208,-0.0237613229166667,0.4,0.3273,0.2364,0.0364,1,"Central high-volume hotspots"
"Redbridge 001C",55,51.6162733210784,0.0235764019607843,0.3091,0.3636,0.2364,0.0909,1,"Central high-volume hotspots"
"Waltham Forest 001C",55,51.6336836064214,-0.00342481782106782,0.2,0.5636,0.1273,0.1091,1,"Central high-volume hotspots"
"Waltham Forest 007B",55,51.6063464916667,0.00818825729166667,0.2364,0.1455,0.4,0.2182,1,"Central high-volume hotspots"
"Waltham Forest 020H",55,51.5724701909091,-0.0106826651515152,0.3455,0.2727,0.3091,0.0727,1,"Central high-volume hotspots"
"Wandsworth 017E",55,51.4573162895833,-0.15782318125,0.4909,0.3091,0.0909,0.1091,1,"Central high-volume hotspots"
"Newham 007B",55,51.5483129137255,0.0340740274509804,0.3636,0.4,0.1455,0.0909,1,"Central high-volume hotspots"
"Croydon 031C",54,51.3540629333333,-0.0992387892473118,0.1667,0.5,0.1667,0.1667,1,"Central high-volume hotspots"
"Croydon 045B",54,51.3906379235294,-0.0625710245098039,0.2407,0.3889,0.1667,0.2037,1,"Central high-volume hotspots"
"Bromley 008E",54,51.41183225,0.020750849537037,0.3148,0.3333,0.2963,0.0556,1,"Central high-volume hotspots"
"Croydon 037C",54,51.3441188569892,-0.110625104301075,0.1667,0.3519,0.4074,0.0741,1,"Central high-volume hotspots"
"Ealing 031B",54,51.5064762204301,-0.302679741935484,0.4074,0.2593,0.3148,0.0185,1,"Central high-volume hotspots"
"Brent 023D",54,51.5504072714286,-0.215840138095238,0.2778,0.2407,0.3333,0.1481,1,"Central high-volume hotspots"
"Ealing 033A",54,51.5039903943164,-0.277550845929339,0.3704,0.1852,0.4074,0.037,1,"Central high-volume hotspots"
"Barnet 025D",54,51.6070963352381,-0.214685009047619,0.3519,0.2778,0.2593,0.1111,1,"Central high-volume hotspots"
"Greenwich 007D",54,51.4828857903226,0.0891243010752688,0.2963,0.2593,0.3333,0.1111,1,"Central high-volume hotspots"
"Enfield 010A",54,51.6519633578431,-0.0923236348039216,0.3519,0.1667,0.3889,0.0926,1,"Central high-volume hotspots"
"Enfield 011B",54,51.6644863484848,-0.156970075757576,0.4259,0.2037,0.2963,0.0741,1,"Central high-volume hotspots"
"Camden 008D",54,51.5529563703704,-0.17099650462963,0.6667,0.1296,0.1667,0.037,1,"Central high-volume hotspots"
"Hackney 028E",54,51.5636740010449,-0.0494452434691745,0.1852,0.2407,0.5,0.0741,1,"Central high-volume hotspots"
"Croydon 045D",54,51.3934625590909,-0.0649162419191919,0.3519,0.4815,0.0926,0.0741,1,"Central high-volume hotspots"
"Hammersmith and Fulham 025B",54,51.467034460101,-0.195473986363636,0.2037,0.3889,0.2963,0.1111,1,"Central high-volume hotspots"
"Havering 007D",54,51.5982682916667,0.23867083125,0.0741,0.463,0.2593,0.2037,1,"Central high-volume hotspots"
"Havering 011E",54,51.5838125508449,0.157806896159754,0.2222,0.2593,0.4074,0.1111,1,"Central high-volume hotspots"
"Enfield 028C",54,51.6241339540404,-0.120973439393939,0.4815,0.2593,0.1481,0.1111,1,"Central high-volume hotspots"
"Camden 011B",54,51.5451306621622,-0.169918157657658,0.4815,0.1111,0.1667,0.2407,1,"Central high-volume hotspots"
"Enfield 024D",54,51.6347989505208,-0.06500609375,0.1852,0.4815,0.1296,0.2037,1,"Central high-volume hotspots"
"Croydon 016D",54,51.3891490021505,-0.117750902688172,0.3333,0.2593,0.2593,0.1481,1,"Central high-volume hotspots"
"Barnet 037F",54,51.5857451520737,-0.205295026113671,0.2407,0.1852,0.3889,0.1852,1,"Central high-volume hotspots"
"Brent 002D",54,51.5876202602151,-0.263353161290323,0.2593,0.463,0.2037,0.0741,1,"Central high-volume hotspots"
"Haringey 001C",54,51.6070773308081,-0.120405755050505,0.3704,0.3148,0.2037,0.1111,1,"Central high-volume hotspots"
"Redbridge 007B",54,51.5994290258065,0.0162292725806452,0.5,0.1667,0.2222,0.1111,1,"Central high-volume hotspots"
"Lambeth 023E",54,51.4485653201531,-0.141729454931973,0.2593,0.3148,0.3704,0.0556,1,"Central high-volume hotspots"
"Havering 003D",54,51.6064063461111,0.171527978333333,0.2407,0.3704,0.3148,0.0741,1,"Central high-volume hotspots"
"Camden 003A",54,51.5587900925926,-0.145391826388889,0.5926,0.1296,0.2037,0.0741,1,"Central high-volume hotspots"
"Hillingdon 010E",54,51.5580264761905,-0.403926557142857,0.2963,0.2963,0.3333,0.0741,1,"Central high-volume hotspots"
"Hillingdon 033E",54,51.5633932362745,-0.387075144607843,0.3704,0.1667,0.3519,0.1111,1,"Central high-volume hotspots"
"Southwark 031A",54,51.4472691535088,-0.0869981666666667,0.5,0.3148,0.0926,0.0926,1,"Central high-volume hotspots"
"Merton 022C",54,51.3938336927083,-0.17707571875,0.2778,0.2407,0.3704,0.1111,1,"Central high-volume hotspots"
"Hounslow 020E",54,51.458538,-0.333668,0.2037,0.3889,0.2778,0.1296,1,"Central high-volume hotspots"
"Islington 010E",54,51.5542122552083,-0.125196546875,0.2593,0.2593,0.3704,0.1111,1,"Central high-volume hotspots"
"Kingston upon Thames 007E",54,51.3975890198413,-0.250296068452381,0.1111,0.3704,0.4444,0.0741,1,"Central high-volume hotspots"
"Redbridge 009C",54,51.6006763684211,0.0401280175438597,0.2963,0.3333,0.2222,0.1481,1,"Central high-volume hotspots"
"Redbridge 018D",54,51.5755700610119,0.0322754211309524,0.2963,0.2778,0.3333,0.0926,1,"Central high-volume hotspots"
"Lewisham 019E",54,51.4441470427778,-0.0370732322222222,0.2593,0.4444,0.1481,0.1481,1,"Central high-volume hotspots"
"Wandsworth 009A",54,51.4581278472222,-0.153751247222222,0.5,0.2593,0.2407,0,1,"Central high-volume hotspots"
"Hillingdon 003C",54,51.6043033591398,-0.473984584946237,0.1296,0.537,0.2222,0.1111,1,"Central high-volume hotspots"
"Hounslow 022B",54,51.4548770241936,-0.426599129032258,0.2963,0.4444,0.2222,0.037,1,"Central high-volume hotspots"
"Waltham Forest 002B",54,51.6302571614583,0.0138713255208333,0.3704,0.2963,0.2963,0.037,1,"Central high-volume hotspots"
"Kingston upon Thames 002C",54,51.4328353535354,-0.258558141414141,0.2407,0.463,0.1667,0.1296,1,"Central high-volume hotspots"
"Kingston upon Thames 006A",54,51.402117010101,-0.274462578282828,0.2037,0.463,0.2778,0.0556,1,"Central high-volume hotspots"
"Waltham Forest 004E",54,51.6115463416667,-0.00530747722222222,0.3333,0.1481,0.3704,0.1481,1,"Central high-volume hotspots"
"Waltham Forest 028E",54,51.5554259511494,0.0186966999178982,0.2778,0.4259,0.2222,0.0741,1,"Central high-volume hotspots"
"Wandsworth 004G",54,51.4712443451613,-0.176578659677419,0.2778,0.3704,0.2963,0.0556,1,"Central high-volume hotspots"
"Southwark 017A",54,51.4821017119048,-0.0959184380952381,0.3519,0.2778,0.2593,0.1111,1,"Central high-volume hotspots"
"Westminster 007A",54,51.5271737843137,-0.182117897058824,0.3519,0.1296,0.3148,0.2037,1,"Central high-volume hotspots"
"Barnet 042F",53,51.5932402453297,-0.246088124542125,0.3019,0.2075,0.3208,0.1698,1,"Central high-volume hotspots"
"Bromley 035C",53,51.3638737892157,0.0897705637254902,0.2642,0.434,0.2075,0.0943,1,"Central high-volume hotspots"
"Bromley 035B",53,51.3610491764706,0.0863767009803922,0.4528,0.2642,0.1698,0.1132,1,"Central high-volume hotspots"
"Croydon 041B",53,51.3194690473118,-0.129689686021505,0.2264,0.4717,0.2453,0.0566,1,"Central high-volume hotspots"
"Bexley 027F",53,51.4261146666667,0.108143071428571,0.2075,0.3019,0.3585,0.1321,1,"Central high-volume hotspots"
"Croydon 038E",53,51.3415884086021,-0.133601701612903,0.283,0.3208,0.3208,0.0755,1,"Central high-volume hotspots"
"Bromley 013D",53,51.4019050203125,-0.050221328125,0.2453,0.3774,0.2453,0.1321,1,"Central high-volume hotspots"
"Bromley 037D",53,51.3529689907407,0.0912548333333333,0.4906,0.3019,0.1132,0.0943,1,"Central high-volume hotspots"
"Barnet 004D",53,51.6451616875,-0.195963869791667,0.1698,0.4717,0.1509,0.2075,1,"Central high-volume hotspots"
"Croydon 017B",53,51.384819437931,-0.0756935224137931,0.2642,0.434,0.2642,0.0377,1,"Central high-volume hotspots"
"Hackney 025E",53,51.5365077696078,-0.0747233676470588,0.4151,0.2264,0.3019,0.0566,1,"Central high-volume hotspots"
"Hammersmith and Fulham 002D",53,51.5125328365079,-0.232425722222222,0.0377,0.566,0.3774,0.0189,1,"Central high-volume hotspots"
"Hackney 024F",53,51.5365826805556,-0.0653357152777778,0.2075,0.3585,0.1698,0.2642,1,"Central high-volume hotspots"
"Barnet 035E",53,51.5796256106443,-0.199802078431373,0.3585,0.3774,0.1321,0.1321,1,"Central high-volume hotspots"
"Brent 013C",53,51.5557397901786,-0.313136805059524,0.1887,0.2642,0.5094,0.0377,1,"Central high-volume hotspots"
"Enfield 024A",53,51.6311209480392,-0.0665192794117647,0.283,0.4528,0.1698,0.0943,1,"Central high-volume hotspots"
"Haringey 028A",53,51.5831096538889,-0.115435772222222,0.2075,0.3962,0.2453,0.1509,1,"Central high-volume hotspots"
"Haringey 029C",53,51.5783597291667,-0.0643408356481481,0.2642,0.3396,0.2075,0.1887,1,"Central high-volume hotspots"
"Harrow 010A",53,51.5998771339286,-0.280097952380952,0.4151,0.2264,0.3208,0.0377,1,"Central high-volume hotspots"
"Barnet 013E",53,51.6202068390653,-0.261161776455026,0.1698,0.2453,0.4151,0.1698,1,"Central high-volume hotspots"
"Greenwich 002I",53,51.500511377451,0.104042642156863,0.1698,0.4717,0.2075,0.1509,1,"Central high-volume hotspots"
"Islington 013C",53,51.553966979798,-0.101472340909091,0.2642,0.3774,0.3019,0.0566,1,"Central high-volume hotspots"
"Islington 021C",53,51.5297106785714,-0.106635028571429,0.3774,0.2642,0.1887,0.1698,1,"Central high-volume hotspots"
"Kingston upon Thames 020E",53,51.357204635,-0.303193389444444,0.2453,0.3396,0.2264,0.1887,1,"Central high-volume hotspots"
"Lambeth 004C",53,51.479793322549,-0.123112652941176,0.4151,0.3774,0.1132,0.0943,1,"Central high-volume hotspots"
"Lewisham 010D",53,51.468062717619,-0.0403866095238095,0.3208,0.3208,0.1698,0.1887,1,"Central high-volume hotspots"
"Camden 004B",53,51.5542205358586,-0.179378410606061,0.6226,0.1132,0.2264,0.0377,1,"Central high-volume hotspots"
"Merton 016A",53,51.4060395454545,-0.216955154040404,0.434,0.3019,0.2264,0.0377,1,"Central high-volume hotspots"
"Southwark 027A",53,51.4637472930108,-0.080398501344086,0.2642,0.434,0.2075,0.0943,1,"Central high-volume hotspots"
"Sutton 014C",53,51.3693011956989,-0.207783966666667,0.1132,0.4528,0.2642,0.1698,1,"Central high-volume hotspots"
"Newham 031C",53,51.5187255761905,0.0229040476190476,0.3019,0.3396,0.1132,0.2453,1,"Central high-volume hotspots"
"Haringey 009A",53,51.5996153301282,-0.140808762820513,0.4717,0.2075,0.2642,0.0566,1,"Central high-volume hotspots"
"Redbridge 031C",53,51.5509310151515,0.0919256085858586,0.2453,0.3585,0.1887,0.2075,1,"Central high-volume hotspots"
"Waltham Forest 025C",53,51.561730481982,-0.00042463963963964,0.3962,0.2264,0.2453,0.1321,1,"Central high-volume hotspots"
"Wandsworth 019A",53,51.446692712,-0.188289878666667,0.283,0.2453,0.434,0.0377,1,"Central high-volume hotspots"
"Merton 003A",53,51.4245447395833,-0.2033261875,0.4151,0.2264,0.2264,0.1321,1,"Central high-volume hotspots"
"Southwark 033D",53,51.4247979166667,-0.0785827252252252,0.4151,0.1887,0.2453,0.1509,1,"Central high-volume hotspots"
"Croydon 007D",53,51.4031632916667,-0.0756789730392157,0.3585,0.4717,0.1321,0.0377,1,"Central high-volume hotspots"
"Sutton 010E",53,51.3679926981982,-0.157632941441441,0.4717,0.2264,0.1132,0.1887,1,"Central high-volume hotspots"
"Sutton 012C",53,51.3685358225806,-0.187895941935484,0.2075,0.2642,0.4528,0.0755,1,"Central high-volume hotspots"
"Sutton 024D",53,51.3254470637255,-0.155888539215686,0.3585,0.3208,0.2264,0.0943,1,"Central high-volume hotspots"
"Waltham Forest 012D",53,51.5930648413793,-0.0274240206896552,0.1887,0.3962,0.3019,0.1132,1,"Central high-volume hotspots"
"Kingston upon Thames 004A",53,51.4161495925287,-0.294697820114943,0.1698,0.3585,0.1887,0.283,1,"Central high-volume hotspots"
"Waltham Forest 027B",53,51.5525963228571,-0.000847391428571429,0.3396,0.2642,0.3208,0.0755,1,"Central high-volume hotspots"
"Waltham Forest 021A",53,51.5765494221612,0.0112832564102564,0.0755,0.283,0.5472,0.0943,1,"Central high-volume hotspots"
"Wandsworth 006B",53,51.4699523876679,-0.225123581196581,0.3962,0.1887,0.3396,0.0755,1,"Central high-volume hotspots"
"Southwark 019D",53,51.4756767553763,-0.0745990241935484,0.2642,0.3019,0.3019,0.1321,1,"Central high-volume hotspots"
"Wandsworth 027D",53,51.4367632916667,-0.1628733125,0.283,0.3019,0.2453,0.1698,1,"Central high-volume hotspots"
"Westminster 021A",53,51.490532,-0.137001,0.3208,0.283,0.3208,0.0755,1,"Central high-volume hotspots"
"Brent 014D",52,51.5567212794118,-0.246846867647059,0.2308,0.2692,0.25,0.25,1,"Central high-volume hotspots"
"Ealing 041B",52,51.52048795,-0.299367011904762,0.3846,0.2885,0.25,0.0769,1,"Central high-volume hotspots"
"Bromley 015A",52,51.4061408472222,-0.0589172731481481,0.3654,0.2885,0.1731,0.1731,1,"Central high-volume hotspots"
"Barnet 029C",52,51.5904560234375,-0.169115458333333,0.3462,0.3846,0.2115,0.0577,1,"Central high-volume hotspots"
"Ealing 007B",52,51.5369708020202,-0.333791351515151,0.2115,0.3269,0.3269,0.1346,1,"Central high-volume hotspots"
"Greenwich 025D",52,51.4624463404762,0.0462652166666667,0.3077,0.3462,0.2115,0.1346,1,"Central high-volume hotspots"
"Barking and Dagenham 008H",52,51.5497062047619,0.111255621428571,0.3462,0.25,0.2308,0.1731,1,"Central high-volume hotspots"
"Ealing 016E",52,51.5198786638889,-0.333514844444444,0.2308,0.4615,0.2692,0.0385,1,"Central high-volume hotspots"
"Croydon 034D",52,51.3486308481481,-0.0468525358024691,0.1731,0.6538,0.1154,0.0577,1,"Central high-volume hotspots"
"Bexley 002D",52,51.4925872011494,0.132286937356322,0.25,0.4423,0.1346,0.1731,1,"Central high-volume hotspots"
"Barnet 035B",52,51.5835756316667,-0.194936821666667,0.6538,0.1731,0.0962,0.0769,1,"Central high-volume hotspots"
"Enfield 031D",52,51.6184059036458,-0.0779743515625,0.4615,0.2885,0.1923,0.0577,1,"Central high-volume hotspots"
"Hackney 026G",52,51.530962610101,-0.0909418696969697,0.2885,0.2692,0.25,0.1923,1,"Central high-volume hotspots"
"Greenwich 020E",52,51.4775168996599,0.0677646258503401,0.1923,0.5962,0.1154,0.0962,1,"Central high-volume hotspots"
"Greenwich 022B",52,51.4701676479167,0.0310463947916667,0.4038,0.3846,0.1538,0.0577,1,"Central high-volume hotspots"
"Brent 015C",52,51.5549263477012,-0.224415951149425,0.2885,0.3269,0.2885,0.0962,1,"Central high-volume hotspots"
"Hammersmith and Fulham 005B",52,51.5025351761905,-0.229145721428571,0.2885,0.4231,0.0769,0.2115,1,"Central high-volume hotspots"
"Harrow 031E",52,51.554465155303,-0.375431707988981,0.0962,0.2692,0.5962,0.0385,1,"Central high-volume hotspots"
"Harrow 032C",52,51.567323339881,-0.380006730357143,0.2308,0.3462,0.3654,0.0577,1,"Central high-volume hotspots"
"Barnet 035A",52,51.5876375930403,-0.189466799542125,0.4231,0.2308,0.2885,0.0577,1,"Central high-volume hotspots"
"Enfield 001B",52,51.6740663505376,-0.0364002569892473,0.25,0.3462,0.25,0.1538,1,"Central high-volume hotspots"
"Camden 009D",52,51.5506679459459,-0.136113018018018,0.3846,0.2692,0.2692,0.0769,1,"Central high-volume hotspots"
"Greenwich 008B",52,51.4873117959596,0.117201207575758,0.2692,0.4808,0.1346,0.1154,1,"Central high-volume hotspots"
"Bexley 013B",52,51.4694558678161,0.120911135057471,0.6923,0.1346,0.1346,0.0385,1,"Central high-volume hotspots"
"Croydon 013A",52,51.3947840162037,-0.097088849537037,0.2885,0.2308,0.2885,0.1923,1,"Central high-volume hotspots"
"Islington 020G",52,51.5308197058824,-0.0970419730392157,0.3846,0.3846,0.1538,0.0769,1,"Central high-volume hotspots"
"Brent 008B",52,51.5663528601191,-0.320219571428571,0.1538,0.4808,0.2692,0.0962,1,"Central high-volume hotspots"
"Kingston upon Thames 019A",52,51.3665274908046,-0.288766376436782,0.5,0.1538,0.2115,0.1346,1,"Central high-volume hotspots"
"Lambeth 010C",52,51.4683144194444,-0.123603383333333,0.4038,0.3077,0.1731,0.1154,1,"Central high-volume hotspots"
"Redbridge 026C",52,51.5691875580247,0.0779905827160494,0.2692,0.2308,0.3846,0.1154,1,"Central high-volume hotspots"
"Lambeth 035B",52,51.4137938846154,-0.132851946153846,0.25,0.5769,0.0962,0.0769,1,"Central high-volume hotspots"
"Lewisham 009A",52,51.4645377166667,0.00445432666666667,0.2885,0.4615,0.1538,0.0962,1,"Central high-volume hotspots"
"Havering 016C",52,51.5692248166667,0.192104358333333,0.3654,0.3654,0.1154,0.1538,1,"Central high-volume hotspots"
"Havering 026E",52,51.5434044266513,0.198202544930876,0.1731,0.5192,0.25,0.0577,1,"Central high-volume hotspots"
"Barnet 002B",52,51.6550192916667,-0.186489935897436,0.5577,0.2692,0.1731,0,1,"Central high-volume hotspots"
"Hillingdon 024C",52,51.5207232238095,-0.43786500952381,0.25,0.4423,0.1731,0.1346,1,"Central high-volume hotspots"
"Merton 024C",52,51.389174277027,-0.192153391891892,0.2885,0.3269,0.1154,0.2692,1,"Central high-volume hotspots"
"Kingston upon Thames 008A",52,51.4003668644444,-0.270478951666667,0.3077,0.3269,0.1538,0.2115,1,"Central high-volume hotspots"
"Redbridge 007E",52,51.5982822571429,0.021271030952381,0.3654,0.25,0.2115,0.1731,1,"Central high-volume hotspots"
"Lambeth 025B",52,51.4373120657895,-0.0922333947368421,0.4231,0.1923,0.1731,0.2115,1,"Central high-volume hotspots"
"Richmond upon Thames 006C",52,51.4611575138889,-0.288307115740741,0.2885,0.3077,0.2885,0.1154,1,"Central high-volume hotspots"
"Wandsworth 011D",52,51.4623186206897,-0.226612424137931,0.4231,0.4423,0.1154,0.0192,1,"Central high-volume hotspots"
"Lewisham 038E",52,51.4206114569892,0.00420431935483871,0.3077,0.3269,0.2115,0.1538,1,"Central high-volume hotspots"
"Hillingdon 018D",52,51.5345461041667,-0.42728859375,0.2692,0.2885,0.3077,0.1346,1,"Central high-volume hotspots"
"Hillingdon 019E",52,51.53338259375,-0.446981192708333,0.2308,0.5,0.1731,0.0962,1,"Central high-volume hotspots"
"Southwark 001A",52,51.5015837727273,-0.048442351010101,0.4231,0.25,0.25,0.0769,1,"Central high-volume hotspots"
"Hounslow 025D",52,51.4415151064815,-0.421771117283951,0.1538,0.3654,0.2692,0.2115,1,"Central high-volume hotspots"
"Hackney 009A",52,51.5609519313725,-0.0804951637254902,0.3269,0.2692,0.25,0.1538,1,"Central high-volume hotspots"
"Sutton 018B",52,51.3541886343137,-0.196343110784314,0.1346,0.4423,0.2115,0.2115,1,"Central high-volume hotspots"
"Tower Hamlets 010C",52,51.5210053661616,-0.0404571919191919,0.2308,0.2885,0.3846,0.0962,1,"Central high-volume hotspots"
"Waltham Forest 027A",52,51.5543472916667,0.00333287962962963,0.2308,0.3077,0.3269,0.1346,1,"Central high-volume hotspots"
"Wandsworth 014C",52,51.4549298034188,-0.210627299145299,0.3269,0.25,0.2308,0.1923,1,"Central high-volume hotspots"
"Westminster 017D",52,51.5159104305556,-0.18277787962963,0.3077,0.2692,0.3462,0.0769,1,"Central high-volume hotspots"
"Westminster 004A",52,51.527505427619,-0.205183712380952,0.3846,0.3269,0.1538,0.1346,1,"Central high-volume hotspots"
"Southwark 011B",52,51.4863694059829,-0.0576085042735043,0.2308,0.4038,0.25,0.1154,1,"Central high-volume hotspots"
"Bexley 026C",51,51.426270270202,0.092168654040404,0.2157,0.451,0.2157,0.1176,1,"Central high-volume hotspots"
"Barnet 040D",51,51.5663798723958,-0.212495284895833,0.3529,0.2549,0.3137,0.0784,1,"Central high-volume hotspots"
"Bromley 015C",51,51.4034278359788,-0.0581846731922399,0.3137,0.3333,0.2157,0.1373,1,"Central high-volume hotspots"
"Croydon 037B",51,51.3434319166667,-0.118429042792793,0.3333,0.3725,0.1765,0.1176,1,"Central high-volume hotspots"
"Brent 001C",51,51.5912357135417,-0.269161234375,0.4902,0.1569,0.1569,0.1961,1,"Central high-volume hotspots"
"Enfield 008A",51,51.6616566848958,-0.0962526796875,0.2745,0.3137,0.2941,0.1176,1,"Central high-volume hotspots"
"Croydon 034C",51,51.3432425345238,-0.0351607511904762,0.1373,0.5098,0.2549,0.098,1,"Central high-volume hotspots"
"Brent 022B",51,51.549266796875,-0.231964266666667,0.1373,0.3137,0.3922,0.1569,1,"Central high-volume hotspots"
"Greenwich 031B",51,51.4371215609375,0.052965196875,0.2745,0.3333,0.1765,0.2157,1,"Central high-volume hotspots"
"Bexley 015D",51,51.4602952334127,0.134645641190476,0.0588,0.4314,0.3725,0.1373,1,"Central high-volume hotspots"
"Enfield 021F",51,51.6379934583333,-0.0826230583333333,0.451,0.1961,0.2353,0.1176,1,"Central high-volume hotspots"
"Enfield 036A",51,51.6109696476191,-0.123130766666667,0.3529,0.3922,0.1765,0.0784,1,"Central high-volume hotspots"
"Barnet 015F",51,51.6134394714286,-0.164174457142857,0.3333,0.2549,0.2745,0.1373,1,"Central high-volume hotspots"
"Croydon 017A",51,51.3862854622807,-0.0813893456140351,0.2549,0.3333,0.2549,0.1569,1,"Central high-volume hotspots"
"Islington 014B",51,51.5431516088889,-0.0872742788888889,0.4706,0.2157,0.2745,0.0392,1,"Central high-volume hotspots"
"Hammersmith and Fulham 014B",51,51.4891455761905,-0.211923366666667,0.3529,0.1765,0.3529,0.1176,1,"Central high-volume hotspots"
"Hounslow 001A",51,51.4881960441177,-0.253033816176471,0.4118,0.2157,0.2157,0.1569,1,"Central high-volume hotspots"
"Islington 008C",51,51.5570025357143,-0.129167195238095,0.4118,0.3137,0.098,0.1765,1,"Central high-volume hotspots"
"Newham 022F",51,51.5281880989583,0.0309508151041667,0.451,0.2941,0.1569,0.098,1,"Central high-volume hotspots"
"Kingston upon Thames 007C",51,51.4009608578431,-0.250815066176471,0.3725,0.2745,0.2745,0.0784,1,"Central high-volume hotspots"
"Haringey 020G",51,51.5903169611111,-0.11667725,0.2549,0.2941,0.4118,0.0392,1,"Central high-volume hotspots"
"Redbridge 024D",51,51.5716088232323,0.100874808080808,0.1765,0.4314,0.2941,0.098,1,"Central high-volume hotspots"
"Hillingdon 001B",51,51.6145988921569,-0.441241009803922,0.3137,0.2157,0.3529,0.1176,1,"Central high-volume hotspots"
"Wandsworth 036E",51,51.4280339,-0.144672561111111,0.3725,0.3333,0.1569,0.1373,1,"Central high-volume hotspots"
"Islington 006G",51,51.5582675701754,-0.10484525877193,0.2549,0.3137,0.2157,0.2157,1,"Central high-volume hotspots"
"Newham 016A",51,51.5425475066667,0.0199235285714286,0.2941,0.3137,0.3529,0.0392,1,"Central high-volume hotspots"
"Waltham Forest 001E",51,51.6307331761905,-0.00900728571428571,0.3137,0.2745,0.1765,0.2353,1,"Central high-volume hotspots"
"Westminster 023F",51,51.4868789632353,-0.150469696078431,0.3333,0.2745,0.1569,0.2353,1,"Central high-volume hotspots"
"Westminster 024C",51,51.488525382716,-0.131764469135802,0.1765,0.1961,0.5294,0.098,1,"Central high-volume hotspots"
"Bromley 041C",50,51.4045550656566,-0.0321684242424242,0.32,0.3,0.28,0.1,1,"Central high-volume hotspots"
"Ealing 010C",50,51.5348732424242,-0.367924116161616,0.36,0.3,0.24,0.1,1,"Central high-volume hotspots"
"Bromley 005D",50,51.4242421516667,-0.0648121205555556,0.38,0.22,0.28,0.12,1,"Central high-volume hotspots"
"Barnet 028C",50,51.5915528505747,-0.203334333333333,0.44,0.3,0.2,0.06,1,"Central high-volume hotspots"
"Croydon 010C",50,51.3937832712644,-0.101342328735632,0.46,0.18,0.26,0.1,1,"Central high-volume hotspots"
"Brent 036D",50,51.5502171683333,-0.275251825,0.28,0.3,0.1,0.32,1,"Central high-volume hotspots"
"Croydon 022D",50,51.3771527177419,-0.0798874172043011,0.24,0.3,0.36,0.1,1,"Central high-volume hotspots"
"Hammersmith and Fulham 010B",50,51.4993908452381,-0.212988952380952,0.26,0.22,0.42,0.1,1,"Central high-volume hotspots"
"Hackney 028B",50,51.5674288761905,-0.053147680952381,0.24,0.36,0.22,0.18,1,"Central high-volume hotspots"
"Brent 004C",50,51.5774496558824,-0.295381856862745,0.26,0.44,0.14,0.16,1,"Central high-volume hotspots"
"Ealing 001D",50,51.5559768666667,-0.359169878571429,0.42,0.32,0.24,0.02,1,"Central high-volume hotspots"
"Haringey 027C",50,51.5781401198686,-0.0970231830870279,0.34,0.28,0.32,0.06,1,"Central high-volume hotspots"
"Havering 005B",50,51.6080906388889,0.158688819444444,0.14,0.28,0.48,0.1,1,"Central high-volume hotspots"
"Havering 008C",50,51.5935483671875,0.178176059895833,0.14,0.4,0.34,0.12,1,"Central high-volume hotspots"
"Barnet 018D",50,51.6103143410138,-0.265145492319508,0.34,0.26,0.26,0.14,1,"Central high-volume hotspots"
"Barnet 019B",50,51.6143539580247,-0.18298682345679,0.26,0.16,0.46,0.12,1,"Central high-volume hotspots"
"Greenwich 020A",50,51.4729417956989,0.0634690134408602,0.26,0.34,0.3,0.1,1,"Central high-volume hotspots"
"Hounslow 008D",50,51.4875766102151,-0.281746163978495,0.22,0.44,0.3,0.04,1,"Central high-volume hotspots"
"Hounslow 019A",50,51.4648850422222,-0.350937227777778,0.2,0.4,0.24,0.16,1,"Central high-volume hotspots"
"Islington 010C",50,51.5541734623656,-0.129654231182796,0.4,0.36,0.16,0.08,1,"Central high-volume hotspots"
"Kensington and Chelsea 008A",50,51.5045900654762,-0.193813625,0.36,0.14,0.44,0.06,1,"Central high-volume hotspots"
"Hammersmith and Fulham 018A",50,51.4832974393939,-0.222191327777778,0.34,0.3,0.28,0.08,1,"Central high-volume hotspots"
"Brent 006D",50,51.5732985049383,-0.283909143209877,0.24,0.34,0.16,0.26,1,"Central high-volume hotspots"
"Lambeth 023A",50,51.452280605914,-0.140468680107527,0.36,0.3,0.26,0.08,1,"Central high-volume hotspots"
"Harrow 033G",50,51.5850286234568,-0.316511650617284,0.34,0.48,0.18,0,1,"Central high-volume hotspots"
"Lewisham 006E",50,51.4684793177083,-0.05084546875,0.44,0.38,0.12,0.06,1,"Central high-volume hotspots"
"Havering 030C",50,51.5167760238889,0.197600766111111,0.22,0.22,0.3,0.26,1,"Central high-volume hotspots"
"Enfield 031F",50,51.6171940661111,-0.0899904994444444,0.46,0.28,0.14,0.12,1,"Central high-volume hotspots"
"Hammersmith and Fulham 022A",50,51.4786003333333,-0.214799275252525,0.32,0.34,0.3,0.04,1,"Central high-volume hotspots"
"Kingston upon Thames 012D",50,51.3912357634409,-0.264063209677419,0.26,0.38,0.24,0.12,1,"Central high-volume hotspots"
"Kingston upon Thames 016C",50,51.3843150258621,-0.297109221264368,0.42,0.32,0.18,0.08,1,"Central high-volume hotspots"
"Lambeth 026C",50,51.4377830744048,-0.121789136904762,0.32,0.38,0.2,0.1,1,"Central high-volume hotspots"
"Wandsworth 015B",50,51.4555522601411,-0.165797328924162,0.34,0.2,0.38,0.08,1,"Central high-volume hotspots"
"Merton 005E",50,51.4225757006173,-0.183457970679012,0.24,0.4,0.28,0.08,1,"Central high-volume hotspots"
"Sutton 013E",50,51.3719626021739,-0.178102667391304,0.1,0.56,0.3,0.04,1,"Central high-volume hotspots"
"Waltham Forest 007D",50,51.6024420285714,0.00157245238095238,0.24,0.24,0.36,0.16,1,"Central high-volume hotspots"
"Richmond upon Thames 002D",50,51.4831441510673,-0.284754706896552,0.6,0.18,0.1,0.12,1,"Central high-volume hotspots"
"Waltham Forest 027D",50,51.5628116430556,0.00676382083333333,0.26,0.38,0.32,0.04,1,"Central high-volume hotspots"
"Waltham Forest 009D",50,51.5944102407407,-0.0323426203703704,0.32,0.2,0.16,0.32,1,"Central high-volume hotspots"
"Waltham Forest 028A",50,51.5586968703704,0.0127569398148148,0.22,0.22,0.46,0.1,1,"Central high-volume hotspots"
"Wandsworth 006C",50,51.4678662177419,-0.221041032258065,0.58,0.04,0.12,0.26,1,"Central high-volume hotspots"
"Wandsworth 028B",50,51.4423979408602,-0.220985704301075,0.46,0.4,0.14,0,1,"Central high-volume hotspots"
"Wandsworth 037B",50,51.4206873611111,-0.141621805555556,0.22,0.32,0.36,0.1,1,"Central high-volume hotspots"
"Westminster 003A",50,51.5315594814815,-0.176811592592593,0.3,0.2,0.4,0.1,1,"Central high-volume hotspots"
"Newham 010D",50,51.5411854537634,0.0539743408602151,0.26,0.38,0.32,0.04,1,"Central high-volume hotspots"
"Croydon 046A",49,51.378988,-0.097878,0.3878,0.1837,0.3469,0.0816,1,"Central high-volume hotspots"
"Bromley 034B",49,51.367948015625,-0.000395817708333333,0.2653,0.3673,0.102,0.2653,1,"Central high-volume hotspots"
"Bexley 021E",49,51.452679296875,0.1090287109375,0.449,0.1633,0.2245,0.1633,1,"Central high-volume hotspots"
"Croydon 043E",49,51.3132759816092,-0.14941977816092,0.3878,0.3265,0.2245,0.0612,1,"Central high-volume hotspots"
"Brent 019B",49,51.550919847619,-0.311538823809524,0.2449,0.4082,0.102,0.2449,1,"Central high-volume hotspots"
"Croydon 026B",49,51.3724503444444,-0.0479118944444444,0.3673,0.1837,0.3469,0.102,1,"Central high-volume hotspots"
"Camden 020A",49,51.5373064611111,-0.187873640873016,0.3469,0.1224,0.4286,0.102,1,"Central high-volume hotspots"
"Croydon 011D",49,51.4001694742857,-0.119690761904762,0.2041,0.2041,0.449,0.1429,1,"Central high-volume hotspots"
"Bexley 019F",49,51.4467920922222,0.181501205555556,0.1429,0.3061,0.2041,0.3469,1,"Central high-volume hotspots"
"Harrow 008A",49,51.6023931171171,-0.321480716216216,0.3469,0.2857,0.2245,0.1429,1,"Central high-volume hotspots"
"Harrow 010D",49,51.5994559404762,-0.288905342261905,0.2245,0.4286,0.1837,0.1633,1,"Central high-volume hotspots"
"Bromley 012D",49,51.4015461583333,-0.0225442552083333,0.102,0.2653,0.4286,0.2041,1,"Central high-volume hotspots"
"Enfield 031A",49,51.6234501555556,-0.0795171833333333,0.2041,0.4286,0.2653,0.102,1,"Central high-volume hotspots"
"Barnet 004A",49,51.6453597429487,-0.209808951282051,0.1633,0.4694,0.2857,0.0816,1,"Central high-volume hotspots"
"Barnet 024B",49,51.6063461695402,-0.258628454022989,0.1633,0.3265,0.3878,0.1224,1,"Central high-volume hotspots"
"Camden 023A",49,51.5274209938556,-0.143020912442396,0.2857,0.3061,0.2857,0.1224,1,"Central high-volume hotspots"
"Barnet 029A",49,51.593257,-0.17048645,0.3673,0.2245,0.3265,0.0816,1,"Central high-volume hotspots"
"Merton 025E",49,51.390716125,-0.220238890625,0.4286,0.3061,0.2041,0.0612,1,"Central high-volume hotspots"
"Bexley 006E",49,51.4776760222222,0.147433275,0.3878,0.2041,0.2449,0.1633,1,"Central high-volume hotspots"
"Islington 018D",49,51.5382216015625,-0.0969493723958333,0.4286,0.3061,0.1837,0.0816,1,"Central high-volume hotspots"
"Brent 001A",49,51.5944364035088,-0.268261315789474,0.5714,0.1633,0.1837,0.0816,1,"Central high-volume hotspots"
"Lambeth 007C",49,51.47633383125,-0.114348859375,0.1224,0.4082,0.3673,0.102,1,"Central high-volume hotspots"
"Lambeth 022D",49,51.4495355313131,-0.134235878787879,0.1837,0.3061,0.3265,0.1837,1,"Central high-volume hotspots"
"Havering 002D",49,51.6031604489247,0.237495247311828,0.3061,0.3061,0.2041,0.1837,1,"Central high-volume hotspots"
"Greenwich 014C",49,51.4791929375,0.0248154047619048,0.2653,0.3265,0.2857,0.1224,1,"Central high-volume hotspots"
"Merton 017D",49,51.4027031305556,-0.143871361111111,0.2245,0.449,0.2041,0.1224,1,"Central high-volume hotspots"
"Bexley 005D",49,51.4795056625,0.16588605,0.1837,0.3878,0.2245,0.2041,1,"Central high-volume hotspots"
"Hackney 003A",49,51.5691244390625,-0.07703471875,0.2041,0.3469,0.3878,0.0612,1,"Central high-volume hotspots"
"Bexley 016A",49,51.4592578357143,0.111005369047619,0.2857,0.2857,0.2245,0.2041,1,"Central high-volume hotspots"
"Sutton 025B",49,51.3434697559524,-0.199690160714286,0.2857,0.4898,0.1429,0.0816,1,"Central high-volume hotspots"
"Kensington and Chelsea 013E",49,51.4956619318182,-0.187514727272727,0.4694,0.2245,0.2245,0.0816,1,"Central high-volume hotspots"
"Hammersmith and Fulham 023E",49,51.473455,-0.182824,0.2857,0.449,0.1837,0.0816,1,"Central high-volume hotspots"
"Haringey 020F",49,51.5894977016369,-0.119332253720238,0.1633,0.2449,0.3469,0.2449,1,"Central high-volume hotspots"
"Richmond upon Thames 012C",49,51.4423243888889,-0.303808429292929,0.4898,0.2449,0.1837,0.0816,1,"Central high-volume hotspots"
"Lewisham 031D",49,51.4271568177778,0.0356125977777778,0.2653,0.2653,0.3061,0.1633,1,"Central high-volume hotspots"
"Wandsworth 026A",49,51.4463928125,-0.1474386875,0.2857,0.3673,0.3061,0.0408,1,"Central high-volume hotspots"
"Hillingdon 021A",49,51.5239248271605,-0.409988980246914,0.449,0.2449,0.2245,0.0816,1,"Central high-volume hotspots"
"Merton 007E",49,51.4176498854167,-0.149591614583333,0.2857,0.4286,0.1633,0.1224,1,"Central high-volume hotspots"
"Southwark 024D",49,51.4680377824074,-0.0825861018518518,0.4898,0.2041,0.2041,0.102,1,"Central high-volume hotspots"
"Hounslow 028D",49,51.4338875076923,-0.403648212179487,0.2245,0.4898,0.2245,0.0612,1,"Central high-volume hotspots"
"Newham 002B",49,51.5524586075269,0.057389311827957,0.6122,0.2857,0.0816,0.0204,1,"Central high-volume hotspots"
"Newham 015D",49,51.5366396818182,0.0598035252525253,0.3469,0.3061,0.1837,0.1633,1,"Central high-volume hotspots"
"Lambeth 031B",49,51.4275060176768,-0.0945593585858586,0.2041,0.2449,0.3673,0.1837,1,"Central high-volume hotspots"
"Southwark 015F",49,51.4878610607937,-0.0817667576190476,0.1633,0.3469,0.4082,0.0816,1,"Central high-volume hotspots"
"Waltham Forest 009A",49,51.5991435670194,-0.039094914021164,0.2041,0.2857,0.3469,0.1633,1,"Central high-volume hotspots"
"Wandsworth 022C",49,51.4465767448718,-0.219037984615385,0.3673,0.3061,0.2653,0.0612,1,"Central high-volume hotspots"
"Wandsworth 003D",49,51.4765957298851,-0.170476609195402,0.3061,0.4082,0.1837,0.102,1,"Central high-volume hotspots"
"Westminster 006D",49,51.5275235416667,-0.193248538541667,0.3265,0.3061,0.1429,0.2245,1,"Central high-volume hotspots"
"Wandsworth 025A",49,51.4477425505051,-0.198868893939394,0.4286,0.1633,0.2245,0.1837,1,"Central high-volume hotspots"
"Wandsworth 034C",49,51.427603917284,-0.17079832654321,0.2041,0.2245,0.5306,0.0408,1,"Central high-volume hotspots"
"Barking and Dagenham 007G",48,51.5572616522222,0.131940682222222,0.2708,0.5208,0.125,0.0833,1,"Central high-volume hotspots"
"Brent 002G",48,51.590750408046,-0.261586712643678,0.4167,0.1667,0.3333,0.0833,1,"Central high-volume hotspots"
"Bromley 036B",48,51.3625423261905,0.0698040345238095,0.0833,0.4167,0.25,0.25,1,"Central high-volume hotspots"
"Ealing 013C",48,51.5286699688889,-0.299816323333333,0.4375,0.1458,0.3333,0.0833,1,"Central high-volume hotspots"
"Bromley 030H",48,51.3748478802083,-0.01314215625,0.4375,0.25,0.2083,0.1042,1,"Central high-volume hotspots"
"Bromley 016C",48,51.4013454870968,0.0358379806451613,0.3333,0.2083,0.1458,0.3125,1,"Central high-volume hotspots"
"Enfield 013B",48,51.6551626388889,-0.107467553240741,0.4375,0.25,0.2292,0.0833,1,"Central high-volume hotspots"
"Barking and Dagenham 017D",48,51.536108319619,0.120391136761905,0.1875,0.5833,0.125,0.1042,1,"Central high-volume hotspots"
"Ealing 009A",48,51.5354853580247,-0.406089191358025,0.1875,0.4167,0.3333,0.0625,1,"Central high-volume hotspots"
"Barnet 015A",48,51.6173276471429,-0.151730142857143,0.2917,0.2708,0.3125,0.125,1,"Central high-volume hotspots"
"Bromley 039D",48,51.3137221111111,0.0331672888888889,0.2083,0.4583,0.2292,0.1042,1,"Central high-volume hotspots"
"Ealing 009D",48,51.5358579791667,-0.398693166666667,0.3542,0.2083,0.2292,0.2083,1,"Central high-volume hotspots"
"Harrow 011C",48,51.5993385989583,-0.34529984375,0.3125,0.1875,0.375,0.125,1,"Central high-volume hotspots"
"Bromley 011C",48,51.4051171160256,-0.0111233474358974,0.4583,0.2917,0.2083,0.0417,1,"Central high-volume hotspots"
"Bromley 012B",48,51.4111649427083,-0.0105651458333333,0.4792,0.2292,0.125,0.1667,1,"Central high-volume hotspots"
"Enfield 020G",48,51.6305286166667,-0.125828558333333,0.4167,0.2083,0.3333,0.0417,1,"Central high-volume hotspots"
"Barking and Dagenham 017A",48,51.5378856964286,0.116646898809524,0.1458,0.5,0.1875,0.1667,1,"Central high-volume hotspots"
"Ealing 024C",48,51.5112571298851,-0.258779036206897,0.3958,0.25,0.2917,0.0625,1,"Central high-volume hotspots"
"Barnet 020D",48,51.6079472962963,-0.193345509259259,0.4792,0.0833,0.25,0.1875,1,"Central high-volume hotspots"
"Hounslow 008A",48,51.484247640625,-0.271631655505952,0.3542,0.375,0.1667,0.1042,1,"Central high-volume hotspots"
"Hounslow 012B",48,51.475289125,-0.355260369791667,0.3333,0.2708,0.25,0.1458,1,"Central high-volume hotspots"
"Croydon 004D",48,51.4064228090909,-0.121997693939394,0.3125,0.5,0.0625,0.125,1,"Central high-volume hotspots"
"Brent 009A",48,51.5699542903226,-0.269659422043011,0.2708,0.4792,0.1042,0.1458,1,"Central high-volume hotspots"
"Haringey 021A",48,51.5892240328283,-0.136983608585859,0.375,0.2708,0.25,0.1042,1,"Central high-volume hotspots"
"Richmond upon Thames 006D",48,51.4550129363839,-0.292046805803571,0.2083,0.2917,0.2708,0.2292,1,"Central high-volume hotspots"
"Camden 014B",48,51.5447444166667,-0.163558986111111,0.5,0.1042,0.2708,0.125,1,"Central high-volume hotspots"
"Camden 017D",48,51.5391447990196,-0.165592333333333,0.4167,0.125,0.375,0.0833,1,"Central high-volume hotspots"
"Hillingdon 021B",48,51.5242969731183,-0.402625290322581,0.4792,0.1458,0.25,0.125,1,"Central high-volume hotspots"
"Merton 001E",48,51.4396750804598,-0.19511707183908,0.4792,0.25,0.2292,0.0417,1,"Central high-volume hotspots"
"Hounslow 028B",48,51.4327548921569,-0.385084784313726,0.25,0.2292,0.3125,0.2083,1,"Central high-volume hotspots"
"Hammersmith and Fulham 018C",48,51.4806276709677,-0.221656990322581,0.5625,0.1667,0.125,0.1458,1,"Central high-volume hotspots"
"Redbridge 010D",48,51.5903649677419,0.0712550322580645,0.2708,0.3125,0.3125,0.1042,1,"Central high-volume hotspots"
"Redbridge 014C",48,51.5837949973118,0.0190564032258065,0.2917,0.2917,0.2708,0.1458,1,"Central high-volume hotspots"
"Richmond upon Thames 020D",48,51.429769516129,-0.378208204301075,0.3125,0.2292,0.3125,0.1458,1,"Central high-volume hotspots"
"Southwark 007D",48,51.4984536862069,-0.0591499011494253,0.4167,0.2292,0.2917,0.0625,1,"Central high-volume hotspots"
"Southwark 029A",48,51.4626823333333,-0.0479297701149425,0.4375,0.375,0.0833,0.1042,1,"Central high-volume hotspots"
"Hackney 008B",48,51.5657225888889,-0.083361512962963,0.2292,0.25,0.375,0.1458,1,"Central high-volume hotspots"
"Newham 002D",48,51.5505647424242,0.0596791717171717,0.375,0.2708,0.25,0.1042,1,"Central high-volume hotspots"
"Tower Hamlets 036B",48,51.4985467820513,-0.014649,0.2708,0.3958,0.125,0.2083,1,"Central high-volume hotspots"
"Waltham Forest 005C",48,51.6127786424731,-0.0147300295698925,0.3333,0.25,0.3125,0.1042,1,"Central high-volume hotspots"
"Richmond upon Thames 001C",48,51.4736773231183,-0.239306427419355,0.5208,0.2083,0.2083,0.0625,1,"Central high-volume hotspots"
"Hounslow 030C",48,51.4881909494949,-0.290005757575758,0.4375,0.4792,0.0833,0,1,"Central high-volume hotspots"
"Wandsworth 030C",48,51.437978325,-0.148237408333333,0.25,0.2083,0.4167,0.125,1,"Central high-volume hotspots"
"Wandsworth 031B",48,51.43500665625,-0.178254302083333,0.2917,0.25,0.3333,0.125,1,"Central high-volume hotspots"
"Westminster 014E",48,51.5187674661111,-0.200082873888889,0.3125,0.3333,0.3125,0.0417,1,"Central high-volume hotspots"
"Bromley 016B",47,51.4041973364198,0.0333871574074074,0.3191,0.2553,0.1702,0.2553,1,"Central high-volume hotspots"
"Croydon 044D",47,51.2997073117284,-0.122308385802469,0.2128,0.2766,0.383,0.1277,1,"Central high-volume hotspots"
"Enfield 004E",47,51.6651596919192,-0.0912115303030303,0.2766,0.3617,0.2128,0.1489,1,"Central high-volume hotspots"
"Bromley 034A",47,51.363415455914,0.0120111967741935,0.3191,0.3404,0.1277,0.2128,1,"Central high-volume hotspots"
"Greenwich 033D",47,51.4777598833333,0.107176752777778,0.234,0.3617,0.2979,0.1064,1,"Central high-volume hotspots"
"Barking and Dagenham 008D",47,51.5515272619048,0.12043955952381,0.2553,0.4468,0.2128,0.0851,1,"Central high-volume hotspots"
"Bromley 040A",47,51.4244214788889,0.0172335544444444,0.3617,0.1915,0.3191,0.1277,1,"Central high-volume hotspots"
"Croydon 001B",47,51.4125783240741,-0.0767883919753087,0.234,0.4255,0.2766,0.0638,1,"Central high-volume hotspots"
"Croydon 002B",47,51.4135190488506,-0.105369686781609,0.383,0.3191,0.1277,0.1702,1,"Central high-volume hotspots"
"Ealing 002E",47,51.5521086206897,-0.328274117816092,0.1915,0.2979,0.383,0.1277,1,"Central high-volume hotspots"
"Haringey 033C",47,51.577198608642,-0.138861351851852,0.4468,0.2128,0.2553,0.0851,1,"Central high-volume hotspots"
"Harrow 005E",47,51.6115704140625,-0.3333819375,0.2979,0.234,0.234,0.234,1,"Central high-volume hotspots"
"Harrow 032B",47,51.5717911262626,-0.369237934343434,0.4043,0.3191,0.234,0.0426,1,"Central high-volume hotspots"
"Havering 010C",47,51.5897142043011,0.225455177419355,0.234,0.3404,0.3191,0.1064,1,"Central high-volume hotspots"
"Barnet 007B",47,51.6479414217172,-0.233095184343434,0.3404,0.2553,0.2766,0.1277,1,"Central high-volume hotspots"
"Barnet 021B",47,51.6090070430108,-0.257745634408602,0.4255,0.3404,0.0851,0.1489,1,"Central high-volume hotspots"
"Havering 003C",47,51.6140674986773,0.184363860229277,0.1915,0.2553,0.2979,0.2553,1,"Central high-volume hotspots"
"Croydon 006B",47,51.4067847238095,-0.0896658857142857,0.1277,0.3404,0.383,0.1489,1,"Central high-volume hotspots"
"Croydon 011F",47,51.3977325064103,-0.120400821153846,0.2553,0.3191,0.3617,0.0638,1,"Central high-volume hotspots"
"Brent 005B",47,51.5768632121212,-0.263986297979798,0.383,0.4043,0.1277,0.0851,1,"Central high-volume hotspots"
"Brent 007C",47,51.5697650555556,-0.303865828703704,0.234,0.3617,0.2128,0.1915,1,"Central high-volume hotspots"
"Haringey 012C",47,51.5952203431034,-0.0630648655172414,0.1915,0.3191,0.2979,0.1915,1,"Central high-volume hotspots"
"Ealing 004A",47,51.5497843326389,-0.35444955,0.2128,0.4468,0.2766,0.0638,1,"Central high-volume hotspots"
"Lambeth 020C",47,51.4479343020833,-0.116009338541667,0.2553,0.2979,0.2766,0.1702,1,"Central high-volume hotspots"
"Lambeth 020E",47,51.4533982516129,-0.11729345483871,0.2553,0.2128,0.4255,0.1064,1,"Central high-volume hotspots"
"Bromley 010C",47,51.4066843558824,0.096055725,0.2979,0.3617,0.1489,0.1915,1,"Central high-volume hotspots"
"Bromley 011E",47,51.4032622839506,0.00199883950617284,0.3191,0.4681,0.1489,0.0638,1,"Central high-volume hotspots"
"Bromley 012C",47,51.4076580625,-0.01631371875,0.3617,0.2979,0.2128,0.1277,1,"Central high-volume hotspots"
"Lewisham 006C",47,51.472483452381,-0.042169919047619,0.3404,0.1702,0.2766,0.2128,1,"Central high-volume hotspots"
"Lewisham 011A",47,51.4618940885417,-0.0201246510416667,0.2766,0.4681,0.1915,0.0638,1,"Central high-volume hotspots"
"Havering 026D",47,51.5395346514493,0.20277012173913,0.1915,0.2766,0.4043,0.1277,1,"Central high-volume hotspots"
"Hillingdon 007B",47,51.5815225583333,-0.428739308333333,0.5745,0.1064,0.2766,0.0426,1,"Central high-volume hotspots"
"Hackney 001E",47,51.5743535645161,-0.0654816048387097,0.2553,0.2553,0.3617,0.1277,1,"Central high-volume hotspots"
"Croydon 007C",47,51.4084247634615,-0.0808677794871795,0.2553,0.4255,0.2766,0.0426,1,"Central high-volume hotspots"
"Newham 028D",47,51.5260065425287,0.0342302643678161,0.4681,0.3404,0.1915,0,1,"Central high-volume hotspots"
"Kingston upon Thames 004H",47,51.4144092586957,-0.305697664492754,0.1915,0.2553,0.4894,0.0638,1,"Central high-volume hotspots"
"Redbridge 023A",47,51.5734291333333,0.0747702111111111,0.2553,0.3191,0.2979,0.1277,1,"Central high-volume hotspots"
"Redbridge 027C",47,51.5605237261905,0.038843044047619,0.3617,0.2553,0.2979,0.0851,1,"Central high-volume hotspots"
"Lambeth 023F",47,51.4458225833333,-0.133557406862745,0.383,0.2128,0.2553,0.1489,1,"Central high-volume hotspots"
"Richmond upon Thames 022E",47,51.4208211583333,-0.319025079166667,0.4468,0.2553,0.1702,0.1277,1,"Central high-volume hotspots"
"Lewisham 019C",47,51.4464322211982,-0.0449514741935484,0.2553,0.2979,0.2553,0.1915,1,"Central high-volume hotspots"
"Lewisham 022A",47,51.44070365625,-0.00802579166666667,0.2766,0.4255,0.1702,0.1277,1,"Central high-volume hotspots"
"Wandsworth 012B",47,51.4588073157895,-0.182523736842105,0.3191,0.3617,0.1915,0.1277,1,"Central high-volume hotspots"
"Wandsworth 035C",47,51.4261280545455,-0.1633855625,0.1702,0.2128,0.5745,0.0426,1,"Central high-volume hotspots"
"Croydon 009A",47,51.4024923209877,-0.111171432098765,0.2128,0.4468,0.2766,0.0638,1,"Central high-volume hotspots"
"Richmond upon Thames 002A",47,51.4768689848485,-0.283564883838384,0.4468,0.234,0.1489,0.1702,1,"Central high-volume hotspots"
"Kensington and Chelsea 016D",47,51.491758235119,-0.183445232142857,0.4255,0.1702,0.2128,0.1915,1,"Central high-volume hotspots"
"Waltham Forest 027C",47,51.5550766014286,-0.00228455285714286,0.2128,0.1915,0.5319,0.0638,1,"Central high-volume hotspots"
"Kingston upon Thames 012B",47,51.3847798166667,-0.259066910119048,0.1489,0.3404,0.383,0.1277,1,"Central high-volume hotspots"
"Tower Hamlets 031D",47,51.4918797369792,-0.0185414973958333,0.1915,0.4681,0.234,0.1064,1,"Central high-volume hotspots"
"Waltham Forest 017E",47,51.5784740913979,-0.0340962123655914,0.3404,0.4043,0.2128,0.0426,1,"Central high-volume hotspots"
"Waltham Forest 021E",47,51.5727490182292,0.00758003645833333,0.2128,0.2553,0.4043,0.1277,1,"Central high-volume hotspots"
"Newham 005A",47,51.5447406964286,0.0602991084656085,0.1064,0.2128,0.6809,0,1,"Central high-volume hotspots"
"Bromley 002C",46,51.422572965625,0.061779071875,0.5435,0.3478,0.0435,0.0652,1,"Central high-volume hotspots"
"Ealing 027D",46,51.5100364652778,-0.285212578703704,0.3696,0.1087,0.2174,0.3043,1,"Central high-volume hotspots"
"Barnet 021D",46,51.6157752826087,-0.256095347826087,0.2391,0.2174,0.5,0.0435,1,"Central high-volume hotspots"
"Ealing 035B",46,51.4987966020833,-0.324758697916667,0.4565,0.3261,0.0652,0.1522,1,"Central high-volume hotspots"
"Ealing 035C",46,51.5027077765568,-0.325447282051282,0.5217,0.1739,0.2174,0.087,1,"Central high-volume hotspots"
"Barnet 028B",46,51.5961848827161,-0.203119484567901,0.3696,0.3478,0.2174,0.0652,1,"Central high-volume hotspots"
"Enfield 013A",46,51.6456496451613,-0.125687365591398,0.6087,0.2174,0.1304,0.0435,1,"Central high-volume hotspots"
"Greenwich 037C",46,51.4863106944444,0.0138163234567901,0.3913,0.2174,0.3478,0.0435,1,"Central high-volume hotspots"
"Bexley 018E",46,51.4585725980392,0.0841298725490196,0.3913,0.2391,0.2826,0.087,1,"Central high-volume hotspots"
"Bexley 020G",46,51.4615244907407,0.120564461728395,0.413,0.1957,0.3261,0.0652,1,"Central high-volume hotspots"
"Greenwich 025C",46,51.4627013416667,0.0341384138888889,0.2174,0.5217,0.1087,0.1522,1,"Central high-volume hotspots"
"Brent 015E",46,51.5544041,-0.220215344444444,0.3696,0.2391,0.2826,0.1087,1,"Central high-volume hotspots"
"Ealing 010E",46,51.5354382607527,-0.360730997311828,0.3478,0.2391,0.2391,0.1739,1,"Central high-volume hotspots"
"Ealing 025B",46,51.511081228,-0.266910966666667,0.2609,0.2826,0.3478,0.1087,1,"Central high-volume hotspots"
"Havering 012F",46,51.5770106321839,0.21364667816092,0.2391,0.5435,0.1304,0.087,1,"Central high-volume hotspots"
"Havering 017H",46,51.5712143064516,0.176281206989247,0.2391,0.413,0.1522,0.1957,1,"Central high-volume hotspots"
"Enfield 035E",46,51.6122866005747,-0.0911451867816092,0.3913,0.3043,0.2174,0.087,1,"Central high-volume hotspots"
"Havering 006A",46,51.5992465888889,0.205997694444444,0.3043,0.3696,0.1957,0.1304,1,"Central high-volume hotspots"
"Hackney 016C",46,51.5519239655172,-0.0562852413793103,0.2826,0.2609,0.1739,0.2826,1,"Central high-volume hotspots"
"Croydon 018A",46,51.3891793401235,-0.0475146864197531,0.2174,0.4348,0.1304,0.2174,1,"Central high-volume hotspots"
"Islington 012D",46,51.5506834794118,-0.0924373617647059,0.2391,0.2609,0.3261,0.1739,1,"Central high-volume hotspots"
"Ealing 002A",46,51.549577122549,-0.336145541666667,0.2609,0.3696,0.2174,0.1522,1,"Central high-volume hotspots"
"Lambeth 006B",46,51.4772141989247,-0.128586677419355,0.3261,0.1087,0.3696,0.1957,1,"Central high-volume hotspots"
"Lambeth 012C",46,51.4664703645833,-0.13774884375,0.4348,0.3043,0.1087,0.1522,1,"Central high-volume hotspots"
"Lambeth 013E",46,51.4632621190476,-0.1492305,0.3043,0.4348,0.2391,0.0217,1,"Central high-volume hotspots"
"Bromley 021B",46,51.3925589296875,0.004392359375,0.3043,0.3043,0.1957,0.1957,1,"Central high-volume hotspots"
"Havering 020D",46,51.5574143034483,0.208494548850575,0.1957,0.413,0.2609,0.1304,1,"Central high-volume hotspots"
"Merton 008D",46,51.4140938154762,-0.170120369047619,0.3478,0.3913,0.1739,0.087,1,"Central high-volume hotspots"
"Hounslow 021E",46,51.4641892694444,-0.390330302777778,0.1957,0.3913,0.2174,0.1957,1,"Central high-volume hotspots"
"Newham 024C",46,51.5255770494792,0.0525106848958333,0.3043,0.2609,0.3261,0.1087,1,"Central high-volume hotspots"
"Kingston upon Thames 003B",46,51.4190267727273,-0.290186878787879,0.4348,0.2391,0.1739,0.1522,1,"Central high-volume hotspots"
"Kingston upon Thames 009E",46,51.3996413958333,-0.295759586309524,0.2174,0.3043,0.3696,0.1087,1,"Central high-volume hotspots"
"Harrow 024A",46,51.5784573072917,-0.345354036458333,0.3261,0.2609,0.3261,0.087,1,"Central high-volume hotspots"
"Richmond upon Thames 001A",46,51.4775438567708,-0.243000932291667,0.5,0.1957,0.2609,0.0435,1,"Central high-volume hotspots"
"Richmond upon Thames 010B",46,51.4555460388889,-0.357511116666667,0.3478,0.3261,0.2391,0.087,1,"Central high-volume hotspots"
"Richmond upon Thames 013A",46,51.4552541612903,-0.372017489247312,0.2826,0.3913,0.1957,0.1304,1,"Central high-volume hotspots"
"Richmond upon Thames 013F",46,51.4448112692308,-0.370507378205128,0.5435,0.087,0.1087,0.2609,1,"Central high-volume hotspots"
"Hillingdon 003E",46,51.5901314933333,-0.4831116,0.1739,0.4565,0.3261,0.0435,1,"Central high-volume hotspots"
"Hillingdon 004E",46,51.5927620454545,-0.407774277777778,0.3478,0.3913,0.1739,0.087,1,"Central high-volume hotspots"
"Hillingdon 023D",46,51.5182488038194,-0.396266116319444,0.1522,0.413,0.2609,0.1739,1,"Central high-volume hotspots"
"Merton 003E",46,51.4266569138889,-0.1919409,0.4783,0.1739,0.1522,0.1957,1,"Central high-volume hotspots"
"Waltham Forest 014F",46,51.5888201666667,-0.0366749691358025,0.3261,0.3261,0.2826,0.0652,1,"Central high-volume hotspots"
"Tower Hamlets 017C",46,51.518246325,-0.0517056,0.2174,0.3913,0.2826,0.1087,1,"Central high-volume hotspots"
"Waltham Forest 001D",46,51.6260764761905,-0.0157965357142857,0.3261,0.3696,0.1957,0.1087,1,"Central high-volume hotspots"
"Waltham Forest 002A",46,51.6341240099846,0.00794117357910906,0.2826,0.4783,0.1522,0.087,1,"Central high-volume hotspots"
"Southwark 017D",46,51.4808481390805,-0.104136622988506,0.2391,0.4565,0.2174,0.087,1,"Central high-volume hotspots"
"Wandsworth 032B",46,51.4315154313726,-0.159554029411765,0.2826,0.2609,0.2826,0.1739,1,"Central high-volume hotspots"
"Southwark 019A",46,51.4759882204301,-0.0799506505376344,0.2174,0.3043,0.3043,0.1739,1,"Central high-volume hotspots"
"Bexley 025B",45,51.4415875416667,0.088232325,0.3333,0.2889,0.2444,0.1333,1,"Central high-volume hotspots"
"Barnet 007A",45,51.6288278823529,-0.250083965686275,0.2667,0.3556,0.2444,0.1333,1,"Central high-volume hotspots"
"Croydon 025C",45,51.3668195261905,-0.0270185285714286,0.1333,0.3556,0.2444,0.2667,1,"Central high-volume hotspots"
"Croydon 043D",45,51.3175037171717,-0.156321323232323,0.2,0.3556,0.2889,0.1556,1,"Central high-volume hotspots"
"Barking and Dagenham 008B",45,51.5545732672414,0.121349433908046,0.3556,0.4444,0.1333,0.0667,1,"Central high-volume hotspots"
"Barking and Dagenham 010C",45,51.5408661794872,0.173514737179487,0.2889,0.3333,0.3556,0.0222,1,"Central high-volume hotspots"
"Barnet 012E",45,51.6201622348485,-0.178008295454545,0.3778,0.3333,0.1333,0.1556,1,"Central high-volume hotspots"
"Bexley 010C",45,51.4744765192308,0.171042673076923,0.0667,0.6222,0.2222,0.0889,1,"Central high-volume hotspots"
"Bexley 008A",45,51.4741478,0.178825266666667,0.1778,0.4444,0.1556,0.2222,1,"Central high-volume hotspots"
"Brent 016B",45,51.558729673913,-0.330135057971015,0.2667,0.3111,0.4,0.0222,1,"Central high-volume hotspots"
"Haringey 028B",45,51.5826536234568,-0.119892682098765,0.4667,0.3111,0.1778,0.0444,1,"Central high-volume hotspots"
"Kingston upon Thames 018E",45,51.371865387931,-0.296663913793103,0.4222,0.3111,0.1333,0.1333,1,"Central high-volume hotspots"
"Harrow 015E",45,51.598682188172,-0.356033893548387,0.2667,0.3111,0.3333,0.0889,1,"Central high-volume hotspots"
"Harrow 016C",45,51.59353215,-0.388658963095238,0.2667,0.2667,0.2667,0.2,1,"Central high-volume hotspots"
"Harrow 031D",45,51.5584115654762,-0.374752672619048,0.3333,0.4,0.1333,0.1333,1,"Central high-volume hotspots"
"Enfield 021B",45,51.6350146809524,-0.072143319047619,0.3333,0.3333,0.1778,0.1556,1,"Central high-volume hotspots"
"Barnet 029B",45,51.5950172209524,-0.175632292380952,0.4667,0.2444,0.2444,0.0444,1,"Central high-volume hotspots"
"Hounslow 009C",45,51.4832280222222,-0.327183505555556,0.4222,0.2444,0.2444,0.0889,1,"Central high-volume hotspots"
"Hounslow 019B",45,51.4614529566327,-0.350070231292517,0.2444,0.4667,0.2444,0.0444,1,"Central high-volume hotspots"
"Croydon 018B",45,51.3856356488095,-0.0486650208333333,0.3778,0.2222,0.2444,0.1556,1,"Central high-volume hotspots"
"Hackney 023E",45,51.5384090102564,-0.0495157628205128,0.3333,0.4889,0.1333,0.0444,1,"Central high-volume hotspots"
"Kensington and Chelsea 005D",45,51.5142074494949,-0.21674695959596,0.2889,0.4222,0.1778,0.1111,1,"Central high-volume hotspots"
"Kingston upon Thames 018B",45,51.3686719942529,-0.309184051724138,0.3111,0.4444,0.1111,0.1333,1,"Central high-volume hotspots"
"Harrow 017B",45,51.5894083869048,-0.291587827380952,0.2889,0.3778,0.3111,0.0222,1,"Central high-volume hotspots"
"Lewisham 007C",45,51.4711788850575,-0.00966159770114943,0.3556,0.4222,0.0889,0.1333,1,"Central high-volume hotspots"
"Lewisham 034C",45,51.4265887794118,-0.0265811911764706,0.3333,0.2889,0.2222,0.1556,1,"Central high-volume hotspots"
"Hillingdon 013D",45,51.5512825086207,-0.452433238505747,0.2444,0.1556,0.3333,0.2667,1,"Central high-volume hotspots"
"Hackney 001D",45,51.5751527026786,-0.0616308419642857,0.2444,0.2667,0.3556,0.1333,1,"Central high-volume hotspots"
"Brent 003E",45,51.583756516129,-0.283326564516129,0.2889,0.2222,0.2889,0.2,1,"Central high-volume hotspots"
"Richmond upon Thames 005D",45,51.4631685625,-0.259446402777778,0.5111,0.1778,0.2667,0.0444,1,"Central high-volume hotspots"
"Croydon 009E",45,51.3977834035714,-0.112004538095238,0.2667,0.3778,0.2444,0.1111,1,"Central high-volume hotspots"
"Sutton 007A",45,51.3774251323232,-0.191719141414141,0.3111,0.2444,0.2667,0.1778,1,"Central high-volume hotspots"
"Sutton 014E",45,51.3645282270115,-0.21064775,0.3778,0.1333,0.3111,0.1778,1,"Central high-volume hotspots"
"Sutton 020A",45,51.3564930566667,-0.163245033333333,0.2,0.5778,0.1556,0.0667,1,"Central high-volume hotspots"
"Waltham Forest 008D",45,51.61023732,-0.014785,0.2,0.3333,0.2889,0.1778,1,"Central high-volume hotspots"
"Wandsworth 003C",45,51.4748664274194,-0.165437360215054,0.4444,0.2,0.2222,0.1333,1,"Central high-volume hotspots"
"Wandsworth 015C",45,51.4546008061728,-0.164198421604938,0.4444,0.2889,0.1778,0.0889,1,"Central high-volume hotspots"
"Sutton 004B",45,51.3714755977011,-0.163430442528736,0.2444,0.3778,0.2667,0.1111,1,"Central high-volume hotspots"
"Bexley 010B",44,51.4681751625,0.176116468055556,0.1136,0.6818,0.0682,0.1364,1,"Central high-volume hotspots"
"Bromley 030A",44,51.3799725555556,-0.0119754666666667,0.3864,0.1818,0.0909,0.3409,1,"Central high-volume hotspots"
"Bexley 003D",44,51.4881515571429,0.142978816071429,0.2727,0.3636,0.2045,0.1591,1,"Central high-volume hotspots"
"Bexley 022B",44,51.4477347580645,0.0908879193548387,0.25,0.2045,0.3864,0.1591,1,"Central high-volume hotspots"
"Croydon 040D",44,51.3312584845679,-0.10763275617284,0.25,0.4773,0.0909,0.1818,1,"Central high-volume hotspots"
"Ealing 031E",44,51.5084161089744,-0.296717493589744,0.5227,0.2955,0.0682,0.1136,1,"Central high-volume hotspots"
"Camden 004A",44,51.5568489320988,-0.192219580246914,0.3409,0.2955,0.2727,0.0909,1,"Central high-volume hotspots"
"Barnet 016A",44,51.6090270576923,-0.233244511538462,0.3636,0.3409,0.2273,0.0682,1,"Central high-volume hotspots"
"Barnet 017F",44,51.6125091111111,-0.208082925,0.1591,0.25,0.4545,0.1364,1,"Central high-volume hotspots"
"Hounslow 019D",44,51.4586030398551,-0.349089097826087,0.2955,0.3182,0.3409,0.0455,1,"Central high-volume hotspots"
"Barking and Dagenham 018A",44,51.5370797827381,0.133035199404762,0.2045,0.4318,0.2045,0.1591,1,"Central high-volume hotspots"
"Bexley 021A",44,51.4465467622222,0.113545993333333,0.2273,0.2955,0.4545,0.0227,1,"Central high-volume hotspots"
"Croydon 038D",44,51.3233301015625,-0.1398577734375,0.4318,0.3409,0.0909,0.1364,1,"Central high-volume hotspots"
"Harrow 006B",44,51.6091652632184,-0.360215535057471,0.25,0.3636,0.2727,0.1136,1,"Central high-volume hotspots"
"Harrow 010E",44,51.6005494139785,-0.295340989247312,0.3864,0.25,0.2955,0.0682,1,"Central high-volume hotspots"
"Enfield 016C",44,51.6410004310345,-0.0557398793103448,0.4091,0.25,0.2727,0.0682,1,"Central high-volume hotspots"
"Enfield 020B",44,51.6423397166667,-0.140118908333333,0.2955,0.2955,0.3636,0.0455,1,"Central high-volume hotspots"
"Enfield 021C",44,51.6381783306452,-0.0760739838709677,0.5227,0.2045,0.1818,0.0909,1,"Central high-volume hotspots"
"Barnet 013F",44,51.6156361515151,-0.261502424242424,0.4545,0.3182,0.1591,0.0682,1,"Central high-volume hotspots"
"Hounslow 007F",44,51.4891601801075,-0.264039233870968,0.4545,0.1818,0.2727,0.0909,1,"Central high-volume hotspots"
"Ealing 016B",44,51.523761,-0.333634703373016,0.1591,0.5682,0.2273,0.0455,1,"Central high-volume hotspots"
"Lambeth 011C",44,51.4666992725564,-0.107767855263158,0.1364,0.2045,0.6591,0,1,"Central high-volume hotspots"
"Harrow 020D",44,51.5872730178571,-0.336880011904762,0.3864,0.2045,0.2955,0.1136,1,"Central high-volume hotspots"
"Harrow 022C",44,51.584782375,-0.379253885416667,0.4773,0.1364,0.3409,0.0455,1,"Central high-volume hotspots"
"Harrow 023F",44,51.5810398218391,-0.332310810344828,0.25,0.25,0.3182,0.1818,1,"Central high-volume hotspots"
"Harrow 031C",44,51.5613527692308,-0.368515028846154,0.4091,0.2273,0.25,0.1136,1,"Central high-volume hotspots"
"Havering 003E",44,51.60887108,0.166910546666667,0.25,0.4318,0.2273,0.0909,1,"Central high-volume hotspots"
"Lewisham 009C",44,51.4619871505376,0.00796315591397849,0.3409,0.4318,0.1364,0.0909,1,"Central high-volume hotspots"
"Havering 019D",44,51.557968,0.25592452688172,0.3182,0.2727,0.2273,0.1818,1,"Central high-volume hotspots"
"Havering 020B",44,51.5599624722222,0.224561212962963,0.3182,0.2273,0.3182,0.1364,1,"Central high-volume hotspots"
"Camden 003B",44,51.5593856833333,-0.14182055,0.3636,0.3409,0.1591,0.1364,1,"Central high-volume hotspots"
"Hammersmith and Fulham 018E",44,51.4768918627451,-0.221228014705882,0.5455,0.1364,0.25,0.0682,1,"Central high-volume hotspots"
"Redbridge 008D",44,51.5933333068966,0.0523257505747126,0.3636,0.3409,0.0909,0.2045,1,"Central high-volume hotspots"
"Redbridge 020B",44,51.5720034944444,0.0887229159722222,0.1591,0.5909,0.1591,0.0909,1,"Central high-volume hotspots"
"Redbridge 027A",44,51.5635840366667,0.04192958,0.3636,0.25,0.3182,0.0682,1,"Central high-volume hotspots"
"Lewisham 024C",44,51.4386195215054,-0.0379673091397849,0.3182,0.2955,0.3409,0.0455,1,"Central high-volume hotspots"
"Southwark 033A",44,51.4348240977011,-0.0692015459770115,0.2955,0.3409,0.2273,0.1364,1,"Central high-volume hotspots"
"Islington 001F",44,51.5719311935484,-0.117755784946237,0.3182,0.1818,0.3409,0.1591,1,"Central high-volume hotspots"
"Sutton 022C",44,51.353790474359,-0.169967201923077,0.4545,0.2273,0.2955,0.0227,1,"Central high-volume hotspots"
"Sutton 024B",44,51.3486797557471,-0.131076712643678,0.4318,0.2045,0.3182,0.0455,1,"Central high-volume hotspots"
"Kingston upon Thames 005E",44,51.4117601071429,-0.287333830357143,0.25,0.3409,0.25,0.1591,1,"Central high-volume hotspots"
"Tower Hamlets 027C",44,51.5076747348485,-0.0543203484848485,0.3409,0.3409,0.2727,0.0455,1,"Central high-volume hotspots"
"Waltham Forest 009B",44,51.6013139012346,-0.0331716419753086,0.1591,0.3864,0.2045,0.25,1,"Central high-volume hotspots"
"Waltham Forest 023D",44,51.5682269848485,-0.0116026868686869,0.3409,0.3182,0.2273,0.1136,1,"Central high-volume hotspots"
"Sutton 004D",44,51.3826656066667,-0.15886507,0.2045,0.5455,0.1591,0.0909,1,"Central high-volume hotspots"
"Wandsworth 036C",44,51.4221303209877,-0.154001327160494,0.2045,0.3409,0.3409,0.1136,1,"Central high-volume hotspots"
"Westminster 006C",44,51.5276844572917,-0.187502182291667,0.5455,0.1818,0.1818,0.0909,1,"Central high-volume hotspots"
"Ealing 014C",43,51.528098344086,-0.367646510752688,0.2093,0.3721,0.186,0.2326,1,"Central high-volume hotspots"
"Bexley 019D",43,51.454814595679,0.17996749382716,0.186,0.4419,0.2326,0.1395,1,"Central high-volume hotspots"
"Bromley 034E",43,51.3744781454545,0.00835004696969697,0.3953,0.2558,0.186,0.1628,1,"Central high-volume hotspots"
"Bromley 018D",43,51.3902655216667,0.0127081833333333,0.3023,0.2791,0.2326,0.186,1,"Central high-volume hotspots"
"Bromley 041D",43,51.3972089722222,-0.0409485833333333,0.2791,0.2791,0.3721,0.0698,1,"Central high-volume hotspots"
"Bromley 006A",43,51.4091170948276,-0.0344404683908046,0.4884,0.2791,0.1163,0.1163,1,"Central high-volume hotspots"
"Barnet 033F",43,51.5807928863636,-0.179227135606061,0.5581,0.186,0.2326,0.0233,1,"Central high-volume hotspots"
"Barking and Dagenham 012B",43,51.5468261416667,0.115195931666667,0.2093,0.3953,0.186,0.2093,1,"Central high-volume hotspots"
"Enfield 013C",43,51.6508498401361,-0.111795041666667,0.1628,0.6047,0.0698,0.1628,1,"Central high-volume hotspots"
"Bromley 037A",43,51.3488970493827,0.122694660493827,0.186,0.3023,0.3721,0.1395,1,"Central high-volume hotspots"
"Brent 009E",43,51.5687485714286,-0.262225422619048,0.3488,0.3023,0.2326,0.1163,1,"Central high-volume hotspots"
"Greenwich 034I",43,51.457440577381,0.0319229880952381,0.2093,0.4884,0.1628,0.1395,1,"Central high-volume hotspots"
"Harrow 005D",43,51.6026417068965,-0.349006341954023,0.3721,0.3721,0.1395,0.1163,1,"Central high-volume hotspots"
"Bromley 007E",43,51.4118107988506,0.0705943448275862,0.4419,0.2326,0.2326,0.093,1,"Central high-volume hotspots"
"Barnet 041B",43,51.5603485416667,-0.201278041666667,0.2558,0.3023,0.3953,0.0465,1,"Central high-volume hotspots"
"Camden 011D",43,51.5489302528736,-0.16484375862069,0.3023,0.1628,0.4884,0.0465,1,"Central high-volume hotspots"
"Hillingdon 029B",43,51.5032788571429,-0.471871369047619,0.4651,0.2558,0.1628,0.1163,1,"Central high-volume hotspots"
"Bromley 022B",43,51.3918974070513,0.049087907051282,0.3721,0.186,0.0465,0.3953,1,"Central high-volume hotspots"
"Barnet 037C",43,51.5779791358025,-0.20616450617284,0.2791,0.186,0.3023,0.2326,1,"Central high-volume hotspots"
"Hounslow 018E",43,51.4592238958333,-0.363545368055556,0.1395,0.3953,0.3023,0.1628,1,"Central high-volume hotspots"
"Hounslow 019C",43,51.4613695476191,-0.357667113095238,0.2326,0.3721,0.2558,0.1395,1,"Central high-volume hotspots"
"Hammersmith and Fulham 016B",43,51.4841244107143,-0.217325400793651,0.1395,0.3488,0.2791,0.2326,1,"Central high-volume hotspots"
"Harrow 017E",43,51.5911888480392,-0.286975975490196,0.3721,0.2326,0.2326,0.1628,1,"Central high-volume hotspots"
"Richmond upon Thames 004E",43,51.4636235373563,-0.289951704022989,0.3023,0.2558,0.2558,0.186,1,"Central high-volume hotspots"
"Harrow 033H",43,51.5987513655914,-0.315981790322581,0.2326,0.3488,0.3256,0.093,1,"Central high-volume hotspots"
"Bromley 020E",43,51.3968581609195,0.0331263103448276,0.4186,0.2558,0.186,0.1395,1,"Central high-volume hotspots"
"Richmond upon Thames 009A",43,51.4535360680556,-0.30856864375,0.3721,0.3256,0.2326,0.0698,1,"Central high-volume hotspots"
"Havering 003A",43,51.6036973715278,0.169470038194444,0.1395,0.3023,0.2558,0.3023,1,"Central high-volume hotspots"
"Havering 021D",43,51.5621034094444,0.188456311111111,0.3488,0.3721,0.1395,0.1395,1,"Central high-volume hotspots"
"Hillingdon 001A",43,51.6059393390805,-0.442195416666667,0.3721,0.2791,0.3023,0.0465,1,"Central high-volume hotspots"
"Hillingdon 008B",43,51.5752909301075,-0.402250161290323,0.4186,0.2326,0.2093,0.1395,1,"Central high-volume hotspots"
"Merton 015E",43,51.4109738333333,-0.205512344827586,0.2791,0.2558,0.2791,0.186,1,"Central high-volume hotspots"
"Hounslow 024A",43,51.4523876666667,-0.397025977777778,0.186,0.5581,0.1395,0.1163,1,"Central high-volume hotspots"
"Kingston upon Thames 008B",43,51.4000979790123,-0.2637721,0.3023,0.2558,0.3953,0.0465,1,"Central high-volume hotspots"
"Kingston upon Thames 015E",43,51.3922347314815,-0.247931212962963,0.186,0.5116,0.186,0.1163,1,"Central high-volume hotspots"
"Redbridge 010B",43,51.5955570297619,0.0737786904761905,0.2093,0.5349,0.1163,0.1395,1,"Central high-volume hotspots"
"Redbridge 035C",43,51.5710578535714,0.0626595726190476,0.186,0.4186,0.093,0.3023,1,"Central high-volume hotspots"
"Redbridge 036H",43,51.5821164133333,0.05260186,0.2093,0.3953,0.3256,0.0698,1,"Central high-volume hotspots"
"Richmond upon Thames 001E",43,51.4859339032258,-0.235198693548387,0.4419,0.2791,0.2326,0.0465,1,"Central high-volume hotspots"
"Richmond upon Thames 003E",43,51.4693992944444,-0.258916205555556,0.4419,0.2791,0.2326,0.0465,1,"Central high-volume hotspots"
"Lewisham 017D",43,51.4495568975309,-0.000133683950617284,0.2093,0.4884,0.093,0.2093,1,"Central high-volume hotspots"
"Lewisham 021E",43,51.4446750089286,-0.0534191547619048,0.3023,0.2791,0.2093,0.2093,1,"Central high-volume hotspots"
"Lewisham 022D",43,51.4394064086022,0.00199387634408602,0.4186,0.3488,0.1163,0.1163,1,"Central high-volume hotspots"
"Hillingdon 018F",43,51.5368690703125,-0.424757328125,0.2791,0.3023,0.2791,0.1395,1,"Central high-volume hotspots"
"Sutton 019E",43,51.3604374128205,-0.141557348717949,0.3023,0.3721,0.1628,0.1628,1,"Central high-volume hotspots"
"Sutton 007C",43,51.371557,-0.196143045977011,0.3256,0.4186,0.186,0.0698,1,"Central high-volume hotspots"
"Sutton 013B",43,51.3652627447917,-0.178914635416667,0.3488,0.3488,0.1163,0.186,1,"Central high-volume hotspots"
"Redbridge 003D",43,51.6102090777778,0.105856119444444,0.2558,0.4419,0.186,0.1163,1,"Central high-volume hotspots"
"Newham 004A",43,51.5494843735632,0.0561133045977011,0.3023,0.3256,0.3023,0.0698,1,"Central high-volume hotspots"
"Barnet 042A",42,51.5954218965517,-0.238294045977012,0.2381,0.381,0.1905,0.1905,1,"Central high-volume hotspots"
"Barnet 042E",42,51.5949929907407,-0.239766296296296,0.5238,0.1905,0.1667,0.119,1,"Central high-volume hotspots"
"Bromley 027B",42,51.384577900641,0.00890697756410256,0.3571,0.4048,0.1905,0.0476,1,"Central high-volume hotspots"
"Barking and Dagenham 004G",42,51.5623157253086,0.140251966049383,0.1905,0.5,0.2381,0.0714,1,"Central high-volume hotspots"
"Brent 016D",42,51.5524472795699,-0.317181521505376,0.3571,0.2857,0.2381,0.119,1,"Central high-volume hotspots"
"Bromley 042C",42,51.31126054,0.0510544533333333,0.3571,0.3333,0.2143,0.0952,1,"Central high-volume hotspots"
"Brent 032C",42,51.5345722944444,-0.214293911111111,0.4048,0.2381,0.2381,0.119,1,"Central high-volume hotspots"
"Barnet 003D",42,51.6445517822581,-0.152609825268817,0.2857,0.2619,0.1667,0.2857,1,"Central high-volume hotspots"
"Greenwich 035C",42,51.4823510804598,-0.0195729913793103,0.4286,0.2143,0.2857,0.0714,1,"Central high-volume hotspots"
"Barnet 004B",42,51.6439892471264,-0.214772376436782,0.2857,0.3095,0.2143,0.1905,1,"Central high-volume hotspots"
"Camden 002A",42,51.5568255555556,-0.163294481481481,0.6905,0.1429,0.1429,0.0238,1,"Central high-volume hotspots"
"Hackney 022C",42,51.5401568653846,-0.0424237051282051,0.2381,0.3095,0.3571,0.0952,1,"Central high-volume hotspots"
"Hounslow 012D",42,51.4791872738095,-0.347184702380952,0.2381,0.2143,0.3095,0.2381,1,"Central high-volume hotspots"
"Haringey 031A",42,51.5818314230769,-0.104900371794872,0.2381,0.4524,0.1905,0.119,1,"Central high-volume hotspots"
"Ealing 042C",42,51.5094430416667,-0.300808553571429,0.3571,0.1905,0.3571,0.0952,1,"Central high-volume hotspots"
"Lambeth 028A",42,51.4329607321429,-0.0931142529761905,0.5238,0.2381,0.1429,0.0952,1,"Central high-volume hotspots"
"Enfield 021D",42,51.6345180666667,-0.0889704277777778,0.5238,0.3095,0.119,0.0476,1,"Central high-volume hotspots"
"Hounslow 010E",42,51.4819113236111,-0.3904195375,0.2143,0.4762,0.2619,0.0476,1,"Central high-volume hotspots"
"Greenwich 041D",42,51.4942282231183,0.0158645510752688,0.4286,0.3095,0.0952,0.1667,1,"Central high-volume hotspots"
"Hackney 019F",42,51.5444580880952,-0.0404747904761905,0.2143,0.5,0.1905,0.0952,1,"Central high-volume hotspots"
"Kensington and Chelsea 002A",42,51.5243223306452,-0.223801766129032,0.2857,0.3571,0.1429,0.2143,1,"Central high-volume hotspots"
"Haringey 001A",42,51.6046879611111,-0.115526469444444,0.4762,0.3571,0.119,0.0476,1,"Central high-volume hotspots"
"Brent 005D",42,51.57330334,-0.25564708,0.1905,0.4048,0.2857,0.119,1,"Central high-volume hotspots"
"Lambeth 014A",42,51.4574606197917,-0.0976773229166667,0.4048,0.2143,0.3095,0.0714,1,"Central high-volume hotspots"
"Lambeth 023D",42,51.4429947191358,-0.13750837654321,0.4286,0.3095,0.119,0.1429,1,"Central high-volume hotspots"
"Harrow 028C",42,51.5661192055556,-0.374950938888889,0.381,0.381,0.0952,0.1429,1,"Central high-volume hotspots"
"Richmond upon Thames 012B",42,51.450807890625,-0.260809703125,0.381,0.2619,0.2143,0.1429,1,"Central high-volume hotspots"
"Havering 005A",42,51.6035984155556,0.160595684444444,0.2143,0.381,0.2857,0.119,1,"Central high-volume hotspots"
"Lewisham 001G",42,51.4907903833333,-0.0357232222222222,0.2619,0.2857,0.4048,0.0476,1,"Central high-volume hotspots"
"Havering 024A",42,51.5409403601191,0.25664618452381,0.1429,0.1667,0.5,0.1905,1,"Central high-volume hotspots"
"Havering 025A",42,51.543434775641,0.208934403846154,0.2381,0.2857,0.2381,0.2381,1,"Central high-volume hotspots"
"Merton 017B",42,51.4069386451613,-0.133445379032258,0.3095,0.3095,0.1667,0.2143,1,"Central high-volume hotspots"
"Merton 024D",42,51.388533862069,-0.203953775862069,0.3571,0.2143,0.2143,0.2143,1,"Central high-volume hotspots"
"Hackney 007C",42,51.5651575029762,-0.0946142797619048,0.3571,0.381,0.1905,0.0714,1,"Central high-volume hotspots"
"Newham 032B",42,51.5173041547619,0.0538091964285714,0.3095,0.2619,0.381,0.0476,1,"Central high-volume hotspots"
"Hammersmith and Fulham 017C",42,51.4807884236111,-0.202462826388889,0.1905,0.3095,0.4048,0.0952,1,"Central high-volume hotspots"
"Richmond upon Thames 020C",42,51.4266865458333,-0.364921327083333,0.3571,0.2619,0.2619,0.119,1,"Central high-volume hotspots"
"Redbridge 012B",42,51.5859350480769,0.0742356538461538,0.3095,0.3333,0.2381,0.119,1,"Central high-volume hotspots"
"Richmond upon Thames 008A",42,51.4531238,-0.298977727777778,0.4286,0.381,0.1667,0.0238,1,"Central high-volume hotspots"
"Richmond upon Thames 017B",42,51.4386696101449,-0.316637371014493,0.1429,0.3095,0.4048,0.1429,1,"Central high-volume hotspots"
"Richmond upon Thames 022A",42,51.4137269944444,-0.311303422222222,0.2619,0.1667,0.4048,0.1667,1,"Central high-volume hotspots"
"Richmond upon Thames 023B",42,51.4109877202381,-0.351235455357143,0.2143,0.2857,0.2857,0.2143,1,"Central high-volume hotspots"
"Wandsworth 021E",42,51.446379422619,-0.155362404761905,0.5238,0.1429,0.2143,0.119,1,"Central high-volume hotspots"
"Hillingdon 017D",42,51.5381189285714,-0.459245047619048,0.3095,0.2857,0.2857,0.119,1,"Central high-volume hotspots"
"Sutton 008E",42,51.3809862801282,-0.223551396794872,0.119,0.3333,0.381,0.1667,1,"Central high-volume hotspots"
"Sutton 014D",42,51.3631283763441,-0.203734204301075,0.1667,0.5238,0.2619,0.0476,1,"Central high-volume hotspots"
"Hammersmith and Fulham 024C",42,51.4711383678161,-0.203366971264368,0.2857,0.1905,0.4048,0.119,1,"Central high-volume hotspots"
"Redbridge 005C",42,51.6023541781609,0.0456734770114943,0.5714,0.1667,0.2381,0.0238,1,"Central high-volume hotspots"
"Tower Hamlets 031C",42,51.487277222619,-0.0173422422619048,0.3571,0.3333,0.2143,0.0952,1,"Central high-volume hotspots"
"Richmond upon Thames 001D",42,51.481996673913,-0.239952043478261,0.1667,0.2381,0.5238,0.0714,1,"Central high-volume hotspots"
"Waltham Forest 018A",42,51.5791843392857,-0.0400616964285714,0.1429,0.2619,0.3095,0.2857,1,"Central high-volume hotspots"
"Waltham Forest 028C",42,51.5566505524691,0.0157673703703704,0.3571,0.4286,0.1429,0.0714,1,"Central high-volume hotspots"
"Wandsworth 024E",42,51.4448645888889,-0.177376638888889,0.3333,0.3333,0.119,0.2143,1,"Central high-volume hotspots"
"Wandsworth 025C",42,51.4428114814815,-0.198028787654321,0.4048,0.2619,0.2857,0.0476,1,"Central high-volume hotspots"
"Barnet 010B",41,51.6305503392857,-0.152733958333333,0.439,0.2683,0.1463,0.1463,1,"Central high-volume hotspots"
"Croydon 040B",41,51.3180024193548,-0.113697575268817,0.439,0.2683,0.2195,0.0732,1,"Central high-volume hotspots"
"Barnet 033E",41,51.5885373209876,-0.181315817901235,0.4634,0.3659,0.1463,0.0244,1,"Central high-volume hotspots"
"Enfield 011D",41,51.6657271290323,-0.174112016129032,0.4634,0.3902,0.0976,0.0488,1,"Central high-volume hotspots"
"Bromley 016E",41,51.3987790574713,0.0250655804597701,0.3659,0.2683,0.2195,0.1463,1,"Central high-volume hotspots"
"Enfield 010E",41,51.6552159361111,-0.0993247277777778,0.3902,0.2683,0.1951,0.1463,1,"Central high-volume hotspots"
"Croydon 003A",41,51.4148493645833,-0.115142447916667,0.4878,0.2195,0.1463,0.1463,1,"Central high-volume hotspots"
"Bexley 010D",41,51.4616155310345,0.182854650574713,0.2195,0.2683,0.2439,0.2683,1,"Central high-volume hotspots"
"Bexley 021B",41,51.4488122666667,0.104870358333333,0.3415,0.3171,0.2683,0.0732,1,"Central high-volume hotspots"
"Barnet 036C",41,51.5788945679012,-0.234861966049383,0.1951,0.2683,0.2195,0.3171,1,"Central high-volume hotspots"
"Haringey 030A",41,51.583820734375,-0.159183213541667,0.5366,0.1707,0.1951,0.0976,1,"Central high-volume hotspots"
"Havering 008B",41,51.5945522583333,0.185652627777778,0.2927,0.3171,0.2683,0.122,1,"Central high-volume hotspots"
"Havering 009B",41,51.5884538850575,0.167434097701149,0.3171,0.3415,0.1463,0.1951,1,"Central high-volume hotspots"
"Enfield 020E",41,51.6375278782051,-0.131251344551282,0.3171,0.1707,0.4146,0.0976,1,"Central high-volume hotspots"
"Barnet 007C",41,51.6332194537037,-0.200756663580247,0.4878,0.2683,0.2195,0.0244,1,"Central high-volume hotspots"
"Barnet 016B",41,51.6148964938272,-0.242262851851852,0.2683,0.3171,0.2683,0.1463,1,"Central high-volume hotspots"
"Camden 023E",41,51.52893142,-0.141434786666667,0.2439,0.1463,0.5122,0.0976,1,"Central high-volume hotspots"
"Barnet 031D",41,51.5857250192308,-0.234864925641026,0.2927,0.3415,0.2683,0.0976,1,"Central high-volume hotspots"
"Enfield 001C",41,51.6768063866667,-0.03801759,0.3171,0.3659,0.1951,0.122,1,"Central high-volume hotspots"
"Hounslow 020C",41,51.4616021025641,-0.328759653846154,0.3902,0.1463,0.1463,0.3171,1,"Central high-volume hotspots"
"Croydon 004B",41,51.4062153469136,-0.13022617654321,0.1463,0.3171,0.3659,0.1707,1,"Central high-volume hotspots"
"Croydon 006C",41,51.4027550987654,-0.0874317191358025,0.2683,0.4146,0.1951,0.122,1,"Central high-volume hotspots"
"Haringey 019A",41,51.5925668642857,-0.0970991571428571,0.5366,0.122,0.2683,0.0732,1,"Central high-volume hotspots"
"Havering 014F",41,51.5767170224359,0.201739304487179,0.2927,0.3171,0.3171,0.0732,1,"Central high-volume hotspots"
"Lewisham 016A",41,51.4474604354839,0.013558123655914,0.2439,0.3415,0.2683,0.1463,1,"Central high-volume hotspots"
"Havering 026C",41,51.5462357741935,0.195636494623656,0.3415,0.3659,0.1463,0.1463,1,"Central high-volume hotspots"
"Hillingdon 001D",41,51.6130034444444,-0.420991868055556,0.4634,0.3659,0.0732,0.0976,1,"Central high-volume hotspots"
"Greenwich 005C",41,51.4863326666667,0.0487441,0.1951,0.3902,0.2439,0.1707,1,"Central high-volume hotspots"
"Hackney 008C",41,51.5646128024691,-0.088504487654321,0.3659,0.3415,0.2439,0.0488,1,"Central high-volume hotspots"
"Sutton 021D",41,51.3581100681818,-0.182724909090909,0.122,0.5366,0.2927,0.0488,1,"Central high-volume hotspots"
"Kingston upon Thames 010B",41,51.3971954404762,-0.282417976190476,0.2683,0.4146,0.2683,0.0488,1,"Central high-volume hotspots"
"Redbridge 018B",41,51.5832740416667,0.0337642321428571,0.3415,0.1951,0.2439,0.2195,1,"Central high-volume hotspots"
"Redbridge 020C",41,51.5716116820988,0.0945036049382716,0.2927,0.3171,0.2927,0.0976,1,"Central high-volume hotspots"
"Lambeth 032E",41,51.4274551075269,-0.123765220430108,0.3171,0.3902,0.1951,0.0976,1,"Central high-volume hotspots"
"Richmond upon Thames 005A",41,51.4633615285714,-0.273659382142857,0.4634,0.2683,0.2195,0.0488,1,"Central high-volume hotspots"
"Richmond upon Thames 021D",41,51.4224378387097,-0.332709666666667,0.561,0.1707,0.1463,0.122,1,"Central high-volume hotspots"
"Lewisham 024A",41,51.4369793630952,-0.045002994047619,0.1951,0.3171,0.2439,0.2439,1,"Central high-volume hotspots"
"Southwark 023E",41,51.4699467586207,-0.0576545632183908,0.2683,0.4634,0.0976,0.1707,1,"Central high-volume hotspots"
"Newham 011C",41,51.5425231933333,0.0408272133333333,0.3659,0.439,0.1463,0.0488,1,"Central high-volume hotspots"
"Sutton 009C",41,51.3736137741936,-0.221048467741935,0.4634,0.2439,0.2683,0.0244,1,"Central high-volume hotspots"
"Kensington and Chelsea 017A",41,51.4886018452381,-0.194785178571429,0.2439,0.2927,0.3415,0.122,1,"Central high-volume hotspots"
"Redbridge 004D",41,51.614018811828,0.0426334892473118,0.3659,0.2683,0.2683,0.0976,1,"Central high-volume hotspots"
"Tower Hamlets 007D",41,51.5295157678161,-0.0494766011494253,0.1463,0.439,0.1463,0.2683,1,"Central high-volume hotspots"
"Wandsworth 021D",41,51.446555568323,-0.160715335610766,0.439,0.3415,0.1463,0.0732,1,"Central high-volume hotspots"
"Barking and Dagenham 004B",40,51.5589762005208,0.138748033854167,0.3,0.35,0.225,0.125,1,"Central high-volume hotspots"
"Ealing 028C",40,51.5052656666667,-0.328566913333333,0.425,0.25,0.275,0.05,1,"Central high-volume hotspots"
"Barnet 011D",40,51.6200787533333,-0.172225283333333,0.425,0.4,0.075,0.1,1,"Central high-volume hotspots"
"Bromley 020A",40,51.3965534487179,0.0427532115384615,0.425,0.25,0.125,0.2,1,"Central high-volume hotspots"
"Enfield 010C",40,51.6602194761905,-0.101761696428571,0.325,0.4,0.225,0.05,1,"Central high-volume hotspots"
"Greenwich 035E",40,51.4820734137931,-0.0155222068965517,0.45,0.375,0.05,0.125,1,"Central high-volume hotspots"
"Enfield 016A",40,51.6415002716049,-0.06407575,0.225,0.275,0.375,0.125,1,"Central high-volume hotspots"
"Croydon 037A",40,51.332248435,-0.11792703,0.25,0.375,0.3,0.075,1,"Central high-volume hotspots"
"Bromley 026C",40,51.384063591954,0.0591971896551724,0.175,0.325,0.25,0.25,1,"Central high-volume hotspots"
"Greenwich 025B",40,51.4548486666667,0.0479214583333333,0.2,0.5,0.175,0.125,1,"Central high-volume hotspots"
"Bromley 032A",40,51.3679202063492,0.117457955555556,0.4,0.325,0.225,0.05,1,"Central high-volume hotspots"
"Bromley 039C",40,51.3179347786667,0.026569004,0.225,0.3,0.3,0.175,1,"Central high-volume hotspots"
"Barnet 012C",40,51.6250798681159,-0.188021736231884,0.425,0.15,0.125,0.3,1,"Central high-volume hotspots"
"Ealing 034B",40,51.4982386746795,-0.257146041666667,0.55,0.25,0.175,0.025,1,"Central high-volume hotspots"
"Bexley 022C",40,51.4487670862069,0.100471370689655,0.325,0.175,0.375,0.125,1,"Central high-volume hotspots"
"Haringey 036B",40,51.5723559753086,-0.10757412962963,0.35,0.3,0.15,0.2,1,"Central high-volume hotspots"
"Ealing 022C",40,51.5139665617284,-0.332967864197531,0.3,0.35,0.275,0.075,1,"Central high-volume hotspots"
"Hammersmith and Fulham 006D",40,51.5033811851852,-0.237758827160494,0.325,0.275,0.275,0.125,1,"Central high-volume hotspots"
"Havering 005C",40,51.6038503768116,0.156510407246377,0.225,0.525,0.175,0.075,1,"Central high-volume hotspots"
"Enfield 016B",40,51.6384471302083,-0.0613157447916667,0.5,0.25,0.1,0.15,1,"Central high-volume hotspots"
"Camden 004E",40,51.5584940747126,-0.182987988505747,0.325,0.3,0.225,0.15,1,"Central high-volume hotspots"
"Barnet 019D",40,51.6073991220238,-0.180434535714286,0.35,0.45,0.075,0.125,1,"Central high-volume hotspots"
"Barnet 021A",40,51.6045813589744,-0.253745358974359,0.175,0.525,0.225,0.075,1,"Central high-volume hotspots"
"Greenwich 014B",40,51.4820097902299,0.0256035402298851,0.225,0.3,0.3,0.175,1,"Central high-volume hotspots"
"Havering 009E",40,51.5899966566667,0.172634983333333,0.125,0.45,0.325,0.1,1,"Central high-volume hotspots"
"Lambeth 006E",40,51.4771680358974,-0.119042433333333,0.15,0.55,0.225,0.075,1,"Central high-volume hotspots"
"Harrow 017C",40,51.592187688172,-0.297663672043011,0.3,0.525,0.075,0.1,1,"Central high-volume hotspots"
"Harrow 017D",40,51.5926786346154,-0.300610891025641,0.4,0.325,0.225,0.05,1,"Central high-volume hotspots"
"Bromley 011B",40,51.4104775555556,-0.000688597222222222,0.5,0.275,0.1,0.125,1,"Central high-volume hotspots"
"Greenwich 002E",40,51.5027823129252,0.088315119047619,0.125,0.475,0.15,0.25,1,"Central high-volume hotspots"
"Greenwich 016A",40,51.47862071875,0.02095590625,0.4,0.325,0.15,0.125,1,"Central high-volume hotspots"
"Bexley 006A",40,51.4818186766667,0.140609664,0.15,0.55,0.15,0.15,1,"Central high-volume hotspots"
"Bexley 013D",40,51.4661750555556,0.114031233333333,0.3,0.4,0.2,0.1,1,"Central high-volume hotspots"
"Hammersmith and Fulham 022B",40,51.4762354814815,-0.213292740740741,0.575,0.2,0.125,0.1,1,"Central high-volume hotspots"
"Redbridge 014B",40,51.5882332348485,0.0199402727272727,0.4,0.15,0.4,0.05,1,"Central high-volume hotspots"
"Redbridge 026D",40,51.5657887113095,0.0768468244047619,0.25,0.3,0.375,0.075,1,"Central high-volume hotspots"
"Richmond upon Thames 003G",40,51.4678523624339,-0.255042149911817,0.55,0.125,0.225,0.1,1,"Central high-volume hotspots"
"Richmond upon Thames 007A",40,51.4574479166667,-0.323472323412698,0.3,0.25,0.15,0.3,1,"Central high-volume hotspots"
"Richmond upon Thames 019A",40,51.4304341083333,-0.349829512878788,0.275,0.25,0.125,0.35,1,"Central high-volume hotspots"
"Richmond upon Thames 019C",40,51.4277004347826,-0.347684036231884,0.275,0.225,0.2,0.3,1,"Central high-volume hotspots"
"Lewisham 022C",40,51.4434000357143,0.00158021428571429,0.25,0.225,0.425,0.1,1,"Central high-volume hotspots"
"Hillingdon 009A",40,51.5648064136905,-0.415010803571429,0.175,0.4,0.25,0.175,1,"Central high-volume hotspots"
"Hillingdon 010C",40,51.5675662368421,-0.407689754385965,0.125,0.2,0.6,0.075,1,"Central high-volume hotspots"
"Southwark 033B",40,51.42927776,-0.0826593,0.375,0.425,0.15,0.05,1,"Central high-volume hotspots"
"Sutton 018E",40,51.3624379655172,-0.19668816091954,0.35,0.4,0.125,0.125,1,"Central high-volume hotspots"
"Waltham Forest 012E",40,51.5935028765432,-0.0233612716049383,0.425,0.35,0.175,0.05,1,"Central high-volume hotspots"
"Waltham Forest 003D",40,51.6260115757576,0.0116897121212121,0.325,0.325,0.2,0.15,1,"Central high-volume hotspots"
"Wandsworth 019F",40,51.4569420030864,-0.183242043209877,0.575,0.2,0.1,0.125,1,"Central high-volume hotspots"
"Newham 010E",40,51.5465056666667,0.0517976266666667,0.3,0.25,0.3,0.15,1,"Central high-volume hotspots"
"Bromley 041B",39,51.4000693765432,-0.043931237654321,0.3333,0.3077,0.3333,0.0256,1,"Central high-volume hotspots"
"Ealing 039C",39,51.4966912380952,-0.313891714285714,0.2564,0.2564,0.359,0.1282,1,"Central high-volume hotspots"
"Croydon 038C",39,51.3281429038462,-0.130895826923077,0.2564,0.3846,0.2821,0.0769,1,"Central high-volume hotspots"
"Bromley 012A",39,51.411826780303,-0.0205701628787879,0.4359,0.1795,0.2564,0.1282,1,"Central high-volume hotspots"
"Bromley 036D",39,51.3601396149425,0.0748110344827586,0.2564,0.2308,0.3333,0.1795,1,"Central high-volume hotspots"
"Bromley 037B",39,51.3578028827161,0.105804280864198,0.2821,0.359,0.2821,0.0769,1,"Central high-volume hotspots"
"Barnet 005A",39,51.640930797619,-0.171003291666667,0.5128,0.2564,0.1026,0.1282,1,"Central high-volume hotspots"
"Barnet 005D",39,51.6456085366667,-0.176173466666667,0.2564,0.2564,0.4103,0.0769,1,"Central high-volume hotspots"
"Croydon 035C",39,51.3341887961538,-0.0759198346153846,0.5128,0.1795,0.2051,0.1026,1,"Central high-volume hotspots"
"Croydon 038A",39,51.3316546607143,-0.139418482142857,0.4615,0.2564,0.2564,0.0256,1,"Central high-volume hotspots"
"Greenwich 005D",39,51.4881233573333,0.053417804,0.2051,0.4872,0.2308,0.0769,1,"Central high-volume hotspots"
"Barnet 033A",39,51.5900352616667,-0.176943575,0.359,0.2821,0.3333,0.0256,1,"Central high-volume hotspots"
"Barnet 011B",39,51.6243133813333,-0.164403777333333,0.4359,0.3077,0.1538,0.1026,1,"Central high-volume hotspots"
"Greenwich 032A",39,51.4285538020833,0.0660924861111111,0.3077,0.2051,0.3846,0.1026,1,"Central high-volume hotspots"
"Bexley 011B",39,51.4700239680556,0.135379077777778,0.1538,0.4103,0.3077,0.1282,1,"Central high-volume hotspots"
"Greenwich 029A",39,51.4464070875,0.0375405270833333,0.1282,0.5128,0.1026,0.2564,1,"Central high-volume hotspots"
"Greenwich 030D",39,51.4391691730769,0.0738487980769231,0.3077,0.4359,0.2051,0.0513,1,"Central high-volume hotspots"
"Ealing 021B",39,51.5137532375,-0.2752294,0.2821,0.4103,0.2308,0.0769,1,"Central high-volume hotspots"
"Hammersmith and Fulham 008B",39,51.5033297403846,-0.246342426923077,0.5641,0.1282,0.2051,0.1026,1,"Central high-volume hotspots"
"Lambeth 033D",39,51.4242668233333,-0.0905821366666667,0.2051,0.3846,0.3077,0.1026,1,"Central high-volume hotspots"
"Enfield 017D",39,51.6419018214286,-0.0976758333333333,0.5897,0.1282,0.2051,0.0769,1,"Central high-volume hotspots"
"Barking and Dagenham 019B",39,51.5343875289855,0.0983000434782609,0.1795,0.359,0.4103,0.0513,1,"Central high-volume hotspots"
"Barking and Dagenham 023A",39,51.558998375,0.120715110119048,0.3333,0.359,0.1282,0.1795,1,"Central high-volume hotspots"
"Islington 017B",39,51.5415056091954,-0.108265143678161,0.2821,0.2051,0.1538,0.359,1,"Central high-volume hotspots"
"Newham 035C",39,51.5148043277778,0.04970305,0.3846,0.2564,0.0769,0.2821,1,"Central high-volume hotspots"
"Harrow 033F",39,51.588497047619,-0.305969267857143,0.3333,0.4359,0.1282,0.1026,1,"Central high-volume hotspots"
"Lewisham 011D",39,51.4585325,-0.0191362115384615,0.3077,0.3077,0.2564,0.1282,1,"Central high-volume hotspots"
"Camden 005C",39,51.5521251101191,-0.200300333333333,0.3846,0.3077,0.2051,0.1026,1,"Central high-volume hotspots"
"Hammersmith and Fulham 021A",39,51.4785222631579,-0.200569578947368,0.1282,0.2564,0.5641,0.0513,1,"Central high-volume hotspots"
"Brent 007B",39,51.5715632283951,-0.299256475308642,0.3333,0.2308,0.3077,0.1282,1,"Central high-volume hotspots"
"Redbridge 006C",39,51.597394228836,0.0843760291005291,0.3846,0.3333,0.1282,0.1538,1,"Central high-volume hotspots"
"Lambeth 004H",39,51.481798671875,-0.115774875,0.4872,0.2051,0.1538,0.1538,1,"Central high-volume hotspots"
"Redbridge 017B",39,51.5806270568182,0.0831843295454545,0.4359,0.2564,0.2821,0.0256,1,"Central high-volume hotspots"
"Lambeth 024E",39,51.451185,-0.113128,0.1795,0.5641,0.1282,0.1282,1,"Central high-volume hotspots"
"Richmond upon Thames 021A",39,51.4278147613872,-0.334454781055901,0.1795,0.2051,0.4872,0.1282,1,"Central high-volume hotspots"
"Hillingdon 028F",39,51.5061945535714,-0.463574217857143,0.2821,0.3846,0.1282,0.2051,1,"Central high-volume hotspots"
"Merton 001A",39,51.4375790181406,-0.20122912585034,0.5128,0.2564,0.2051,0.0256,1,"Central high-volume hotspots"
"Merton 004C",39,51.4186271458333,-0.215057020833333,0.4103,0.359,0.1538,0.0769,1,"Central high-volume hotspots"
"Southwark 026C",39,51.4620939482759,-0.0601974137931034,0.4103,0.3077,0.1282,0.1538,1,"Central high-volume hotspots"
"Southwark 030C",39,51.4527503005952,-0.074936443452381,0.4103,0.2821,0.2051,0.1026,1,"Central high-volume hotspots"
"Southwark 030E",39,51.4536467525,-0.078887425,0.359,0.3333,0.2821,0.0256,1,"Central high-volume hotspots"
"Sutton 008D",39,51.3728549655172,-0.230437698275862,0.2821,0.4103,0.2051,0.1026,1,"Central high-volume hotspots"
"Kensington and Chelsea 016E",39,51.490115642,-0.180867034,0.6667,0.1282,0.1026,0.1026,1,"Central high-volume hotspots"
"Waltham Forest 015E",39,51.5851582586667,0.006618884,0.2564,0.2564,0.3846,0.1026,1,"Central high-volume hotspots"
"Waltham Forest 004D",39,51.6195869083333,-0.00831536111111111,0.1538,0.3333,0.2308,0.2821,1,"Central high-volume hotspots"
"Wandsworth 015E",39,51.4484560773333,-0.171277485333333,0.3077,0.3846,0.2564,0.0513,1,"Central high-volume hotspots"
"Westminster 022C",39,51.4907666228571,-0.143313951428571,0.3846,0.1538,0.4359,0.0256,1,"Central high-volume hotspots"
"Bromley 036A",38,51.3424677438272,0.0705650432098765,0.1842,0.3684,0.3421,0.1053,1,"Central high-volume hotspots"
"Bexley 023A",38,51.4501635897436,0.150193698717949,0.4211,0.1842,0.2105,0.1842,1,"Central high-volume hotspots"
"Brent 032A",38,51.5299923333333,-0.220402433333333,0.4737,0.3421,0.0526,0.1316,1,"Central high-volume hotspots"
"Croydon 023A",38,51.3679748555556,-0.0867828111111111,0.3947,0.2105,0.1579,0.2368,1,"Central high-volume hotspots"
"Harrow 002B",38,51.6144454642857,-0.300771267857143,0.5263,0.1316,0.3158,0.0263,1,"Central high-volume hotspots"
"Hammersmith and Fulham 012D",38,51.4924572701149,-0.205850235632184,0.3684,0.3684,0.1316,0.1316,1,"Central high-volume hotspots"
"Bromley 027A",38,51.386571452381,0.0178865476190476,0.2895,0.2895,0.3421,0.0789,1,"Central high-volume hotspots"
"Croydon 033A",38,51.3444905892857,-0.0585423630952381,0.5526,0.3158,0.0789,0.0526,1,"Central high-volume hotspots"
"Barking and Dagenham 007C",38,51.5488405833333,0.131671833333333,0.1579,0.5789,0.1316,0.1316,1,"Central high-volume hotspots"
"Barnet 027A",38,51.5951503653333,-0.179561732666667,0.3421,0.1579,0.3158,0.1842,1,"Central high-volume hotspots"
"Barnet 010A",38,51.6335842241379,-0.156974172413793,0.5,0.2632,0.1842,0.0526,1,"Central high-volume hotspots"
"Bexley 021C",38,51.4452076091954,0.10366832183908,0.5,0.2105,0.2368,0.0526,1,"Central high-volume hotspots"
"Hackney 029B",38,51.566798,-0.061566,0.5,0.3158,0.1579,0.0263,1,"Central high-volume hotspots"
"Brent 004B",38,51.5800658076923,-0.301122814102564,0.2368,0.3421,0.2368,0.1842,1,"Central high-volume hotspots"
"Haringey 029A",38,51.5789340069444,-0.0690628888888889,0.3158,0.1842,0.3684,0.1316,1,"Central high-volume hotspots"
"Havering 006D",38,51.6016701166667,0.209087783333333,0.1842,0.4737,0.1842,0.1579,1,"Central high-volume hotspots"
"Barnet 001F",38,51.6492355119048,-0.198705339285714,0.5789,0.2368,0.1053,0.0789,1,"Central high-volume hotspots"
"Barnet 028D",38,51.5945872980769,-0.197043884615385,0.4211,0.2368,0.2105,0.1316,1,"Central high-volume hotspots"
"Brent 010B",38,51.567113375,-0.239892092857143,0.1579,0.3684,0.2105,0.2632,1,"Central high-volume hotspots"
"Haringey 014C",38,51.5943293117284,-0.150318950617284,0.3421,0.2632,0.3421,0.0526,1,"Central high-volume hotspots"
"Haringey 021C",38,51.5870137321429,-0.142659244047619,0.5,0.1053,0.2895,0.1053,1,"Central high-volume hotspots"
"Lambeth 021B",38,51.452038,-0.128405882716049,0.4474,0.1579,0.2368,0.1579,1,"Central high-volume hotspots"
"Lewisham 006D",38,51.4693679,-0.046119625,0.3421,0.3158,0.2105,0.1316,1,"Central high-volume hotspots"
"Havering 024B",38,51.5547445203704,0.255490201851852,0.6053,0.2368,0.0789,0.0789,1,"Central high-volume hotspots"
"Havering 024E",38,51.5527999012346,0.245132919753086,0.2632,0.2105,0.2895,0.2368,1,"Central high-volume hotspots"
"Camden 004C",38,51.553757781746,-0.184489694444444,0.5263,0.1842,0.2105,0.0789,1,"Central high-volume hotspots"
"Hillingdon 013E",38,51.5443766507937,-0.452555762698413,0.1579,0.2105,0.5526,0.0789,1,"Central high-volume hotspots"
"Merton 019A",38,51.3970559135802,-0.135580716049383,0.2895,0.3158,0.1842,0.2105,1,"Central high-volume hotspots"
"Redbridge 005A",38,51.6082998024691,0.0537575740740741,0.3158,0.2895,0.3158,0.0789,1,"Central high-volume hotspots"
"Redbridge 006B",38,51.6023138765432,0.0990297962962963,0.3158,0.4474,0.0526,0.1842,1,"Central high-volume hotspots"
"Redbridge 040C",38,51.5527950925926,0.0825821851851852,0.2368,0.4737,0.0789,0.2105,1,"Central high-volume hotspots"
"Richmond upon Thames 017C",38,51.432847515942,-0.315452982608696,0.2105,0.5,0.1579,0.1316,1,"Central high-volume hotspots"
"Hillingdon 005A",38,51.5816918763889,-0.442060865277778,0.1316,0.2895,0.4474,0.1316,1,"Central high-volume hotspots"
"Hillingdon 018E",38,51.5261509195402,-0.42699174137931,0.4737,0.1579,0.2368,0.1316,1,"Central high-volume hotspots"
"Southwark 027B",38,51.4612439482759,-0.0900508735632184,0.4737,0.2105,0.2105,0.1053,1,"Central high-volume hotspots"
"Sutton 020B",38,51.3531055869565,-0.161950471014493,0.1842,0.5,0.2632,0.0526,1,"Central high-volume hotspots"
"Tower Hamlets 035C",38,51.5055975666667,-0.0058934,0.2105,0.3421,0.2632,0.1842,1,"Central high-volume hotspots"
"Wandsworth 006D",38,51.4646511388889,-0.220984518518519,0.4474,0.3421,0.1316,0.0789,1,"Central high-volume hotspots"
"Bexley 026B",37,51.42963061,0.087557375,0.1351,0.5405,0.1622,0.1622,1,"Central high-volume hotspots"
"Bexley 029B",37,51.46564767,0.09275489,0.2973,0.3243,0.2703,0.1081,1,"Central high-volume hotspots"
"Ealing 028D",37,51.5063057753623,-0.323688387681159,0.4595,0.1622,0.2973,0.0811,1,"Central high-volume hotspots"
"Croydon 023C",37,51.3686776410256,-0.0771635448717949,0.4054,0.2162,0.2703,0.1081,1,"Central high-volume hotspots"
"Bromley 012E",37,51.4022731133333,-0.01669112,0.3784,0.1351,0.2703,0.2162,1,"Central high-volume hotspots"
"Ealing 014A",37,51.5218084464286,-0.362847232142857,0.4324,0.1892,0.1892,0.1892,1,"Central high-volume hotspots"
"Barnet 022B",37,51.6031155992064,-0.145282095238095,0.4054,0.2432,0.2703,0.0811,1,"Central high-volume hotspots"
"Greenwich 021C",37,51.4732643035714,0.0214688571428571,0.3514,0.3784,0.0541,0.2162,1,"Central high-volume hotspots"
"Greenwich 023C",37,51.4652856180556,0.0567405833333333,0.4324,0.2432,0.2973,0.027,1,"Central high-volume hotspots"
"Greenwich 032C",37,51.4354375802469,0.0647271481481481,0.3784,0.2432,0.2162,0.1622,1,"Central high-volume hotspots"
"Barking and Dagenham 009C",37,51.5493295034483,0.146492296551724,0.2703,0.4595,0.1351,0.1351,1,"Central high-volume hotspots"
"Croydon 005E",37,51.4094068633333,-0.0909772633333333,0.3784,0.3514,0.2162,0.0541,1,"Central high-volume hotspots"
"Bexley 020F",37,51.4524044845679,0.122585935185185,0.2973,0.2703,0.2703,0.1622,1,"Central high-volume hotspots"
"Croydon 017C",37,51.3839888269231,-0.0808311153846154,0.4054,0.1892,0.2432,0.1622,1,"Central high-volume hotspots"
"Bexley 007D",37,51.4735609375,0.1491031875,0.2703,0.1892,0.0811,0.4595,1,"Central high-volume hotspots"
"Enfield 008D",37,51.6602428055556,-0.0818222638888889,0.2162,0.4595,0.1622,0.1622,1,"Central high-volume hotspots"
"Haringey 035B",37,51.5729740385965,-0.137085045614035,0.1892,0.1892,0.5676,0.0541,1,"Central high-volume hotspots"
"Bexley 018F",37,51.4521587888889,0.0982320111111111,0.4595,0.2162,0.2162,0.1081,1,"Central high-volume hotspots"
"Bromley 007B",37,51.4031391442308,0.0548341602564103,0.4595,0.1351,0.2703,0.1351,1,"Central high-volume hotspots"
"Havering 012B",37,51.5834711034483,0.192474459770115,0.2703,0.2703,0.2973,0.1622,1,"Central high-volume hotspots"
"Haringey 035C",37,51.5754169482759,-0.144934948275862,0.3514,0.2973,0.3243,0.027,1,"Central high-volume hotspots"
"Camden 023C",37,51.53104926,-0.1425953,0.2973,0.3243,0.2973,0.0811,1,"Central high-volume hotspots"
"Greenwich 020C",37,51.4783380178571,0.07809525,0.3514,0.2703,0.1622,0.2162,1,"Central high-volume hotspots"
"Havering 009A",37,51.5945605,0.164822384920635,0.1622,0.4324,0.2973,0.1081,1,"Central high-volume hotspots"
"Hounslow 014G",37,51.4728068125,-0.333378098214286,0.2162,0.3243,0.2432,0.2162,1,"Central high-volume hotspots"
"Hounslow 015D",37,51.4715129855072,-0.341449217391304,0.3784,0.2162,0.2973,0.1081,1,"Central high-volume hotspots"
"Bexley 014C",37,51.4703397460317,0.167864837301587,0.2703,0.5676,0.1081,0.0541,1,"Central high-volume hotspots"
"Brent 006B",37,51.577493780303,-0.28693021969697,0.1081,0.4865,0.2703,0.1351,1,"Central high-volume hotspots"
"Brent 012A",37,51.5602162833333,-0.29986725,0.2162,0.3784,0.2162,0.1892,1,"Central high-volume hotspots"
"Havering 024D",37,51.5482539935897,0.241612897435897,0.3514,0.3514,0.1622,0.1351,1,"Central high-volume hotspots"
"Wandsworth 017C",37,51.4500256227106,-0.159790708791209,0.5676,0.1351,0.1892,0.1081,1,"Central high-volume hotspots"
"Hillingdon 002E",37,51.6058853,-0.412518223611111,0.3514,0.3784,0.2162,0.0541,1,"Central high-volume hotspots"
"Merton 012E",37,51.4093689097222,-0.174769149305556,0.2973,0.5405,0.027,0.1351,1,"Central high-volume hotspots"
"Merton 014B",37,51.4066165922619,-0.149989735119048,0.2432,0.4324,0.1351,0.1892,1,"Central high-volume hotspots"
"Hackney 001B",37,51.5734642333333,-0.0755553666666667,0.5135,0.3243,0.1351,0.027,1,"Central high-volume hotspots"
"Kingston upon Thames 006C",37,51.4072812846154,-0.270491296153846,0.2432,0.4324,0.1622,0.1622,1,"Central high-volume hotspots"
"Redbridge 001F",37,51.6066608757576,0.0295100575757576,0.1892,0.4054,0.3514,0.0541,1,"Central high-volume hotspots"
"Kingston upon Thames 017A",37,51.3818924848485,-0.273035507575758,0.2162,0.5135,0.1351,0.1351,1,"Central high-volume hotspots"
"Redbridge 008C",37,51.5932893809524,0.0661259087301587,0.1081,0.5405,0.2432,0.1081,1,"Central high-volume hotspots"
"Redbridge 031A",37,51.5570895066667,0.105966453333333,0.3514,0.3243,0.2162,0.1081,1,"Central high-volume hotspots"
"Lambeth 034E",37,51.4165736586667,-0.128927874666667,0.4595,0.1892,0.2162,0.1351,1,"Central high-volume hotspots"
"Richmond upon Thames 016D",37,51.4387424084821,-0.346206508928571,0.1351,0.2162,0.5676,0.0811,1,"Central high-volume hotspots"
"Hillingdon 002C",37,51.6101203214286,-0.420330246428571,0.4324,0.3243,0.1081,0.1351,1,"Central high-volume hotspots"
"Hillingdon 008C",37,51.570002096,-0.401435552,0.2162,0.2162,0.3243,0.2432,1,"Central high-volume hotspots"
"Hillingdon 011C",37,51.56320468,-0.44438881,0.2973,0.4324,0.1892,0.0811,1,"Central high-volume hotspots"
"Croydon 009C",37,51.3993382404762,-0.109236887619048,0.1892,0.2703,0.4595,0.0811,1,"Central high-volume hotspots"
"Sutton 008F",37,51.377305235,-0.224189811666667,0.5405,0.3243,0.0811,0.0541,1,"Central high-volume hotspots"
"Sutton 011F",37,51.3630766992754,-0.132618148550725,0.1622,0.4865,0.2432,0.1081,1,"Central high-volume hotspots"
"Sutton 017A",37,51.3541772777778,-0.139671472222222,0.4595,0.4054,0.0811,0.0541,1,"Central high-volume hotspots"
"Redbridge 004A",37,51.6048499807692,0.0386314102564103,0.3514,0.3784,0.1351,0.1351,1,"Central high-volume hotspots"
"Redbridge 006A",37,51.6016127716049,0.0812323395061728,0.1892,0.4595,0.3243,0.027,1,"Central high-volume hotspots"
"Wandsworth 019D",37,51.454799859375,-0.177932125,0.3243,0.4054,0.1892,0.0811,1,"Central high-volume hotspots"
"Wandsworth 009D",37,51.462907572,-0.1526126,0.4595,0.1351,0.3243,0.0811,1,"Central high-volume hotspots"
"Wandsworth 014D",37,51.4526402105263,-0.218026307017544,0.3514,0.4865,0.1081,0.0541,1,"Central high-volume hotspots"
"Wandsworth 025B",37,51.4454999753086,-0.19913212345679,0.3243,0.2703,0.2432,0.1622,1,"Central high-volume hotspots"
"Wandsworth 019B",37,51.4545030041667,-0.186120573611111,0.6216,0.1892,0.1892,0,1,"Central high-volume hotspots"
"Wandsworth 029B",37,51.4376575763889,-0.152520229166667,0.5135,0.1081,0.2973,0.0811,1,"Central high-volume hotspots"
"Southwark 017C",37,51.4831827678571,-0.0986654642857143,0.3243,0.2703,0.2162,0.1892,1,"Central high-volume hotspots"
"Bromley 002B",36,51.4227159940476,0.0693960357142857,0.5278,0.25,0.1389,0.0833,1,"Central high-volume hotspots"
"Croydon 031E",36,51.3458179365079,-0.0986496587301587,0.4722,0.3889,0.1111,0.0278,1,"Central high-volume hotspots"
"Bromley 029E",36,51.3749161076389,0.110007729166667,0.2222,0.4167,0.2222,0.1389,1,"Central high-volume hotspots"
"Croydon 023B",36,51.3715993266667,-0.0835339066666667,0.25,0.3889,0.2222,0.1389,1,"Central high-volume hotspots"
"Bexley 029C",36,51.467516152,0.098823508,0.3056,0.4167,0.1667,0.1111,1,"Central high-volume hotspots"
"Ealing 041E",36,51.5194984848485,-0.283393310606061,0.3611,0.25,0.25,0.1389,1,"Central high-volume hotspots"
"Croydon 039C",36,51.3207917208333,-0.0641559791666667,0.25,0.6111,0.0833,0.0556,1,"Central high-volume hotspots"
"Enfield 007B",36,51.6611061984127,-0.0366912936507936,0.5556,0.2222,0.1667,0.0556,1,"Central high-volume hotspots"
"Enfield 013D",36,51.6485188636364,-0.121119693181818,0.4722,0.3056,0.1667,0.0556,1,"Central high-volume hotspots"
"Bromley 040E",36,51.4174060196078,0.0122651862745098,0.3889,0.25,0.25,0.1111,1,"Central high-volume hotspots"
"Enfield 007C",36,51.662373432,-0.042248424,0.5,0.3056,0.0833,0.1111,1,"Central high-volume hotspots"
"Bromley 033C",36,51.3687263819444,0.0457909166666667,0.4167,0.3611,0.1111,0.1111,1,"Central high-volume hotspots"
"Haringey 022D",36,51.5827415533333,-0.125935546666667,0.4444,0.4444,0.0556,0.0556,1,"Central high-volume hotspots"
"Hammersmith and Fulham 007A",36,51.5018432413793,-0.217302068965517,0.3611,0.3056,0.2778,0.0556,1,"Central high-volume hotspots"
"Harrow 032D",36,51.57395912,-0.375887506666667,0.3056,0.3611,0.3333,0,1,"Central high-volume hotspots"
"Enfield 019D",36,51.6389489166667,-0.12698483974359,0.4167,0.4722,0.0833,0.0278,1,"Central high-volume hotspots"
"Hounslow 007A",36,51.4841601070175,-0.253015529824561,0.5278,0.1944,0.1944,0.0833,1,"Central high-volume hotspots"
"Hounslow 008E",36,51.4863068514493,-0.27576609057971,0.5,0.3056,0.1389,0.0556,1,"Central high-volume hotspots"
"Bexley 006D",36,51.4794508395062,0.138081524691358,0.2778,0.4722,0.1944,0.0556,1,"Central high-volume hotspots"
"Bexley 014E",36,51.4662995451389,0.171511229166667,0.1111,0.2778,0.4722,0.1389,1,"Central high-volume hotspots"
"Barnet 003A",36,51.652898057971,-0.159606608695652,0.4722,0.2778,0.1667,0.0833,1,"Central high-volume hotspots"
"Kensington and Chelsea 002D",36,51.522883,-0.224881,0.1389,0.5278,0.1944,0.1389,1,"Central high-volume hotspots"
"Kensington and Chelsea 007E",36,51.5106470705128,-0.207137583333333,0.4444,0.1667,0.1944,0.1944,1,"Central high-volume hotspots"
"Lewisham 010C",36,51.4640320123457,-0.0444392777777778,0.25,0.4167,0.1667,0.1667,1,"Central high-volume hotspots"
"Havering 015C",36,51.5694810033333,0.23930868,0.2778,0.5278,0.0833,0.1111,1,"Central high-volume hotspots"
"Hillingdon 008D",36,51.5684404166667,-0.392859711538462,0.3611,0.3889,0.1111,0.1389,1,"Central high-volume hotspots"
"Hillingdon 008E",36,51.5726447820513,-0.409134256410256,0.4722,0.2778,0.0278,0.2222,1,"Central high-volume hotspots"
"Merton 020A",36,51.400116375,-0.231820388888889,0.25,0.4444,0.2778,0.0278,1,"Central high-volume hotspots"
"Hackney 014F",36,51.5531219301075,-0.0771162795698925,0.4444,0.3056,0.1389,0.1111,1,"Central high-volume hotspots"
"Newham 025F",36,51.5298337202381,0.045267875,0.3056,0.4167,0.1944,0.0833,1,"Central high-volume hotspots"
"Newham 032E",36,51.514772992,0.034950056,0.2778,0.3889,0.25,0.0833,1,"Central high-volume hotspots"
"Redbridge 003C",36,51.6100672971014,0.0980189260869565,0.1667,0.3889,0.3056,0.1389,1,"Central high-volume hotspots"
"Redbridge 035G",36,51.5752853269231,0.057492532051282,0.3333,0.25,0.3333,0.0833,1,"Central high-volume hotspots"
"Richmond upon Thames 011D",36,51.4522748712121,-0.348703238636364,0.4722,0.25,0.2222,0.0556,1,"Central high-volume hotspots"
"Hillingdon 002B",36,51.6051314597701,-0.41909724137931,0.2778,0.2778,0.2778,0.1667,1,"Central high-volume hotspots"
"Wandsworth 036D",36,51.4227795925926,-0.153280444444444,0.1667,0.4722,0.1944,0.1667,1,"Central high-volume hotspots"
"Southwark 032C",36,51.4521131666667,-0.0682518333333333,0.3056,0.2778,0.2778,0.1389,1,"Central high-volume hotspots"
"Newham 016C",36,51.5351750833333,0.0245210583333333,0.2778,0.3056,0.1944,0.2222,1,"Central high-volume hotspots"
"Sutton 025C",36,51.3534515075758,-0.205466275757576,0.1667,0.5556,0.1111,0.1667,1,"Central high-volume hotspots"
"Kensington and Chelsea 018A",36,51.4863697166667,-0.166559116666667,0.5278,0.1944,0.1667,0.1111,1,"Central high-volume hotspots"
"Kingston upon Thames 003C",36,51.4191164444444,-0.282318666666667,0.3611,0.3056,0.1389,0.1944,1,"Central high-volume hotspots"
"Redbridge 003B",36,51.6127656666667,0.0981243846153846,0.3889,0.3333,0.1389,0.1389,1,"Central high-volume hotspots"
"Tower Hamlets 012H",36,51.518131,-0.021762,0.3056,0.3611,0.3333,0,1,"Central high-volume hotspots"
"Wandsworth 020C",36,51.45258325,-0.205284928571429,0.3056,0.3056,0.1667,0.2222,1,"Central high-volume hotspots"
"Newham 010B",36,51.5436613126984,0.0569634523809524,0.2222,0.5,0.2222,0.0556,1,"Central high-volume hotspots"
"Sutton 003E",36,51.3796891794872,-0.214161134615385,0.3889,0.4167,0.0556,0.1389,1,"Central high-volume hotspots"
"Sutton 004C",36,51.3797552386364,-0.164195496212121,0.1111,0.6667,0.0833,0.1389,1,"Central high-volume hotspots"
"Brent 026B",35,51.5461391840278,-0.292687489583333,0.1429,0.3143,0.2571,0.2857,1,"Central high-volume hotspots"
"Bromley 002A",35,51.4263831494253,0.0755085172413793,0.4,0.2857,0.1429,0.1714,1,"Central high-volume hotspots"
"Brent 033A",35,51.5355121376812,-0.231405057971014,0.5143,0.2,0.2286,0.0571,1,"Central high-volume hotspots"
"Bromley 042A",35,51.315052826087,0.0367806920289855,0.4571,0.2,0.2286,0.1143,1,"Central high-volume hotspots"
"Bexley 029A",35,51.470900625,0.0946695892857143,0.4,0.2857,0.2286,0.0857,1,"Central high-volume hotspots"
"Harrow 022D",35,51.5825175079365,-0.384313047619048,0.2857,0.3714,0.1429,0.2,1,"Central high-volume hotspots"
"Ealing 035A",35,51.5002384924242,-0.33119553030303,0.0571,0.2571,0.5714,0.1143,1,"Central high-volume hotspots"
"Barnet 009D",35,51.6325176145833,-0.138170520833333,0.4571,0.2286,0.2571,0.0571,1,"Central high-volume hotspots"
"Ealing 031C",35,51.5054746933333,-0.294139753333333,0.2,0.3143,0.3714,0.1143,1,"Central high-volume hotspots"
"Barnet 013C",35,51.6241477530864,-0.268373814814815,0.4571,0.3143,0.1143,0.1143,1,"Central high-volume hotspots"
"Bromley 040B",35,51.42451435,0.0273458958333333,0.4,0.2857,0.2,0.1143,1,"Central high-volume hotspots"
"Harrow 001C",35,51.62320363,-0.32550141,0.4857,0.1714,0.2571,0.0857,1,"Central high-volume hotspots"
"Harrow 002A",35,51.6172617371795,-0.29121992948718,0.3714,0.3143,0.3143,0,1,"Central high-volume hotspots"
"Harrow 012B",35,51.5975998541667,-0.30822790625,0.2286,0.4286,0.2571,0.0857,1,"Central high-volume hotspots"
"Hammersmith and Fulham 008C",35,51.5005052789474,-0.247702392982456,0.5143,0.0286,0.4286,0.0286,1,"Central high-volume hotspots"
"Havering 007B",35,51.5904363680556,0.235259430555556,0.3429,0.1714,0.4286,0.0571,1,"Central high-volume hotspots"
"Havering 007E",35,51.5946082424242,0.232330367424242,0.3143,0.2286,0.3714,0.0857,1,"Central high-volume hotspots"
"Merton 021E",35,51.3934890466667,-0.22269368,0.3429,0.1714,0.2571,0.2286,1,"Central high-volume hotspots"
"Islington 012E",35,51.5511512469136,-0.0836186049382716,0.4,0.2857,0.2286,0.0857,1,"Central high-volume hotspots"
"Hammersmith and Fulham 016D",35,51.4860364285714,-0.212238738095238,0.5143,0.1143,0.2571,0.1143,1,"Central high-volume hotspots"
"Hammersmith and Fulham 019B",35,51.4789628958333,-0.207188055555556,0.4857,0.2286,0.1429,0.1429,1,"Central high-volume hotspots"
"Lambeth 019C",35,51.4530275,-0.135989388888889,0.4286,0.2571,0.2286,0.0857,1,"Central high-volume hotspots"
"Bromley 011D",35,51.4049415811594,-0.00344621304347826,0.3714,0.2286,0.2571,0.1429,1,"Central high-volume hotspots"
"Havering 027C",35,51.5366756180556,0.196083861111111,0.1714,0.4571,0.3143,0.0571,1,"Central high-volume hotspots"
"Merton 016B",35,51.4089918209877,-0.226135314814815,0.3143,0.4571,0.0857,0.1429,1,"Central high-volume hotspots"
"Merton 025A",35,51.38701336,-0.213554282666667,0.2286,0.3714,0.2857,0.1143,1,"Central high-volume hotspots"
"Newham 040B",35,51.534432942029,-0.00615590217391304,0.3714,0.3714,0.2,0.0571,1,"Central high-volume hotspots"
"Brent 005E",35,51.5750636975309,-0.259409925925926,0.3429,0.3714,0.2571,0.0286,1,"Central high-volume hotspots"
"Haringey 017B",35,51.5908447666667,-0.1572628,0.6571,0.1714,0.1143,0.0571,1,"Central high-volume hotspots"
"Kingston upon Thames 012E",35,51.3976584702381,-0.258273738095238,0.2857,0.2857,0.2857,0.1429,1,"Central high-volume hotspots"
"Kingston upon Thames 013C",35,51.3890738205128,-0.308970641025641,0.3143,0.2857,0.2857,0.1143,1,"Central high-volume hotspots"
"Redbridge 007C",35,51.6030330432099,0.0197794938271605,0.3429,0.2571,0.2857,0.1143,1,"Central high-volume hotspots"
"Redbridge 018A",35,51.5734252222222,0.0261295798611111,0.3714,0.3714,0.2,0.0571,1,"Central high-volume hotspots"
"Richmond upon Thames 006B",35,51.461061,-0.294086126666667,0.4,0.2,0.3143,0.0857,1,"Central high-volume hotspots"
"Lewisham 023C",35,51.4438154810606,0.0194070492424242,0.2,0.4,0.2286,0.1714,1,"Central high-volume hotspots"
"Lewisham 024D",35,51.4403869066667,-0.0496839866666667,0.3143,0.4286,0.0857,0.1714,1,"Central high-volume hotspots"
"Westminster 003E",35,51.527843875,-0.17663535,0.1429,0.3143,0.4857,0.0571,1,"Central high-volume hotspots"
"Croydon 009F",35,51.3940793653846,-0.106343519230769,0.2286,0.4,0.3143,0.0571,1,"Central high-volume hotspots"
"Sutton 006C",35,51.3846221956522,-0.237909710144928,0.1429,0.3143,0.4286,0.1143,1,"Central high-volume hotspots"
"Sutton 025A",35,51.34733169,-0.20247105,0.2,0.4571,0.2,0.1429,1,"Central high-volume hotspots"
"Redbridge 001B",35,51.6174185,0.0307318333333333,0.3714,0.4857,0.0286,0.1143,1,"Central high-volume hotspots"
"Waltham Forest 025A",35,51.565072375,0.000749371527777778,0.2286,0.4857,0.2286,0.0571,1,"Central high-volume hotspots"
"Wandsworth 024C",35,51.4409177628205,-0.181942,0.4,0.2571,0.2286,0.1143,1,"Central high-volume hotspots"
"Wandsworth 017D",35,51.4487698641667,-0.157455774166667,0.4,0.1714,0.3429,0.0857,1,"Central high-volume hotspots"
"Wandsworth 028C",35,51.444035974359,-0.215057493589744,0.2571,0.2286,0.3429,0.1714,1,"Central high-volume hotspots"
"Hackney 010D",35,51.5600695625,-0.060288,0.2571,0.3143,0.2,0.2286,1,"Central high-volume hotspots"
"Croydon 032A",34,51.3507744642857,-0.0114494642857143,0.2647,0.4412,0.1176,0.1765,1,"Central high-volume hotspots"
"Barnet 007F",34,51.6440512356322,-0.228106793103448,0.4118,0.2059,0.2353,0.1471,1,"Central high-volume hotspots"
"Croydon 044A",34,51.3068701363636,-0.116050928030303,0.2353,0.2647,0.3235,0.1765,1,"Central high-volume hotspots"
"Bexley 019C",34,51.45589164,0.18984948,0.1471,0.2647,0.2941,0.2941,1,"Central high-volume hotspots"
"Croydon 018C",34,51.387339173913,-0.0401849347826087,0.2647,0.2353,0.3529,0.1471,1,"Central high-volume hotspots"
"Bromley 041A",34,51.403501923913,-0.0384389239130435,0.4706,0.2353,0.1176,0.1765,1,"Central high-volume hotspots"
"Barnet 004E",34,51.6443107152778,-0.202444527777778,0.2353,0.3235,0.3529,0.0882,1,"Central high-volume hotspots"
"Barnet 009C",34,51.6297658466667,-0.13582348,0.5588,0.2353,0.1765,0.0294,1,"Central high-volume hotspots"
"Ealing 032D",34,51.5025654318182,-0.317770181818182,0.4118,0.1471,0.4118,0.0294,1,"Central high-volume hotspots"
"Bromley 007F",34,51.40820002,0.05889533,0.3824,0.2647,0.2647,0.0882,1,"Central high-volume hotspots"
"Enfield 009C",34,51.6580155217391,-0.0713395652173913,0.2941,0.3529,0.2941,0.0588,1,"Central high-volume hotspots"
"Croydon 037D",34,51.342062425,-0.1025587,0.2941,0.4706,0.1765,0.0588,1,"Central high-volume hotspots"
"Ealing 021C",34,51.5148435416667,-0.266310729166667,0.4118,0.1765,0.3529,0.0588,1,"Central high-volume hotspots"
"Harrow 005B",34,51.6066643043478,-0.332647043478261,0.2941,0.1176,0.4706,0.1176,1,"Central high-volume hotspots"
"Harrow 006E",34,51.60626986,-0.37853437,0.2941,0.2941,0.3235,0.0882,1,"Central high-volume hotspots"
"Harrow 008D",34,51.6036206785714,-0.304233410714286,0.5,0.1176,0.2353,0.1471,1,"Central high-volume hotspots"
"Bromley 007C",34,51.4193421964286,0.0504881071428571,0.3529,0.2941,0.2647,0.0882,1,"Central high-volume hotspots"
"Bromley 008D",34,51.4133463007246,0.0118741811594203,0.2941,0.2059,0.4412,0.0588,1,"Central high-volume hotspots"
"Enfield 019C",34,51.6419545034722,-0.112596590277778,0.4412,0.2647,0.2059,0.0882,1,"Central high-volume hotspots"
"Barking and Dagenham 008F",34,51.5498821875,0.1260185,0.3235,0.2941,0.2647,0.1176,1,"Central high-volume hotspots"
"Enfield 022D",34,51.6305119469697,-0.108466257575758,0.5294,0.1765,0.2353,0.0588,1,"Central high-volume hotspots"
"Barnet 001D",34,51.6611564210526,-0.202042166666667,0.3529,0.1765,0.4118,0.0588,1,"Central high-volume hotspots"
"Barnet 006C",34,51.6435637777778,-0.159510388888889,0.4412,0.3235,0.1765,0.0588,1,"Central high-volume hotspots"
"Barnet 008B",34,51.634759301282,-0.171416141025641,0.4118,0.2353,0.2353,0.1176,1,"Central high-volume hotspots"
"Barnet 038A",34,51.5690921428571,-0.202823892857143,0.3235,0.2941,0.1765,0.2059,1,"Central high-volume hotspots"
"Kensington and Chelsea 010D",34,51.5000746557971,-0.182274764492754,0.2647,0.3529,0.3529,0.0294,1,"Central high-volume hotspots"
"Ealing 005A",34,51.539018969697,-0.311806015151515,0.2941,0.2941,0.3235,0.0882,1,"Central high-volume hotspots"
"Kingston upon Thames 019C",34,51.361241695,-0.289982845,0.2059,0.3824,0.3235,0.0882,1,"Central high-volume hotspots"
"Lambeth 002A",34,51.4941816057692,-0.113731730769231,0.3824,0.2647,0.2353,0.1176,1,"Central high-volume hotspots"
"Redbridge 023E",34,51.5656623768116,0.0879354710144928,0.2059,0.4118,0.1765,0.2059,1,"Central high-volume hotspots"
"Lambeth 019B",34,51.4569000434783,-0.134041550724638,0.5882,0.1765,0.2059,0.0294,1,"Central high-volume hotspots"
"Havering 018E",34,51.5560324565217,0.281580793478261,0.4412,0.2353,0.3235,0,1,"Central high-volume hotspots"
"Camden 013D",34,51.542718375,-0.1943156875,0.3529,0.2353,0.3824,0.0294,1,"Central high-volume hotspots"
"Merton 004E",34,51.4241235493827,-0.215772987654321,0.4412,0.3235,0.2059,0.0294,1,"Central high-volume hotspots"
"Islington 002A",34,51.56671015625,-0.12743709375,0.3235,0.3824,0.2647,0.0294,1,"Central high-volume hotspots"
"Kingston upon Thames 014E",34,51.3902523484849,-0.287191560606061,0.5,0.1765,0.2059,0.1176,1,"Central high-volume hotspots"
"Merton 002C",34,51.4354334492754,-0.22058468115942,0.4118,0.2059,0.1471,0.2353,1,"Central high-volume hotspots"
"Waltham Forest 005A",34,51.6243552115385,-0.0198625769230769,0.4118,0.2353,0.2647,0.0882,1,"Central high-volume hotspots"
"Richmond upon Thames 018C",34,51.4320061847826,-0.335341297101449,0.3824,0.2647,0.3529,0,1,"Central high-volume hotspots"
"Wandsworth 019C",34,51.4518778253968,-0.183907563492063,0.5294,0.1765,0.2647,0.0294,1,"Central high-volume hotspots"
"Merton 006C",34,51.4219024583333,-0.193868983333333,0.2647,0.2353,0.3529,0.1471,1,"Central high-volume hotspots"
"Sutton 010C",34,51.3662926633333,-0.145408056666667,0.2059,0.4412,0.2647,0.0882,1,"Central high-volume hotspots"
"Sutton 014A",34,51.36598232,-0.2006248,0.2059,0.4118,0.2941,0.0882,1,"Central high-volume hotspots"
"Sutton 016D",34,51.3659189270833,-0.22781634375,0.2941,0.3235,0.2059,0.1765,1,"Central high-volume hotspots"
"Sutton 017C",34,51.3623441358025,-0.147149444444444,0.2647,0.2941,0.1765,0.2647,1,"Central high-volume hotspots"
"Wandsworth 019E",34,51.4478126481481,-0.184532972222222,0.3529,0.2353,0.3235,0.0882,1,"Central high-volume hotspots"
"Wandsworth 020E",34,51.4425120308642,-0.203204518518519,0.5588,0.2059,0.1765,0.0588,1,"Central high-volume hotspots"
"Waltham Forest 002E",34,51.6281174285714,0.000395339285714286,0.3529,0.2941,0.2353,0.1176,1,"Central high-volume hotspots"
"Wandsworth 026E",34,51.4405423645833,-0.143515159722222,0.2059,0.2353,0.2059,0.3529,1,"Central high-volume hotspots"
"Wandsworth 027C",34,51.4410872095238,-0.158260276190476,0.2353,0.2353,0.3824,0.1471,1,"Central high-volume hotspots"
"Barnet 027D",33,51.5994728152174,-0.180550902173913,0.4242,0.2727,0.2424,0.0606,1,"Central high-volume hotspots"
"Bromley 039A",33,51.3071761733333,0.0292601933333333,0.1818,0.3939,0.2424,0.1818,1,"Central high-volume hotspots"
"Bexley 024C",33,51.4370990192308,0.127846423076923,0.6061,0.0303,0.2424,0.1212,1,"Central high-volume hotspots"
"Croydon 026E",33,51.3768608933333,-0.0407475616666667,0.2727,0.5152,0.1818,0.0303,1,"Central high-volume hotspots"
"Bexley 020B",33,51.4462404625,0.133717995833333,0.2727,0.4848,0.2121,0.0303,1,"Central high-volume hotspots"
"Ealing 040A",33,51.4989688133333,-0.266934633333333,0.3333,0.3636,0.2121,0.0909,1,"Central high-volume hotspots"
"Enfield 009B",33,51.6627998974359,-0.074342108974359,0.3939,0.3636,0.1515,0.0909,1,"Central high-volume hotspots"
"Bexley 014A",33,51.4625253952381,0.162695041269841,0.1818,0.5152,0.2424,0.0606,1,"Central high-volume hotspots"
"Bexley 018D",33,51.4574058125,0.0935386458333333,0.3636,0.2727,0.3333,0.0303,1,"Central high-volume hotspots"
"Bexley 022E",33,51.4395756866667,0.10080334,0.2727,0.2727,0.2727,0.1818,1,"Central high-volume hotspots"
"Croydon 045C",33,51.398987836,-0.063592648,0.2121,0.4242,0.2727,0.0909,1,"Central high-volume hotspots"
"Richmond upon Thames 005E",33,51.4652905,-0.276075355072464,0.4848,0.2121,0.1515,0.1515,1,"Central high-volume hotspots"
"Havering 009D",33,51.5927421956522,0.171078775362319,0.2424,0.3636,0.1818,0.2121,1,"Central high-volume hotspots"
"Bromley 022A",33,51.3959716458333,0.0499469791666667,0.3636,0.303,0.1818,0.1515,1,"Central high-volume hotspots"
"Havering 010F",33,51.5893066083333,0.213938561666667,0.2121,0.5152,0.2424,0.0303,1,"Central high-volume hotspots"
"Havering 022D",33,51.5599139464286,0.233558464285714,0.2727,0.2727,0.2727,0.1818,1,"Central high-volume hotspots"
"Merton 010D",33,51.4111123787879,-0.23977603030303,0.2121,0.3636,0.3333,0.0909,1,"Central high-volume hotspots"
"Sutton 020D",33,51.3522439305556,-0.155589076388889,0.5152,0.2727,0.1212,0.0909,1,"Central high-volume hotspots"
"Kingston upon Thames 006B",33,51.4095039930556,-0.275883944444444,0.3333,0.4545,0.1515,0.0606,1,"Central high-volume hotspots"
"Kingston upon Thames 009D",33,51.397151673913,-0.302271434782609,0.303,0.3333,0.2727,0.0909,1,"Central high-volume hotspots"
"Redbridge 037E",33,51.575947280303,0.125941742424242,0.2424,0.4848,0.2121,0.0606,1,"Central high-volume hotspots"
"Merton 005B",33,51.4223565984848,-0.176444348484848,0.2727,0.2121,0.3939,0.1212,1,"Central high-volume hotspots"
"Kingston upon Thames 001D",33,51.4260530436508,-0.291359408730159,0.303,0.4242,0.1818,0.0909,1,"Central high-volume hotspots"
"Lambeth 030D",33,51.425019884058,-0.117625601449275,0.2727,0.3636,0.2121,0.1515,1,"Central high-volume hotspots"
"Richmond upon Thames 002C",33,51.4746099242424,-0.288231757575758,0.4242,0.2424,0.2121,0.1212,1,"Central high-volume hotspots"
"Richmond upon Thames 002F",33,51.4696919521739,-0.291285782608696,0.4545,0.2121,0.303,0.0303,1,"Central high-volume hotspots"
"Richmond upon Thames 003B",33,51.4702758041667,-0.247143679166667,0.3939,0.2727,0.303,0.0303,1,"Central high-volume hotspots"
"Waltham Forest 011C",33,51.5959693125,-0.0171504125,0.2424,0.3333,0.3333,0.0909,1,"Central high-volume hotspots"
"Bromley 028B",32,51.3872393492063,0.0984505238095238,0.3125,0.2812,0.3125,0.0938,1,"Central high-volume hotspots"
"Bromley 002E",32,51.4258315,0.054295568627451,0.5312,0.2812,0.1562,0.0312,1,"Central high-volume hotspots"
"Bexley 009C",32,51.47353126,0.12915488,0.4688,0.3438,0.0312,0.1562,1,"Central high-volume hotspots"
"Bromley 032E",32,51.3628490666667,0.1097945,0.125,0.5,0.2188,0.1562,1,"Central high-volume hotspots"
"Brent 030C",32,51.54144184,-0.22491348,0.4062,0.25,0.1562,0.1875,1,"Central high-volume hotspots"
"Bromley 028D",32,51.3801914166667,0.0975799166666667,0.4062,0.125,0.3438,0.125,1,"Central high-volume hotspots"
"Barnet 007E",32,51.6477687753968,-0.216838923809524,0.1875,0.3125,0.4688,0.0312,1,"Central high-volume hotspots"
"Ealing 035D",32,51.5014921944444,-0.319653180555556,0.5,0.1875,0.1875,0.125,1,"Central high-volume hotspots"
"Barnet 017C",32,51.622585887963,-0.239111309259259,0.25,0.5625,0.1875,0,1,"Central high-volume hotspots"
"Bromley 016D",32,51.4113567692308,0.0379641538461538,0.2812,0.5,0.1562,0.0625,1,"Central high-volume hotspots"
"Greenwich 039B",32,51.4939264285714,0.0757717857142857,0.125,0.375,0.1562,0.3438,1,"Central high-volume hotspots"
"Haringey 034B",32,51.576655,-0.122194611111111,0.4375,0.2812,0.1875,0.0938,1,"Central high-volume hotspots"
"Harrow 010C",32,51.5977875625,-0.2827834375,0.4688,0.2812,0.1875,0.0625,1,"Central high-volume hotspots"
"Harrow 012D",32,51.5964610238095,-0.300634376984127,0.4375,0.25,0.2812,0.0312,1,"Central high-volume hotspots"
"Bromley 024E",32,51.3913675555556,-0.0406518333333333,0.5938,0.2188,0.125,0.0625,1,"Central high-volume hotspots"
"Barnet 020E",32,51.6056543819444,-0.198781888888889,0.2812,0.375,0.3125,0.0312,1,"Central high-volume hotspots"
"Hounslow 013A",32,51.4802155,-0.408966618181818,0.2812,0.2812,0.375,0.0625,1,"Central high-volume hotspots"
"Haringey 022A",32,51.588598625,-0.124011958333333,0.375,0.3125,0.25,0.0625,1,"Central high-volume hotspots"
"Kingston upon Thames 019B",32,51.3628839347826,-0.292878956521739,0.2812,0.4375,0.1562,0.125,1,"Central high-volume hotspots"
"Lambeth 022A",32,51.4450893733333,-0.128022613333333,0.375,0.2188,0.125,0.2812,1,"Central high-volume hotspots"
"Harrow 025C",32,51.5767063115942,-0.366864724637681,0.4688,0.25,0.2188,0.0625,1,"Central high-volume hotspots"
"Havering 023A",32,51.5487588819444,0.201732888888889,0.3438,0.3438,0.2188,0.0938,1,"Central high-volume hotspots"
"Havering 029A",32,51.5235986086957,0.208656608695652,0.2812,0.4062,0.1562,0.1562,1,"Central high-volume hotspots"
"Merton 004D",32,51.4173123611111,-0.218930743055556,0.4688,0.25,0.1875,0.0938,1,"Central high-volume hotspots"
"Kensington and Chelsea 009A",32,51.4994114710145,-0.204778898550725,0.5,0.3125,0.125,0.0625,1,"Central high-volume hotspots"
"Kensington and Chelsea 011B",32,51.4945474920635,-0.198415650793651,0.2812,0.6562,0.0625,0,1,"Central high-volume hotspots"
"Kensington and Chelsea 013B",32,51.4925560036232,-0.189051507246377,0.3125,0.1562,0.375,0.1562,1,"Central high-volume hotspots"
"Kingston upon Thames 004B",32,51.4197270454545,-0.294780984848485,0.5312,0.2188,0.1875,0.0625,1,"Central high-volume hotspots"
"Kingston upon Thames 013D",32,51.387055735,-0.302538381666667,0.5625,0.0625,0.2812,0.0938,1,"Central high-volume hotspots"
"Wandsworth 031D",32,51.438792875,-0.187770741666667,0.3125,0.4375,0.125,0.125,1,"Central high-volume hotspots"
"Hillingdon 015I",32,51.5421670079365,-0.467272317460317,0.2812,0.3125,0.3438,0.0625,1,"Central high-volume hotspots"
"Southwark 029C",32,51.4521768866667,-0.0563878066666667,0.375,0.25,0.1875,0.1875,1,"Central high-volume hotspots"
"Sutton 010A",32,51.3692617375,-0.153162966666667,0.0312,0.375,0.25,0.3438,1,"Central high-volume hotspots"
"Sutton 010D",32,51.3740194035088,-0.153003881578947,0.1562,0.2812,0.375,0.1875,1,"Central high-volume hotspots"
"Sutton 017E",32,51.3540975506667,-0.145166288,0.5,0.2188,0.2188,0.0625,1,"Central high-volume hotspots"
"Sutton 018D",32,51.3580820515873,-0.202761869047619,0.2812,0.375,0.2812,0.0625,1,"Central high-volume hotspots"
"Kingston upon Thames 002D",32,51.4288511416667,-0.2631487625,0.375,0.4688,0.125,0.0312,1,"Central high-volume hotspots"
"Waltham Forest 006A",32,51.6170357,-0.0267038083333333,0.4375,0.2188,0.25,0.0938,1,"Central high-volume hotspots"
"Waltham Forest 015C",32,51.582476037037,-0.00819051851851852,0.375,0.25,0.1875,0.1875,1,"Central high-volume hotspots"
"Waltham Forest 010C",32,51.5987651805556,0.00356295833333333,0.3438,0.25,0.1562,0.25,1,"Central high-volume hotspots"
"Bexley 027A",31,51.4305131916667,0.118314475,0.4839,0.2903,0.129,0.0968,1,"Central high-volume hotspots"
"Haringey 028D",31,51.5790861833333,-0.113489291666667,0.2903,0.3548,0.2258,0.129,1,"Central high-volume hotspots"
"Ealing 013B",31,51.5235806180556,-0.310858506944444,0.3226,0.3548,0.2581,0.0645,1,"Central high-volume hotspots"
"Ealing 004B",31,51.5493192023809,-0.360061702380952,0.3226,0.2581,0.2903,0.129,1,"Central high-volume hotspots"
"Ealing 039A",31,51.4982106875,-0.309581555555556,0.3871,0.3548,0.2581,0,1,"Central high-volume hotspots"
"Croydon 041D",31,51.3246676603175,-0.11919873015873,0.4194,0.3226,0.0968,0.1613,1,"Central high-volume hotspots"
"Brent 033F",31,51.5326281944444,-0.222087541666667,0.5161,0.1935,0.1613,0.129,1,"Central high-volume hotspots"
"Brent 030D",31,51.5382244861111,-0.226319951388889,0.3871,0.3871,0.0645,0.1613,1,"Central high-volume hotspots"
"Barnet 018E",31,51.6153992103175,-0.265572658730159,0.4839,0.2903,0.1613,0.0645,1,"Central high-volume hotspots"
"Bromley 015D",31,51.4045298333333,-0.0647426304347826,0.4194,0.2258,0.1935,0.1613,1,"Central high-volume hotspots"
"Ealing 034A",31,51.50194264,-0.2562441,0.2903,0.3226,0.2258,0.1613,1,"Central high-volume hotspots"
"Hammersmith and Fulham 003A",31,51.5082736742424,-0.238680098484849,0.2903,0.2903,0.2903,0.129,1,"Central high-volume hotspots"
"Barking and Dagenham 011C",31,51.5437006944444,0.0998921388888889,0.3548,0.3226,0.2581,0.0645,1,"Central high-volume hotspots"
"Bromley 007D",31,51.4177106969697,0.0591600606060606,0.4194,0.3226,0.2581,0,1,"Central high-volume hotspots"
"Havering 007C",31,51.6008215208333,0.24947625,0.1935,0.3226,0.1613,0.3226,1,"Central high-volume hotspots"
"Enfield 026A",31,51.6272633541667,-0.0870023611111111,0.3548,0.3871,0.2581,0,1,"Central high-volume hotspots"
"Hillingdon 014D",31,51.5419755,-0.445686956521739,0.1613,0.4516,0.2903,0.0968,1,"Central high-volume hotspots"
"Islington 011J",31,51.556112375,-0.1060695,0.1935,0.5161,0.2903,0,1,"Central high-volume hotspots"
"Islington 016A",31,51.5458975454545,-0.0931512045454545,0.2903,0.3871,0.1935,0.129,1,"Central high-volume hotspots"
"Kingston upon Thames 014A",31,51.3842463888889,-0.273411347222222,0.4194,0.2258,0.1935,0.1613,1,"Central high-volume hotspots"
"Kingston upon Thames 019D",31,51.3617572708333,-0.299345666666667,0.2258,0.3871,0.129,0.2581,1,"Central high-volume hotspots"
"Harrow 029D",31,51.5732335763889,-0.338028201388889,0.2581,0.2258,0.1613,0.3548,1,"Central high-volume hotspots"
"Harrow 033I",31,51.5946608466667,-0.317692186666667,0.3226,0.3871,0.1613,0.129,1,"Central high-volume hotspots"
"Bromley 021C",31,51.3964115666667,-0.00500860416666667,0.6452,0.1613,0.0968,0.0968,1,"Central high-volume hotspots"
"Lewisham 005B",31,51.4721313611111,-0.0339424375,0.2581,0.5161,0.1935,0.0323,1,"Central high-volume hotspots"
"Lewisham 011B",31,51.4648374166667,-0.0243833787878788,0.1935,0.4516,0.129,0.2258,1,"Central high-volume hotspots"
"Hillingdon 009D",31,51.5700651515152,-0.432056265151515,0.3871,0.2258,0.2258,0.1613,1,"Central high-volume hotspots"
"Hammersmith and Fulham 023A",31,51.4709223340336,-0.188024763305322,0.129,0.3548,0.4516,0.0645,1,"Central high-volume hotspots"
"Redbridge 012D",31,51.5808302301587,0.0619794682539683,0.1613,0.2903,0.3871,0.1613,1,"Central high-volume hotspots"
"Redbridge 014F",31,51.5745546266667,0.0209188066666667,0.3871,0.2581,0.2581,0.0968,1,"Central high-volume hotspots"
"Redbridge 026B",31,51.5633351481481,0.0782928703703704,0.1935,0.4839,0.2258,0.0968,1,"Central high-volume hotspots"
"Redbridge 037B",31,51.5786552537037,0.12862037037037,0.1935,0.5806,0.1935,0.0323,1,"Central high-volume hotspots"
"Richmond upon Thames 014B",31,51.4464973560606,-0.342202704545455,0.4194,0.3871,0.129,0.0645,1,"Central high-volume hotspots"
"Richmond upon Thames 022B",31,51.425202416,-0.317059648,0.3548,0.3548,0.129,0.1613,1,"Central high-volume hotspots"
"Lewisham 016D",31,51.45186262,0.0072269,0.3871,0.2581,0.1613,0.1935,1,"Central high-volume hotspots"
"Wandsworth 011B",31,51.4583491507937,-0.228041412698413,0.4516,0.2581,0.2258,0.0645,1,"Central high-volume hotspots"
"Wandsworth 020A",31,51.4570964130435,-0.203888963768116,0.3871,0.3548,0.129,0.129,1,"Central high-volume hotspots"
"Southwark 027D",31,51.4642365520833,-0.0847589131944445,0.4194,0.4194,0.0968,0.0645,1,"Central high-volume hotspots"
"Hounslow 027C",31,51.4328961477273,-0.420966299242424,0.3871,0.3871,0.1613,0.0645,1,"Central high-volume hotspots"
"Sutton 008A",31,51.369348,-0.231402231884058,0.3871,0.2581,0.3226,0.0323,1,"Central high-volume hotspots"
"Sutton 011G",31,51.3630689285714,-0.126054142857143,0.4194,0.3548,0.0968,0.129,1,"Central high-volume hotspots"
"Kingston upon Thames 007D",31,51.405519952381,-0.25959019047619,0.3548,0.3226,0.2581,0.0645,1,"Central high-volume hotspots"
"Kingston upon Thames 008D",31,51.4089770138889,-0.261476756944444,0.3548,0.3226,0.2581,0.0645,1,"Central high-volume hotspots"
"Tower Hamlets 025E",31,51.510629,-0.039308,0.3871,0.3226,0.2903,0,1,"Central high-volume hotspots"
"Wandsworth 032D",31,51.4355455635417,-0.164917133333333,0.129,0.3226,0.4194,0.129,1,"Central high-volume hotspots"
"Lambeth 030A",31,51.431253932,-0.111621084,0.3226,0.3548,0.129,0.1935,1,"Central high-volume hotspots"
"Wandsworth 014B",31,51.4574719166667,-0.222252425438597,0.3548,0.3871,0.0968,0.1613,1,"Central high-volume hotspots"
"Sutton 003B",31,51.3779227753623,-0.217566007246377,0.1935,0.4839,0.1613,0.1613,1,"Central high-volume hotspots"
"Wandsworth 035F",31,51.4229821086956,-0.169959094202899,0.2258,0.3548,0.3548,0.0645,1,"Central high-volume hotspots"
"Brent 033D",30,51.5367035238095,-0.235136285714286,0.3333,0.4,0.1,0.1667,1,"Central high-volume hotspots"
"Bexley 020E",30,51.4583465961538,0.126537807692308,0.3,0.1667,0.2333,0.3,1,"Central high-volume hotspots"
"Greenwich 023B",30,51.4602868804348,0.0620094673913043,0.3,0.3667,0.2,0.1333,1,"Central high-volume hotspots"
"Greenwich 038E",30,51.475588375,-0.01252725,0.4667,0.1667,0.2333,0.1333,1,"Central high-volume hotspots"
"Croydon 002E",30,51.4206424333333,-0.10269025,0.2333,0.4667,0.1,0.2,1,"Central high-volume hotspots"
"Ealing 019B",30,51.5186946363636,-0.320147113636364,0.4667,0.3333,0.1,0.1,1,"Central high-volume hotspots"
"Bromley 021E",30,51.3889552753623,-0.00252909420289855,0.4333,0.2667,0.0667,0.2333,1,"Central high-volume hotspots"
"Brent 008A",30,51.5668817017544,-0.323883333333333,0.3667,0.3333,0.2333,0.0667,1,"Central high-volume hotspots"
"Greenwich 032D",30,51.434062442029,0.0724656304347826,0.3333,0.4,0.1667,0.1,1,"Central high-volume hotspots"
"Greenwich 034A",30,51.4622719659091,0.0191438977272727,0.3,0.3667,0.3333,0,1,"Central high-volume hotspots"
"Ealing 019C",30,51.5192739666667,-0.309063213333333,0.4333,0.3,0.1333,0.1333,1,"Central high-volume hotspots"
"Harrow 003D",30,51.6096796666667,-0.326417068181818,0.3333,0.3,0.3,0.0667,1,"Central high-volume hotspots"
"Havering 008E",30,51.600649969697,0.182745878787879,0.3333,0.3333,0.1667,0.1667,1,"Central high-volume hotspots"
"Enfield 017C",30,51.6431279551282,-0.105651865384615,0.5667,0.1667,0.2333,0.0333,1,"Central high-volume hotspots"
"Enfield 028A",30,51.6288760520833,-0.1267731875,0.4667,0.2667,0.1333,0.1333,1,"Central high-volume hotspots"
"Bexley 020C",30,51.4538721847826,0.131125423913043,0.4,0.2667,0.1667,0.1667,1,"Central high-volume hotspots"
"Barnet 014F",30,51.6205236590909,-0.278635977272727,0.4,0.3667,0.1333,0.1,1,"Central high-volume hotspots"
"Greenwich 008A",30,51.4873472625,0.1125265375,0.2333,0.5,0.2,0.0667,1,"Central high-volume hotspots"
"Croydon 006A",30,51.4055882727273,-0.0940378409090909,0.4333,0.4,0.0333,0.1333,1,"Central high-volume hotspots"
"Brent 007A",30,51.5740212666667,-0.307741072222222,0.2333,0.3333,0.4,0.0333,1,"Central high-volume hotspots"
"Ealing 002B",30,51.5493158571429,-0.320373428571429,0.3,0.3,0.3,0.1,1,"Central high-volume hotspots"
"Haringey 021D",30,51.5840998245614,-0.140811,0.6333,0.0333,0.1667,0.1667,1,"Central high-volume hotspots"
"Harrow 019A",30,51.580888625,-0.368129111111111,0.4,0.2333,0.2,0.1667,1,"Central high-volume hotspots"
"Harrow 027C",30,51.5705386,-0.355478458333333,0.4667,0.3333,0.2,0,1,"Central high-volume hotspots"
"Richmond upon Thames 008C",30,51.457945525,-0.29777485,0.3,0.2,0.2,0.3,1,"Central high-volume hotspots"
"Havering 019C",30,51.5618255789474,0.249814368421053,0.6333,0.0667,0.1333,0.1667,1,"Central high-volume hotspots"
"Havering 022C",30,51.55241694,0.231750133333333,0.3667,0.2333,0.2,0.2,1,"Central high-volume hotspots"
"Havering 030D",30,51.5129342608696,0.202016507246377,0.2667,0.4333,0.1333,0.1667,1,"Central high-volume hotspots"
"Hounslow 001E",30,51.4906826904762,-0.248175571428571,0.5333,0.2333,0.2,0.0333,1,"Central high-volume hotspots"
"Hammersmith and Fulham 018D",30,51.4788448055556,-0.218884944444444,0.3,0.4,0.2667,0.0333,1,"Central high-volume hotspots"
"Brent 006C",30,51.5790274916667,-0.2893107,0.2667,0.4667,0.1667,0.1,1,"Central high-volume hotspots"
"Haringey 014A",30,51.5944152361111,-0.138223726851852,0.5333,0.1333,0.3,0.0333,1,"Central high-volume hotspots"
"Redbridge 035F",30,51.567442,0.062612,0.2,0.5333,0.1333,0.1333,1,"Central high-volume hotspots"
"Redbridge 036E",30,51.5908216259259,0.0579625074074074,0.1667,0.5667,0.2333,0.0333,1,"Central high-volume hotspots"
"Richmond upon Thames 003F",30,51.4666028478261,-0.252512043478261,0.5667,0.2,0.1333,0.1,1,"Central high-volume hotspots"
"Richmond upon Thames 015A",30,51.442611280303,-0.346406757575758,0.2,0.2667,0.3,0.2333,1,"Central high-volume hotspots"
"Southwark 035E",30,51.5023253333333,-0.0727056825396825,0.5333,0.2,0.1333,0.1333,1,"Central high-volume hotspots"
"Lewisham 037B",30,51.4277082,0.0134845666666667,0.2333,0.5,0.2,0.0667,1,"Central high-volume hotspots"
"Hillingdon 003A",30,51.6128846195652,-0.489367489130435,0.2667,0.1667,0.5,0.0667,1,"Central high-volume hotspots"
"Merton 006D",30,51.4216057301587,-0.189987341269841,0.3667,0.4,0.1667,0.0667,1,"Central high-volume hotspots"
"Westminster 016D",30,51.5149999230769,-0.180940769230769,0.5333,0.3333,0.1,0.0333,1,"Central high-volume hotspots"
"Croydon 044E",29,51.2998786521739,-0.111217949275362,0.2759,0.3448,0.2414,0.1379,1,"Central high-volume hotspots"
"Bexley 024B",29,51.4386627301587,0.123955317460317,0.1034,0.3448,0.4138,0.1379,1,"Central high-volume hotspots"
"Bromley 032D",29,51.3699563070175,0.107442157894737,0.4138,0.0345,0.3103,0.2414,1,"Central high-volume hotspots"
"Ealing 018F",29,51.522657825,-0.318307591666667,0.5862,0.069,0.2069,0.1379,1,"Central high-volume hotspots"
"Croydon 042A",29,51.3228560181159,-0.0974031666666667,0.3448,0.2759,0.2759,0.1034,1,"Central high-volume hotspots"
"Croydon 043C",29,51.31991805,-0.154795491666667,0.4483,0.3103,0.1724,0.069,1,"Central high-volume hotspots"
"Bexley 017B",29,51.4565626304348,0.166822746376812,0.2069,0.3448,0.2414,0.2069,1,"Central high-volume hotspots"
"Bromley 039B",29,51.306336375,0.0222684166666667,0.1724,0.3103,0.4138,0.1034,1,"Central high-volume hotspots"
"Greenwich 020B",29,51.4728131521739,0.0708354130434783,0.4828,0.1724,0.1379,0.2069,1,"Central high-volume hotspots"
"Enfield 009A",29,51.6612485614035,-0.0690697719298246,0.4828,0.2759,0.1034,0.1379,1,"Central high-volume hotspots"
"Brent 004D",29,51.5779854351852,-0.308573611111111,0.5517,0.1034,0.2414,0.1034,1,"Central high-volume hotspots"
"Harrow 033C",29,51.5902364210526,-0.322958649122807,0.3448,0.4828,0.1379,0.0345,1,"Central high-volume hotspots"
"Havering 008D",29,51.587071557971,0.183787775362319,0.3448,0.2759,0.3103,0.069,1,"Central high-volume hotspots"
"Havering 015A",29,51.5771259456522,0.223515347826087,0.3103,0.2759,0.3793,0.0345,1,"Central high-volume hotspots"
"Hackney 003B",29,51.567553975,-0.0803018,0.4828,0.3448,0.0345,0.1379,1,"Central high-volume hotspots"
"Hillingdon 009C",29,51.5605434444444,-0.417539865079365,0.1724,0.4138,0.3448,0.069,1,"Central high-volume hotspots"
"Merton 020B",29,51.3983626894737,-0.226493521052632,0.3103,0.1379,0.4828,0.069,1,"Central high-volume hotspots"
"Richmond upon Thames 009C",29,51.4535935238095,-0.315813841269841,0.4138,0.2069,0.2759,0.1034,1,"Central high-volume hotspots"
"Hillingdon 007C",29,51.5779226166667,-0.414692766666667,0.3448,0.2069,0.3103,0.1379,1,"Central high-volume hotspots"
"Hillingdon 009B",29,51.5684518522727,-0.420695454545455,0.3793,0.1724,0.2414,0.2069,1,"Central high-volume hotspots"
"Wandsworth 030A",29,51.4327239019608,-0.15644506372549,0.1379,0.2759,0.4828,0.1034,1,"Central high-volume hotspots"
"Merton 004B",29,51.4208631521739,-0.209942782608696,0.4138,0.2069,0.3103,0.069,1,"Central high-volume hotspots"
"Southwark 013E",29,51.4911608245614,-0.0718070701754386,0.1379,0.5172,0.3103,0.0345,1,"Central high-volume hotspots"
"Newham 011B",29,51.5447414603175,0.040615119047619,0.4483,0.3103,0.1034,0.1379,1,"Central high-volume hotspots"
"Sutton 011D",29,51.3663622826087,-0.137990304347826,0.3103,0.2759,0.2759,0.1379,1,"Central high-volume hotspots"
"Sutton 011E",29,51.3672988968254,-0.126103595238095,0.1034,0.5517,0.1379,0.2069,1,"Central high-volume hotspots"
"Sutton 012E",29,51.3715768552632,-0.188889798245614,0.4828,0.3103,0.069,0.1379,1,"Central high-volume hotspots"
"Newham 042H",29,51.499716775,0.029865,0.1724,0.5172,0.1724,0.1379,1,"Central high-volume hotspots"
"Kingston upon Thames 002B",29,51.4162960625,-0.252243958333333,0.3793,0.2069,0.1724,0.2414,1,"Central high-volume hotspots"
"Wandsworth 009C",29,51.4630375666667,-0.159628594444444,0.3793,0.1034,0.3448,0.1724,1,"Central high-volume hotspots"
"Croydon 034A",28,51.3467594603175,-0.0396549523809524,0.25,0.3929,0.25,0.1071,1,"Central high-volume hotspots"
"Bromley 031A",28,51.371221,0.0677458863636364,0.3214,0.3929,0.1786,0.1071,1,"Central high-volume hotspots"
"Greenwich 023A",28,51.4605318114035,0.0647986798245614,0.4286,0.2143,0.1786,0.1786,1,"Central high-volume hotspots"
"Bromley 034C",28,51.3652345,0.00429043650793651,0.4286,0.2143,0.1786,0.1786,1,"Central high-volume hotspots"
"Barnet 008A",28,51.6388038181818,-0.17765375,0.2857,0.3571,0.2857,0.0714,1,"Central high-volume hotspots"
"Barking and Dagenham 009D",28,51.547098712963,0.153180074074074,0.3571,0.6071,0.0357,0,1,"Central high-volume hotspots"
"Bromley 018E",28,51.3987235434783,0.010928615942029,0.5714,0.1429,0.1786,0.1071,1,"Central high-volume hotspots"
"Bexley 011A",28,51.4690427857143,0.144841928571429,0.2143,0.5,0.25,0.0357,1,"Central high-volume hotspots"
"Hackney 025G",28,51.5373435,-0.0769465,0.4643,0.2143,0.2143,0.1071,1,"Central high-volume hotspots"
"Harrow 008B",28,51.60215085,-0.3103929,0.4286,0.4286,0.1071,0.0357,1,"Central high-volume hotspots"
"Havering 025D",28,51.5458850769231,0.214295326923077,0.4286,0.2143,0.1786,0.1786,1,"Central high-volume hotspots"
"Enfield 028B",28,51.6261421349206,-0.116397492063492,0.6429,0.0714,0.1071,0.1786,1,"Central high-volume hotspots"
"Bexley 005A",28,51.4857340964912,0.151120324561404,0.25,0.3214,0.3571,0.0714,1,"Central high-volume hotspots"
"Hackney 006C",28,51.5672018066667,-0.0645559466666667,0.3214,0.2857,0.2857,0.1071,1,"Central high-volume hotspots"
"Brent 008E",28,51.5694984780702,-0.312931592105263,0.3571,0.4286,0.1429,0.0714,1,"Central high-volume hotspots"
"Haringey 009C",28,51.6001193882353,-0.127863476470588,0.3929,0.25,0.3571,0,1,"Central high-volume hotspots"
"Haringey 017C",28,51.58934125,-0.153453555555556,0.5714,0.2143,0.1071,0.1071,1,"Central high-volume hotspots"
"Ealing 003A",28,51.5519824649123,-0.356430921052632,0.2857,0.2857,0.2143,0.2143,1,"Central high-volume hotspots"
"Kingston upon Thames 014C",28,51.3865426956522,-0.276663956521739,0.3214,0.3571,0.0714,0.25,1,"Central high-volume hotspots"
"Lewisham 007E",28,51.4676078952381,-0.00475834285714286,0.2143,0.5714,0.1429,0.0714,1,"Central high-volume hotspots"
"Greenwich 016C",28,51.4791091315789,0.0147146578947368,0.2857,0.3929,0.25,0.0714,1,"Central high-volume hotspots"
"Merton 025C",28,51.3871859473684,-0.226297373684211,0.1786,0.3929,0.2143,0.2143,1,"Central high-volume hotspots"
"Hounslow 019E",28,51.467522173913,-0.345328326086957,0.2857,0.4286,0.2143,0.0714,1,"Central high-volume hotspots"
"Newham 025A",28,51.5288823508772,0.0413396052631579,0.3214,0.25,0.3214,0.1071,1,"Central high-volume hotspots"
"Redbridge 015A",28,51.577319868421,0.0738991578947368,0.3571,0.4643,0.1429,0.0357,1,"Central high-volume hotspots"
"Redbridge 015C",28,51.5814968375,0.06958585,0.1786,0.4643,0.2143,0.1429,1,"Central high-volume hotspots"
"Redbridge 027B",28,51.5647399517544,0.0227877675438596,0.5714,0.1786,0.1071,0.1429,1,"Central high-volume hotspots"
"Redbridge 036B",28,51.5781632916667,0.05164628125,0.1071,0.5,0.25,0.1429,1,"Central high-volume hotspots"
"Lambeth 026D",28,51.4414401363636,-0.133532439393939,0.5,0.2857,0.1786,0.0357,1,"Central high-volume hotspots"
"Richmond upon Thames 023D",28,51.4205330648148,-0.378778203703704,0.3571,0.2857,0.2857,0.0714,1,"Central high-volume hotspots"
"Newham 042D",28,51.501181,0.02766,0.3214,0.4286,0.0357,0.2143,1,"Central high-volume hotspots"
"Merton 011D",28,51.4136209,-0.22101165,0.6071,0.1786,0.1071,0.1071,1,"Central high-volume hotspots"
"Westminster 024A",28,51.4857684705882,-0.141483,0.2143,0.2857,0.5,0,1,"Central high-volume hotspots"
"Sutton 020E",28,51.3509867246377,-0.148401094202899,0.3571,0.3214,0.1429,0.1786,1,"Central high-volume hotspots"
"Sutton 021B",28,51.3515355454545,-0.192355227272727,0.1786,0.2143,0.5,0.1071,1,"Central high-volume hotspots"
"Sutton 025D",28,51.3396980714286,-0.213117761904762,0.0714,0.7143,0.1071,0.1071,1,"Central high-volume hotspots"
"Kingston upon Thames 002A",28,51.4196985745614,-0.268765820175439,0.5357,0.0714,0.2857,0.1071,1,"Central high-volume hotspots"
"Kingston upon Thames 008E",28,51.3954538958333,-0.267984020833333,0.3214,0.2143,0.25,0.2143,1,"Central high-volume hotspots"
"Waltham Forest 008C",28,51.6066188981481,-0.00651221296296296,0.2143,0.2143,0.3929,0.1786,1,"Central high-volume hotspots"
"Westminster 002E",28,51.530263,-0.186474,0.1786,0.1429,0.5714,0.1071,1,"Central high-volume hotspots"
"Waltham Forest 016F",28,51.5766733409091,-0.0199219090909091,0.3929,0.1429,0.3214,0.1429,1,"Central high-volume hotspots"
"Croydon 043B",27,51.3200431315789,-0.144421552631579,0.1111,0.4815,0.2963,0.1111,1,"Central high-volume hotspots"
"Bromley 030E",27,51.3756826428571,-0.00555203571428571,0.5185,0.2593,0.1111,0.1111,1,"Central high-volume hotspots"
"Croydon 033B",27,51.3558566363636,-0.0659911818181818,0.4444,0.3704,0.1852,0,1,"Central high-volume hotspots"
"Croydon 033D",27,51.34582190625,-0.07152475,0.4444,0.2222,0.2222,0.1111,1,"Central high-volume hotspots"
"Barking and Dagenham 016C",27,51.5425396973684,0.081389802631579,0.1852,0.5185,0.2222,0.0741,1,"Central high-volume hotspots"
"Ealing 016F",27,51.5199792416667,-0.34496995,0.1852,0.4815,0.2593,0.0741,1,"Central high-volume hotspots"
"Barnet 014E",27,51.6183707941176,-0.283368754901961,0.4074,0.2963,0.1481,0.1481,1,"Central high-volume hotspots"
"Greenwich 035H",27,51.4789578277311,-0.0167623109243697,0.2593,0.1481,0.5556,0.037,1,"Central high-volume hotspots"
"Brent 022A",27,51.5432356833333,-0.230154541666667,0.5556,0.1852,0.1852,0.0741,1,"Central high-volume hotspots"
"Barnet 025B",27,51.600383525,-0.206728875,0.3704,0.3333,0.2222,0.0741,1,"Central high-volume hotspots"
"Bexley 020D",27,51.4516844912281,0.137387877192982,0.2222,0.3704,0.2963,0.1111,1,"Central high-volume hotspots"
"Harrow 009D",27,51.6068912552083,-0.393426796875,0.5556,0.1481,0.2222,0.0741,1,"Central high-volume hotspots"
"Ealing 042B",27,51.512604,-0.306155727272727,0.3704,0.2963,0.2593,0.0741,1,"Central high-volume hotspots"
"Bromley 013A",27,51.4063852407407,-0.0463622962962963,0.1852,0.4074,0.3333,0.0741,1,"Central high-volume hotspots"
"Enfield 022C",27,51.6374396095238,-0.104593425396825,0.4815,0.2222,0.2222,0.0741,1,"Central high-volume hotspots"
"Barnet 020C",27,51.61098,-0.188293931818182,0.4444,0.2222,0.2963,0.037,1,"Central high-volume hotspots"
"Greenwich 007F",27,51.4961645686275,0.0792483921568627,0.2593,0.6296,0.037,0.0741,1,"Central high-volume hotspots"
"Hackney 004E",27,51.57061425,-0.0663660151515151,0.2963,0.2593,0.2222,0.2222,1,"Central high-volume hotspots"
"Kingston upon Thames 014D",27,51.3896195277778,-0.275472472222222,0.4815,0.1481,0.2963,0.0741,1,"Central high-volume hotspots"
"Kingston upon Thames 020D",27,51.3606013529412,-0.310623720588235,0.2963,0.2963,0.1852,0.2222,1,"Central high-volume hotspots"
"Harrow 017A",27,51.5875492063492,-0.286875174603175,0.2593,0.4074,0.1111,0.2222,1,"Central high-volume hotspots"
"Camden 004D",27,51.5599641754386,-0.191103394736842,0.5926,0.1852,0.1481,0.0741,1,"Central high-volume hotspots"
"Merton 002D",27,51.4293838611111,-0.214652662037037,0.1481,0.2593,0.5556,0.037,1,"Central high-volume hotspots"
"Merton 025D",27,51.3832398409091,-0.221424636363636,0.4074,0.1481,0.1852,0.2593,1,"Central high-volume hotspots"
"Kingston upon Thames 007A",27,51.4037498695652,-0.255171804347826,0.4815,0.2593,0.2222,0.037,1,"Central high-volume hotspots"
"Redbridge 022D",27,51.5694563571429,0.114906761904762,0.4074,0.1481,0.2222,0.2222,1,"Central high-volume hotspots"
"Richmond upon Thames 020A",27,51.4233582416667,-0.378971025,0.3704,0.2593,0.2963,0.0741,1,"Central high-volume hotspots"
"Hillingdon 010B",27,51.5646166666667,-0.40679485,0.3704,0.3333,0.1852,0.1111,1,"Central high-volume hotspots"
"Southwark 030B",27,51.4554875,-0.0735466428571429,0.6296,0.1852,0.1481,0.037,1,"Central high-volume hotspots"
"Sutton 025E",27,51.3462665964912,-0.211743315789474,0.2222,0.2222,0.3333,0.2222,1,"Central high-volume hotspots"
"Newham 041B",27,51.5006455530303,0.071935,0.2593,0.3704,0.2222,0.1481,1,"Central high-volume hotspots"
"Wandsworth 026B",27,51.4432563409091,-0.148005522727273,0.2963,0.2593,0.3704,0.0741,1,"Central high-volume hotspots"
"Southwark 001E",27,51.5045458009259,-0.0401162268518519,0.1111,0.3704,0.4444,0.0741,1,"Central high-volume hotspots"
"Bexley 022A",26,51.4498008666667,0.0948792055555556,0.2308,0.2308,0.3462,0.1923,1,"Central high-volume hotspots"
"Bexley 023E",26,51.4437877936508,0.143898523809524,0.3846,0.1923,0.3077,0.1154,1,"Central high-volume hotspots"
"Bexley 027C",26,51.4337981052632,0.12631601754386,0.3846,0.1154,0.4231,0.0769,1,"Central high-volume hotspots"
"Ealing 019D",26,51.5172094565217,-0.315972891304348,0.5,0.1154,0.2692,0.1154,1,"Central high-volume hotspots"
"Croydon 043A",26,51.306064,-0.140892476190476,0.2308,0.2692,0.2308,0.2692,1,"Central high-volume hotspots"
"Enfield 005A",26,51.66739234,-0.069315875,0.3077,0.1538,0.4615,0.0769,1,"Central high-volume hotspots"
"Ealing 034C",26,51.4996219210526,-0.261959973684211,0.3846,0.1923,0.2692,0.1538,1,"Central high-volume hotspots"
"Croydon 035B",26,51.33403928125,-0.0891743125,0.3846,0.3077,0.2692,0.0385,1,"Central high-volume hotspots"
"Croydon 039B",26,51.3235381842105,-0.0680942105263158,0.3077,0.5385,0.0769,0.0769,1,"Central high-volume hotspots"
"Bexley 009F",26,51.4734471,0.117965475,0.4615,0.3077,0.1538,0.0769,1,"Central high-volume hotspots"
"Bexley 017E",26,51.4537741111111,0.162649111111111,0.1923,0.2692,0.2308,0.3077,1,"Central high-volume hotspots"
"Croydon 021C",26,51.3820232631579,-0.065539947368421,0.2308,0.3846,0.3077,0.0769,1,"Central high-volume hotspots"
"Harrow 032E",26,51.5716383529412,-0.380093333333333,0.6154,0.2692,0.0385,0.0769,1,"Central high-volume hotspots"
"Bromley 023D",26,51.390306775,0.09463925,0.5769,0.1154,0.0769,0.2308,1,"Central high-volume hotspots"
"Greenwich 029D",26,51.4481711578947,0.0270831140350877,0.4615,0.3462,0.0769,0.1154,1,"Central high-volume hotspots"
"Kingston upon Thames 014B",26,51.3868167272727,-0.283186545454545,0.5769,0.1154,0.2308,0.0769,1,"Central high-volume hotspots"
"Lambeth 013D",26,51.4641706315789,-0.147526078947368,0.4615,0.2308,0.3077,0,1,"Central high-volume hotspots"
"Harrow 019D",26,51.5867242272727,-0.37017925,0.4615,0.1538,0.3462,0.0385,1,"Central high-volume hotspots"
"Havering 025E",26,51.5526511470588,0.223648632352941,0.5,0.3846,0.0769,0.0385,1,"Central high-volume hotspots"
"Enfield 036C",26,51.6112667416667,-0.118758483333333,0.5385,0.1154,0.2308,0.1154,1,"Central high-volume hotspots"
"Camden 016D",26,51.542187,-0.184746,0.5,0.2308,0.1538,0.1154,1,"Central high-volume hotspots"
"Merton 010C",26,51.412806942029,-0.235526949275362,0.2308,0.4231,0.1538,0.1923,1,"Central high-volume hotspots"
"Hammersmith and Fulham 020E",26,51.4749138636364,-0.192864681818182,0.5769,0.1538,0.0385,0.2308,1,"Central high-volume hotspots"
"Hammersmith and Fulham 025D",26,51.4677697083333,-0.189500652777778,0.3077,0.3077,0.3077,0.0769,1,"Central high-volume hotspots"
"Redbridge 007D",26,51.6021457631579,0.0287357631578947,0.4615,0.2692,0.2692,0,1,"Central high-volume hotspots"
"Richmond upon Thames 019B",26,51.4300328571429,-0.360371904761905,0.3462,0.3077,0.1923,0.1538,1,"Central high-volume hotspots"
"Lewisham 029C",26,51.4354689473684,-0.0325870087719298,0.4615,0.4231,0.0385,0.0769,1,"Central high-volume hotspots"
"Wandsworth 010G",26,51.4612811590909,-0.2063325,0.5,0.1923,0.1923,0.1154,1,"Central high-volume hotspots"
"Hillingdon 006A",26,51.5729944848485,-0.388758204545455,0.3462,0.3077,0.2692,0.0769,1,"Central high-volume hotspots"
"Southwark 027E",26,51.4669678166667,-0.0884805833333333,0.5769,0.0385,0.2692,0.1154,1,"Central high-volume hotspots"
"Kingston upon Thames 010D",26,51.3989899,-0.292030325,0.3846,0.3077,0.1538,0.1538,1,"Central high-volume hotspots"
"Sutton 007D",26,51.3753838174603,-0.184826992063492,0.3462,0.3846,0.0769,0.1923,1,"Central high-volume hotspots"
"Waltham Forest 003C",26,51.6157685217391,0.00659810869565217,0.3846,0.3077,0.1154,0.1923,1,"Central high-volume hotspots"
"Kingston upon Thames 001C",26,51.4244610686275,-0.298467509803922,0.1923,0.2692,0.5,0.0385,1,"Central high-volume hotspots"
"Kingston upon Thames 008C",26,51.4045892254902,-0.265510098039216,0.1923,0.2692,0.5,0.0385,1,"Central high-volume hotspots"
"Tower Hamlets 030B",26,51.4931478421053,-0.00618538596491228,0.2692,0.2308,0.3846,0.1154,1,"Central high-volume hotspots"
"Wandsworth 032A",26,51.4285477627451,-0.156359096078431,0.3846,0.3077,0.2308,0.0769,1,"Central high-volume hotspots"
"Sutton 003D",26,51.3830501363636,-0.203612818181818,0.2692,0.4231,0.1923,0.1154,1,"Central high-volume hotspots"
"Bromley 029B",25,51.3841188859649,0.115518938596491,0.32,0.28,0.12,0.28,1,"Central high-volume hotspots"
"Greenwich 021D",25,51.4660104210526,0.0120284210526316,0.32,0.12,0.4,0.16,1,"Central high-volume hotspots"
"Bromley 030C",25,51.3816215,-0.00353594117647059,0.44,0.28,0.12,0.16,1,"Central high-volume hotspots"
"Brent 016A",25,51.5611891388889,-0.325675,0.28,0.48,0.16,0.08,1,"Central high-volume hotspots"
"Bromley 037C",25,51.3573002608696,0.0918909565217391,0.32,0.24,0.28,0.16,1,"Central high-volume hotspots"
"Bromley 010B",25,51.3977895098039,0.0915909333333333,0.2,0.4,0.24,0.16,1,"Central high-volume hotspots"
"Hammersmith and Fulham 009D",25,51.4958993137255,-0.233348509803922,0.36,0.2,0.28,0.16,1,"Central high-volume hotspots"
"Bromley 024B",25,51.3984207368421,-0.0330899736842105,0.36,0.44,0.08,0.12,1,"Central high-volume hotspots"
"Harrow 009C",25,51.6022292058824,-0.390661117647059,0.36,0.2,0.36,0.08,1,"Central high-volume hotspots"
"Harrow 012C",25,51.5947794019608,-0.306388176470588,0.36,0.4,0.2,0.04,1,"Central high-volume hotspots"
"Harrow 033A",25,51.591914875,-0.30459805,0.48,0.28,0.16,0.08,1,"Central high-volume hotspots"
"Barnet 001B",25,51.6558664895833,-0.212842041666667,0.56,0.2,0.2,0.04,1,"Central high-volume hotspots"
"Barnet 007D",25,51.631666375,-0.183969574074074,0.4,0.2,0.12,0.28,1,"Central high-volume hotspots"
"Barnet 016C",25,51.620784625,-0.247320109375,0.28,0.24,0.44,0.04,1,"Central high-volume hotspots"
"Bromley 025B",25,51.3877934912281,0.0828293421052632,0.4,0.08,0.44,0.08,1,"Central high-volume hotspots"
"Croydon 018E",25,51.379684127451,-0.0505864068627451,0.24,0.36,0.36,0.04,1,"Central high-volume hotspots"
"Kensington and Chelsea 009D",25,51.5045099561404,-0.207368644736842,0.6,0.24,0.12,0.04,1,"Central high-volume hotspots"
"Hammersmith and Fulham 022C",25,51.4751228636364,-0.211587386363636,0.44,0.2,0.36,0,1,"Central high-volume hotspots"
"Kingston upon Thames 020A",25,51.3651703333333,-0.306621456140351,0.24,0.28,0.24,0.24,1,"Central high-volume hotspots"
"Harrow 025A",25,51.57735775,-0.377257933333333,0.32,0.6,0.04,0.04,1,"Central high-volume hotspots"
"Waltham Forest 004B",25,51.6232051944444,-0.000425138888888889,0.32,0.44,0.12,0.12,1,"Central high-volume hotspots"
"Lewisham 008F",25,51.4730256666667,-0.0215103333333333,0.56,0.28,0.12,0.04,1,"Central high-volume hotspots"
"Havering 021E",25,51.5599939907407,0.198406037037037,0.2,0.52,0.2,0.08,1,"Central high-volume hotspots"
"Havering 027B",25,51.5400735,0.196703738095238,0.2,0.52,0.16,0.12,1,"Central high-volume hotspots"
"Merton 001C",25,51.4320771823529,-0.203690174509804,0.32,0.48,0.16,0.04,1,"Central high-volume hotspots"
"Redbridge 037C",25,51.5770533425926,0.11966062962963,0.2,0.36,0.24,0.2,1,"Central high-volume hotspots"
"Harrow 024D",25,51.5812051842105,-0.360488184210526,0.4,0.2,0.24,0.16,1,"Central high-volume hotspots"
"Richmond upon Thames 007B",25,51.4542961578947,-0.319704921052632,0.4,0.36,0.24,0,1,"Central high-volume hotspots"
"Wandsworth 031A",25,51.4367808157895,-0.184082631578947,0.6,0.16,0.08,0.16,1,"Central high-volume hotspots"
"Hillingdon 018C",25,51.5312814649123,-0.416722052631579,0.28,0.4,0.24,0.08,1,"Central high-volume hotspots"
"Hackney 007F",25,51.562784275,-0.0965576,0.28,0.56,0.08,0.08,1,"Central high-volume hotspots"
"Sutton 009A",25,51.3683357894737,-0.215064052631579,0.2,0.36,0.28,0.16,1,"Central high-volume hotspots"
"Uttlesford 006E",25,51.8860549047619,0.256839317460317,0.64,0.12,0,0.24,1,"Central high-volume hotspots"
"Newham 004B",25,51.550416,0.052985,0.2,0.48,0.16,0.16,1,"Central high-volume hotspots"
"Croydon 040A",24,51.32450085,-0.107849166666667,0.3333,0.0833,0.4583,0.125,1,"Central high-volume hotspots"
"Croydon 035E",24,51.3406957222222,-0.0831967222222222,0.5,0.375,0.0833,0.0417,1,"Central high-volume hotspots"
"Bromley 007A",24,51.408871754902,0.0439993235294118,0.4583,0.3333,0.125,0.0833,1,"Central high-volume hotspots"
"Ealing 013D",24,51.5257096617647,-0.306790588235294,0.625,0.1667,0.0833,0.125,1,"Central high-volume hotspots"
"Croydon 042D",24,51.3300757647059,-0.0955660294117647,0.5833,0.2917,0.0417,0.0833,1,"Central high-volume hotspots"
"Croydon 037F",24,51.3352073703704,-0.107095092592593,0.1667,0.5,0.2083,0.125,1,"Central high-volume hotspots"
"Bromley 027C",24,51.38095183125,0.0049621,0.375,0.0833,0.4167,0.125,1,"Central high-volume hotspots"
"Croydon 033C",24,51.3514762314815,-0.0613441574074074,0.5,0.2917,0.125,0.0833,1,"Central high-volume hotspots"
"Ealing 032B",24,51.5049736602564,-0.314641153846154,0.4583,0.1667,0.375,0,1,"Central high-volume hotspots"
"Ealing 039D",24,51.4934195,-0.310663647058824,0.25,0,0.5,0.25,1,"Central high-volume hotspots"
"Bexley 009B",24,51.4687761578947,0.127169903508772,0.4583,0.25,0.2083,0.0833,1,"Central high-volume hotspots"
"Barking and Dagenham 020D",24,51.53124115625,0.1605934375,0.2917,0.5,0.0833,0.125,1,"Central high-volume hotspots"
"Bexley 018A",24,51.4527235529412,0.0901845117647059,0.25,0.4167,0.0417,0.2917,1,"Central high-volume hotspots"
"Bromley 022D",24,51.3868055555556,0.0661060462962963,0.5417,0.25,0.125,0.0833,1,"Central high-volume hotspots"
"Havering 009F",24,51.5868698235294,0.176831058823529,0.3333,0.375,0.2083,0.0833,1,"Central high-volume hotspots"
"Havering 012A",24,51.5882285227273,0.197852681818182,0.25,0.3333,0.3333,0.0833,1,"Central high-volume hotspots"
"Enfield 019E",24,51.6384659444444,-0.117419972222222,0.4167,0.2083,0.2917,0.0833,1,"Central high-volume hotspots"
"Hillingdon 004D",24,51.5950421805556,-0.401217888888889,0.2917,0.5417,0.125,0.0417,1,"Central high-volume hotspots"
"Merton 011C",24,51.4141804285714,-0.208492166666667,0.2083,0.25,0.375,0.1667,1,"Central high-volume hotspots"
"Lambeth 023B",24,51.445454,-0.138225636363636,0.625,0.1667,0.1667,0.0417,1,"Central high-volume hotspots"
"Havering 014C",24,51.5703957631579,0.205695771929825,0.375,0.4583,0.0417,0.125,1,"Central high-volume hotspots"
"Havering 021C",24,51.5587169907407,0.190704666666667,0.125,0.2083,0.1667,0.5,1,"Central high-volume hotspots"
"Hackney 003C",24,51.5673863529412,-0.0861247647058823,0.2083,0.2083,0.3333,0.25,1,"Central high-volume hotspots"
"Hackney 006A",24,51.5656285909091,-0.0671540909090909,0.5417,0.1667,0.0417,0.25,1,"Central high-volume hotspots"
"Newham 042C",24,51.5016693333333,0.0366636666666667,0.2083,0.5,0.1667,0.125,1,"Central high-volume hotspots"
"Richmond upon Thames 015D",24,51.4453685925926,-0.356122925925926,0.4583,0.2917,0.1667,0.0833,1,"Central high-volume hotspots"
"Kingston upon Thames 015A",24,51.38634109375,-0.242430583333333,0.0833,0.5417,0.3333,0.0417,1,"Central high-volume hotspots"
"Redbridge 036D",24,51.5887665,0.0569959411764706,0.25,0.4167,0.25,0.0833,1,"Central high-volume hotspots"
"Richmond upon Thames 007C",24,51.4629093101852,-0.323080912037037,0.4583,0.125,0.3333,0.0833,1,"Central high-volume hotspots"
"Richmond upon Thames 015B",24,51.4420533981482,-0.353231638888889,0.2917,0.3333,0.375,0,1,"Central high-volume hotspots"
"Lewisham 030B",24,51.4311367083333,-0.0126903125,0.2083,0.5417,0.125,0.125,1,"Central high-volume hotspots"
"Hillingdon 001E",24,51.6096113157895,-0.407717473684211,0.125,0.4583,0.25,0.1667,1,"Central high-volume hotspots"
"Sutton 022B",24,51.3490574649123,-0.188204807017544,0.375,0.4583,0.125,0.0417,1,"Central high-volume hotspots"
"Merton 005D",24,51.4194788722222,-0.170528544444444,0.2083,0.5417,0.25,0,1,"Central high-volume hotspots"
"Merton 007C",24,51.4207701388889,-0.157544037037037,0.375,0.2083,0.2917,0.125,1,"Central high-volume hotspots"
"Sutton 015A",24,51.360906622807,-0.173269719298246,0.3333,0.4167,0.0417,0.2083,1,"Central high-volume hotspots"
"Sutton 015B",24,51.3604048529412,-0.167751676470588,0.2917,0.5417,0.125,0.0417,1,"Central high-volume hotspots"
"Redbridge 004C",24,51.6072036315789,0.0413158157894737,0.375,0.2083,0.25,0.1667,1,"Central high-volume hotspots"
"Wandsworth 014A",24,51.4571712,-0.2161854,0.5417,0.2083,0.2083,0.0417,1,"Central high-volume hotspots"
"Bromley 031C",23,51.3758396428571,0.0790851428571429,0.4348,0.3043,0.1304,0.1304,1,"Central high-volume hotspots"
"Bexley 011C",23,51.4680351111111,0.14968675,0.5217,0.2174,0.2174,0.0435,1,"Central high-volume hotspots"
"Barnet 003C",23,51.6509934473684,-0.163644789473684,0.3478,0.3478,0.3043,0,1,"Central high-volume hotspots"
"Croydon 021A",23,51.3790312708333,-0.0617023958333333,0.5217,0.3043,0.087,0.087,1,"Central high-volume hotspots"
"Enfield 017B",23,51.6400143968254,-0.0872720793650794,0.4783,0.1739,0.2609,0.087,1,"Central high-volume hotspots"
"Croydon 008A",23,51.4051212894737,-0.0734747105263158,0.3913,0.3913,0.087,0.1304,1,"Central high-volume hotspots"
"Bexley 023B",23,51.4369260294118,0.161183392156863,0.087,0.4783,0.1739,0.2609,1,"Central high-volume hotspots"
"Brent 008C",23,51.5662339351852,-0.311060592592593,0.3478,0.3913,0.087,0.1739,1,"Central high-volume hotspots"
"Harrow 022A",23,51.5777476574074,-0.383026990740741,0.087,0.3478,0.3043,0.2609,1,"Central high-volume hotspots"
"Havering 018A",23,51.5687015555556,0.274915527777778,0.5217,0.0435,0.087,0.3478,1,"Central high-volume hotspots"
"Havering 021A",23,51.5668359416667,0.199398125,0.3043,0.4783,0.1304,0.087,1,"Central high-volume hotspots"
"Lewisham 023E",23,51.4399745964912,0.0231045,0.4783,0.2174,0.2609,0.0435,1,"Central high-volume hotspots"
"Enfield 031C",23,51.6181077058824,-0.0742362352941176,0.1739,0.2609,0.3043,0.2609,1,"Central high-volume hotspots"
"Enfield 031E",23,51.6217200686275,-0.0868054901960784,0.4348,0.4348,0.087,0.0435,1,"Central high-volume hotspots"
"Hackney 004A",23,51.5686866491228,-0.0668462894736842,0.2609,0.3478,0.3478,0.0435,1,"Central high-volume hotspots"
"Brent 002B",23,51.5846182083333,-0.260209270833333,0.2174,0.3043,0.4348,0.0435,1,"Central high-volume hotspots"
"Lewisham 015D",23,51.45428359375,-0.03452603125,0.3478,0.3043,0.3043,0.0435,1,"Central high-volume hotspots"
"Lewisham 028C",23,51.4317932745098,-0.0663412254901961,0.2609,0.2609,0.4348,0.0435,1,"Central high-volume hotspots"
"Hillingdon 007A",23,51.5831377,-0.418719471428571,0.4348,0.1739,0.087,0.3043,1,"Central high-volume hotspots"
"Wandsworth 027E",23,51.4440001944444,-0.173792333333333,0.3913,0.0435,0.3913,0.1739,1,"Central high-volume hotspots"
"Southwark 035D",23,51.5012086842105,-0.0706398157894737,0.2609,0.2609,0.4783,0,1,"Central high-volume hotspots"
"Wandsworth 015D",23,51.4519056333333,-0.1633319,0.5652,0.2174,0.2174,0,1,"Central high-volume hotspots"
"Wandsworth 025D",23,51.44187640625,-0.19285321875,0.1739,0.3478,0.3478,0.1304,1,"Central high-volume hotspots"
"Bexley 009G",22,51.4700851875,0.12444603125,0.5,0.2273,0.1364,0.1364,1,"Central high-volume hotspots"
"Bexley 018C",22,51.4618754444444,0.0879476111111111,0.3636,0.3636,0.1818,0.0909,1,"Central high-volume hotspots"
"Barking and Dagenham 003B",22,51.5626838782051,0.179777147435897,0.3636,0.5,0.0455,0.0909,1,"Central high-volume hotspots"
"Bexley 016F",22,51.4620174285714,0.0978117380952381,0.2727,0.2273,0.3182,0.1818,1,"Central high-volume hotspots"
"Bexley 018B",22,51.4649934473684,0.0870398157894737,0.1818,0.3636,0.1364,0.3182,1,"Central high-volume hotspots"
"Greenwich 027C",22,51.4547599473684,0.0637512105263158,0.4091,0.1818,0.3182,0.0909,1,"Central high-volume hotspots"
"Harrow 002C",22,51.6126545,-0.283557166666667,0.2727,0.1818,0.4091,0.1364,1,"Central high-volume hotspots"
"Harrow 004D",22,51.6086995729167,-0.380965625,0.6364,0.1818,0.1364,0.0455,1,"Central high-volume hotspots"
"Havering 010E",22,51.5836426862745,0.226524754901961,0.1364,0.3182,0.4091,0.1364,1,"Central high-volume hotspots"
"Enfield 021A",22,51.6390139736842,-0.0729070789473684,0.3636,0.3182,0.0909,0.2273,1,"Central high-volume hotspots"
"Greenwich 041A",22,51.4999659583333,0.00760004166666667,0.3636,0.4091,0,0.2273,1,"Central high-volume hotspots"
"Bexley 017A",22,51.46311,0.154269285714286,0.3636,0.3182,0.1364,0.1818,1,"Central high-volume hotspots"
"Brent 013B",22,51.5607480888889,-0.320286077777778,0.1818,0.4545,0.1818,0.1818,1,"Central high-volume hotspots"
"Haringey 014B",22,51.5971171041667,-0.143580135416667,0.5455,0.1818,0,0.2727,1,"Central high-volume hotspots"
"Harrow 033E",22,51.592108125,-0.31176496875,0.5,0.3636,0,0.1364,1,"Central high-volume hotspots"
"Havering 015B",22,51.5759436194444,0.232854241666667,0.0909,0.5,0.3636,0.0455,1,"Central high-volume hotspots"
"Kingston upon Thames 001B",22,51.4288234901961,-0.301019980392157,0.3182,0.3182,0.3182,0.0455,1,"Central high-volume hotspots"
"Kingston upon Thames 002E",22,51.4129146470588,-0.268263911764706,0.4091,0.2273,0.3182,0.0455,1,"Central high-volume hotspots"
"Kingston upon Thames 012C",22,51.3887207058824,-0.257603117647059,0.2273,0.2273,0.5455,0,1,"Central high-volume hotspots"
"Richmond upon Thames 016A",22,51.4398774019608,-0.334008725490196,0.2273,0.2727,0.2727,0.2273,1,"Central high-volume hotspots"
"Richmond upon Thames 018A",22,51.4309205526316,-0.34205152631579,0.4091,0.2727,0.1818,0.1364,1,"Central high-volume hotspots"
"Hillingdon 011B",22,51.5686656,-0.4494815,0.2727,0.2727,0.3636,0.0909,1,"Central high-volume hotspots"
"Merton 002B",22,51.420478452381,-0.230956077380952,0.3182,0.2727,0.3636,0.0455,1,"Central high-volume hotspots"
"Merton 010E",22,51.4162775701754,-0.242498456140351,0.2273,0.4091,0.1364,0.2273,1,"Central high-volume hotspots"
"Islington 006F",22,51.5582829102564,-0.103630487179487,0.6364,0.1364,0.2273,0,1,"Central high-volume hotspots"
"Sutton 005B",22,51.37778803125,-0.16799759375,0.2273,0.6364,0.0909,0.0455,1,"Central high-volume hotspots"
"Sutton 024A",22,51.3464288235294,-0.142463279411765,0.4091,0.4091,0.1364,0.0455,1,"Central high-volume hotspots"
"Redbridge 001A",22,51.6231778421053,0.0236860877192982,0.4091,0.3182,0.1818,0.0909,1,"Central high-volume hotspots"
"Bexley 023D",21,51.4414626842105,0.140621578947368,0.4286,0.1905,0.2857,0.0952,1,"Central high-volume hotspots"
"Croydon 042C",21,51.3135065263158,-0.103215052631579,0.4286,0.4286,0.1429,0,1,"Central high-volume hotspots"
"Barnet 020A",21,51.6182134333333,-0.194180366666667,0.5238,0.2857,0.1429,0.0476,1,"Central high-volume hotspots"
"Ealing 032C",21,51.5052468333333,-0.3197532,0.2381,0.3333,0.2857,0.1429,1,"Central high-volume hotspots"
"Hammersmith and Fulham 002B",21,51.5135041428571,-0.229252404761905,0.1429,0.2857,0.4286,0.1429,1,"Central high-volume hotspots"
"Hammersmith and Fulham 008A",21,51.503476,-0.252123184210526,0.3333,0.4286,0.1429,0.0952,1,"Central high-volume hotspots"
"Bromley 025A",21,51.383238,0.085572421875,0.2857,0.5238,0.0476,0.1429,1,"Central high-volume hotspots"
"Enfield 015A",21,51.6429663055556,-0.0740270833333333,0.2381,0.381,0.2381,0.1429,1,"Central high-volume hotspots"
"Havering 018D",21,51.5727496388889,0.267736722222222,0.1905,0.3333,0.2381,0.2381,1,"Central high-volume hotspots"
"Bromley 021A",21,51.3930625333333,-0.0066255,0.5238,0.1905,0.2381,0.0476,1,"Central high-volume hotspots"
"Harrow 023E",21,51.5840310185185,-0.327998944444444,0.3333,0.3333,0.0952,0.2381,1,"Central high-volume hotspots"
"Harrow 033D",21,51.5902887222222,-0.316877444444444,0.3333,0.2857,0.2381,0.1429,1,"Central high-volume hotspots"
"Merton 010A",21,51.4155823777778,-0.2264441,0.381,0.381,0.1905,0.0476,1,"Central high-volume hotspots"
"Merton 021A",21,51.4018493333333,-0.215279055555556,0.1429,0.381,0.381,0.0952,1,"Central high-volume hotspots"
"Merton 021C",21,51.3973213,-0.21884545,0.5714,0.1905,0.1429,0.0952,1,"Central high-volume hotspots"
"Kingston upon Thames 016A",21,51.3805248088235,-0.302575867647059,0.381,0.2857,0.1905,0.1429,1,"Central high-volume hotspots"
"Sutton 008B",21,51.3739311923077,-0.237550641025641,0.2381,0.2857,0.4762,0,1,"Central high-volume hotspots"
"Sutton 009E",21,51.3728282647059,-0.213549911764706,0.381,0.3333,0.1429,0.1429,1,"Central high-volume hotspots"
"Sutton 022A",21,51.3435447166667,-0.186751033333333,0.4762,0.381,0.1429,0,1,"Central high-volume hotspots"
"Bromley 029A",20,51.3796826222222,0.123533233333333,0.3,0.3,0.2,0.2,1,"Central high-volume hotspots"
"Bromley 030D",20,51.3778706041667,-0.0242859270833333,0.7,0.15,0.15,0,1,"Central high-volume hotspots"
"Bexley 024A",20,51.4421608333333,0.1179236,0.2,0.15,0.25,0.4,1,"Central high-volume hotspots"
"Croydon 029D",20,51.3551708333333,-0.0898980512820513,0.3,0.35,0.25,0.1,1,"Central high-volume hotspots"
"Croydon 026D",20,51.3715293095238,-0.0396174047619048,0.45,0.3,0.05,0.2,1,"Central high-volume hotspots"
"Bromley 037E",20,51.3520496111111,0.104477688888889,0.55,0.25,0.15,0.05,1,"Central high-volume hotspots"
"Croydon 034H",20,51.3448275714286,-0.0506329821428571,0.35,0.5,0.05,0.1,1,"Central high-volume hotspots"
"Harrow 004C",20,51.6141741176471,-0.364822558823529,0.3,0.25,0.15,0.3,1,"Central high-volume hotspots"
"Havering 008A",20,51.5978557083333,0.1775765,0.35,0.3,0.15,0.2,1,"Central high-volume hotspots"
"Hillingdon 001C",20,51.6152461944444,-0.427814055555556,0.35,0.4,0.25,0,1,"Central high-volume hotspots"
"Bexley 007A",20,51.4758636470588,0.152519441176471,0.45,0.2,0.25,0.1,1,"Central high-volume hotspots"
"Havering 014A",20,51.5744340294118,0.208356264705882,0.35,0.35,0.1,0.2,1,"Central high-volume hotspots"
"Havering 025C",20,51.5487642352941,0.210301666666667,0.3,0.35,0.15,0.2,1,"Central high-volume hotspots"
"Merton 011A",20,51.4106292916667,-0.216271104166667,0.25,0.5,0.15,0.1,1,"Central high-volume hotspots"
"Wandsworth 026F",20,51.4363125,-0.145115264705882,0.2,0.45,0.2,0.15,1,"Central high-volume hotspots"
"Hillingdon 011A",20,51.5666231923077,-0.453969519230769,0.45,0.15,0.4,0,1,"Central high-volume hotspots"
"Sutton 016C",20,51.3547426875,-0.21826359375,0.5,0.1,0.4,0,1,"Central high-volume hotspots"
"Merton 009E",20,51.4152880714286,-0.202352083333333,0.15,0.25,0.5,0.1,1,"Central high-volume hotspots"
"Merton 010B",20,51.4115428611111,-0.231190666666667,0.15,0.05,0.65,0.15,1,"Central high-volume hotspots"
"Sutton 022D",20,51.3472093333333,-0.174848366666667,0.4,0.4,0.15,0.05,1,"Central high-volume hotspots"
"Wandsworth 026C",20,51.4499907631579,-0.144977842105263,0.5,0.25,0.1,0.15,1,"Central high-volume hotspots"
"Bexley 025A",19,51.438965625,0.0843391666666667,0.2105,0.3684,0.2105,0.2105,1,"Central high-volume hotspots"
"Bromley 031D",19,51.36926053125,0.07667425,0.5263,0.3158,0.1053,0.0526,1,"Central high-volume hotspots"
"Ealing 019F",19,51.5131960357143,-0.318895321428571,0.3158,0.2632,0.3684,0.0526,1,"Central high-volume hotspots"
"Bromley 030G",19,51.3705711142857,-0.01059365,0.6316,0.2105,0.1579,0,1,"Central high-volume hotspots"
"Bromley 039E",19,51.3103965625,0.02706,0.3158,0.4211,0.2105,0.0526,1,"Central high-volume hotspots"
"Barnet 009E",19,51.6268906025641,-0.137858769230769,0.3684,0.2632,0.3158,0.0526,1,"Central high-volume hotspots"
"Barnet 012A",19,51.6214445357143,-0.186080130952381,0.4737,0.2632,0.0526,0.2105,1,"Central high-volume hotspots"
"Bromley 028E",19,51.3769080833333,0.0900261666666667,0.3684,0.2105,0.2105,0.2105,1,"Central high-volume hotspots"
"Bexley 011E",19,51.4728401428571,0.141337023809524,0.3684,0.4737,0.0526,0.1053,1,"Central high-volume hotspots"
"Bexley 016C",19,51.4570873928571,0.102493857142857,0.5789,0.3158,0,0.1053,1,"Central high-volume hotspots"
"Harrow 004B",19,51.6124147291667,-0.376067260416667,0.4737,0.2105,0.2105,0.1053,1,"Central high-volume hotspots"
"Harrow 015D",19,51.5895900882353,-0.353502735294118,0.3684,0.3158,0.2105,0.1053,1,"Central high-volume hotspots"
"Merton 015B",19,51.4086855625,-0.19928353125,0.5263,0.2105,0.2632,0,1,"Central high-volume hotspots"
"Bromley 021D",19,51.3970953666667,0.00297174444444444,0.3684,0.1053,0.4737,0.0526,1,"Central high-volume hotspots"
"Havering 022A",19,51.5614765833333,0.239283333333333,0.2632,0.3684,0.3158,0.0526,1,"Central high-volume hotspots"
"Merton 011B",19,51.41009359375,-0.21990196875,0.2105,0.3158,0.3158,0.1579,1,"Central high-volume hotspots"
"Merton 015A",19,51.4032522941176,-0.207834058823529,0.1053,0.4737,0.1579,0.2632,1,"Central high-volume hotspots"
"Merton 020C",19,51.3960332222222,-0.236191577777778,0.3684,0.3158,0.2632,0.0526,1,"Central high-volume hotspots"
"Bexley 006C",19,51.47823890625,0.1283070625,0.2632,0.2632,0.2105,0.2632,1,"Central high-volume hotspots"
"Kensington and Chelsea 021C",19,51.480537,-0.1799505,0.1053,0.2632,0.5789,0.0526,1,"Central high-volume hotspots"
"Redbridge 009A",19,51.5866406888889,0.0288587888888889,0.5789,0.1053,0.2105,0.1053,1,"Central high-volume hotspots"
"Richmond upon Thames 009D",19,51.45096725,-0.319752097222222,0.3158,0.4737,0.1579,0.0526,1,"Central high-volume hotspots"
"Hillingdon 006E",19,51.5854619555556,-0.3963923,0.3684,0.1053,0.3158,0.2105,1,"Central high-volume hotspots"
"Hillingdon 011E",19,51.5601799444444,-0.439345144444444,0.1053,0.2105,0.3684,0.3158,1,"Central high-volume hotspots"
"Hillingdon 013A",19,51.5629782647059,-0.465724941176471,0.3684,0.2632,0.1579,0.2105,1,"Central high-volume hotspots"
"Merton 003D",19,51.4283660641026,-0.200940230769231,0.5263,0.1579,0.3158,0,1,"Central high-volume hotspots"
"Merton 007D",19,51.4196493214286,-0.153981166666667,0.3158,0.3158,0.3684,0,1,"Central high-volume hotspots"
"Sutton 013A",19,51.3687811538462,-0.177728192307692,0.4737,0.1579,0.2105,0.1579,1,"Central high-volume hotspots"
"Kingston upon Thames 010A",19,51.3918068636364,-0.290597090909091,0.4211,0.2632,0.3158,0,1,"Central high-volume hotspots"
"Wandsworth 036B",19,51.4236769270833,-0.1460315625,0.2105,0.2632,0.4211,0.1053,1,"Central high-volume hotspots"
"Bexley 025D",18,51.4337845,0.0888476875,0.2222,0.4444,0.1111,0.2222,1,"Central high-volume hotspots"
"Bexley 027E",18,51.4309247023809,0.111384619047619,0.5556,0.2222,0.2222,0,1,"Central high-volume hotspots"
"Barnet 043A",18,51.596359375,-0.2531875625,0.2778,0.3889,0.1667,0.1667,1,"Central high-volume hotspots"
"Croydon 044B",18,51.3097605,-0.127477,0.2222,0.3333,0.2222,0.2222,1,"Central high-volume hotspots"
"Croydon 039A",18,51.3289078461538,-0.0717213846153846,0.5556,0.3889,0,0.0556,1,"Central high-volume hotspots"
"Harrow 015B",18,51.5929061875,-0.3607099375,0.2222,0.3889,0.1667,0.2222,1,"Central high-volume hotspots"
"Greenwich 040D",18,51.489558,0.004399,0.2778,0.2222,0.0556,0.4444,1,"Central high-volume hotspots"
"Wandsworth 033A",18,51.4290737,-0.159886,0.3889,0.2222,0.2222,0.1667,1,"Central high-volume hotspots"
"Richmond upon Thames 016B",18,51.4355461470588,-0.336210941176471,0.3889,0.3889,0.1667,0.0556,1,"Central high-volume hotspots"
"Richmond upon Thames 023C",18,51.4207162666667,-0.368998066666667,0.1667,0.2222,0.3333,0.2778,1,"Central high-volume hotspots"
"Hillingdon 006C",18,51.5786591388889,-0.393412652777778,0.4444,0.2778,0.1111,0.1667,1,"Central high-volume hotspots"
"Bromley 027D",17,51.3785251,0.0140388,0.4118,0.1176,0.1765,0.2941,1,"Central high-volume hotspots"
"Bexley 025C",17,51.4325830888889,0.0803093777777778,0.2941,0.2941,0.3529,0.0588,1,"Central high-volume hotspots"
"Bexley 009D",17,51.4760350333333,0.135348366666667,0.2941,0.5294,0.0588,0.1176,1,"Central high-volume hotspots"
"Bexley 022D",17,51.4420187857143,0.0934619642857143,0.1176,0.2353,0.4118,0.2353,1,"Central high-volume hotspots"
"Croydon 032C",17,51.3446148769231,-0.0150752769230769,0.2353,0.5294,0.1765,0.0588,1,"Central high-volume hotspots"
"Harrow 002G",17,51.605204125,-0.297636736111111,0.2941,0.4118,0.2353,0.0588,1,"Central high-volume hotspots"
"Kingston upon Thames 018C",17,51.3678147142857,-0.302354642857143,0.3529,0.4118,0.1765,0.0588,1,"Central high-volume hotspots"
"Harrow 019B",17,51.5941389375,-0.36703171875,0.4118,0.1765,0.2353,0.1765,1,"Central high-volume hotspots"
"Harrow 022B",17,51.58913503125,-0.386816125,0.4118,0.2353,0.2353,0.1176,1,"Central high-volume hotspots"
"Havering 015D",17,51.5670797111111,0.229706377777778,0.4118,0.2353,0.1176,0.2353,1,"Central high-volume hotspots"
"Merton 021B",17,51.3979760625,-0.2138948125,0.3529,0.3529,0.0588,0.2353,1,"Central high-volume hotspots"
"Redbridge 012C",17,51.5834413461538,0.0660826153846154,0.2941,0.2941,0.2941,0.1176,1,"Central high-volume hotspots"
"Richmond upon Thames 008D",17,51.455443525,-0.296186016666667,0.6471,0.1176,0.1765,0.0588,1,"Central high-volume hotspots"
"Richmond upon Thames 015G",17,51.4453398333333,-0.350581805555556,0.2941,0.5294,0.0588,0.1176,1,"Central high-volume hotspots"
"Barnet 002C",17,51.654901,-0.1798355,0.2353,0.2941,0.4118,0.0588,1,"Central high-volume hotspots"
"Hillingdon 008A",17,51.5648382857143,-0.393438714285714,0.2353,0.1765,0.5294,0.0588,1,"Central high-volume hotspots"
"Bexley 024E",16,51.4361368571429,0.116163928571429,0.5625,0.125,0.1875,0.125,1,"Central high-volume hotspots"
"Brentwood 008D",16,51.594718,0.278294785714286,0.125,0.25,0.4375,0.1875,1,"Central high-volume hotspots"
"Croydon 035D",16,51.3422511153846,-0.0929534230769231,0.25,0.4375,0.1875,0.125,1,"Central high-volume hotspots"
"Bexley 016D",16,51.455070875,0.0988486527777778,0.375,0.125,0.25,0.25,1,"Central high-volume hotspots"
"Croydon 039D",16,51.3369653666667,-0.0567067333333333,0.4375,0.1875,0.25,0.125,1,"Central high-volume hotspots"
"Bromley 025E",16,51.3922197666667,0.0835118333333333,0.4375,0.0625,0.4375,0.0625,1,"Central high-volume hotspots"
"Barnet 014A",16,51.6221167692308,-0.274021884615385,0.5625,0,0.25,0.1875,1,"Central high-volume hotspots"
"Ealing 002D",16,51.5528339166667,-0.324530111111111,0.4375,0.3125,0.125,0.125,1,"Central high-volume hotspots"
"Buckinghamshire 059D",16,51.5588889642857,-0.489438964285714,0.25,0.3125,0.3125,0.125,1,"Central high-volume hotspots"
"Bexley 014B",16,51.4635178846154,0.173426076923077,0.3125,0.3125,0.25,0.125,1,"Central high-volume hotspots"
"Lambeth 009C",16,51.4716635384615,-0.0993672564102564,0.0625,0.5625,0.3125,0.0625,1,"Central high-volume hotspots"
"Epping Forest 009A",16,51.6616945,0.00624725,0.375,0.25,0.0625,0.3125,1,"Central high-volume hotspots"
"Newham 021D",16,51.5355403636364,0.0150152727272727,0.25,0.4375,0.1875,0.125,1,"Central high-volume hotspots"
"Hillingdon 006B",16,51.5728476388889,-0.394286986111111,0.3125,0.25,0.4375,0,1,"Central high-volume hotspots"
"Slough 014D",16,51.4765182666667,-0.512713533333333,0.375,0.125,0.375,0.125,1,"Central high-volume hotspots"
"Sutton 008C",16,51.37741875,-0.23294975,0.375,0.4375,0.0625,0.125,1,"Central high-volume hotspots"
"Waltham Forest 007E",16,51.6124561785714,0.004497,0.4375,0.1875,0.375,0,1,"Central high-volume hotspots"
"Wandsworth 025E",16,51.4396443461538,-0.200597076923077,0.4375,0.25,0.125,0.1875,1,"Central high-volume hotspots"
"Croydon 035A",15,51.3485916515152,-0.0844933333333333,0.2,0.5333,0.2667,0,1,"Central high-volume hotspots"
"Hackney 026F",15,51.5317389230769,-0.0950894615384615,0.2667,0.4,0.2667,0.0667,1,"Central high-volume hotspots"
"Dartford 003A",15,51.454353,0.206091230769231,0.2667,0.2667,0,0.4667,1,"Central high-volume hotspots"
"Havering 012C",15,51.5861606363636,0.208561727272727,0.4,0.2667,0.3333,0,1,"Central high-volume hotspots"
"Havering 019A",15,51.5701735384615,0.259531923076923,0.2,0.4,0.3333,0.0667,1,"Central high-volume hotspots"
"Havering 014E",15,51.5811171071429,0.199479642857143,0.4667,0.2,0.0667,0.2667,1,"Central high-volume hotspots"
"Havering 018B",15,51.5636705,0.271589833333333,0.1333,0.3333,0.2667,0.2667,1,"Central high-volume hotspots"
"Epping Forest 016D",15,51.6095696153846,0.0603826923076923,0.4,0.3333,0.1333,0.1333,1,"Central high-volume hotspots"
"Sutton 022E",15,51.3554476071429,-0.177747214285714,0.5333,0.3333,0.1333,0,1,"Central high-volume hotspots"
"Richmond upon Thames 001F",15,51.48344125,-0.230314291666667,0.5333,0.2667,0.1333,0.0667,1,"Central high-volume hotspots"
"Croydon 034B",14,51.3458344444444,-0.0422383148148148,0.4286,0.5,0.0714,0,1,"Central high-volume hotspots"
"Bromley 035D",14,51.3602242692308,0.0977194230769231,0.5714,0.0714,0.1429,0.2143,1,"Central high-volume hotspots"
"Brent 033E",14,51.5356023076923,-0.223815692307692,0.4286,0.1429,0.3571,0.0714,1,"Central high-volume hotspots"
"Bexley 020A",14,51.4457774285714,0.125595857142857,0.3571,0.1429,0.3571,0.1429,1,"Central high-volume hotspots"
"Barnet 009A",14,51.6361278636364,-0.1423705,0.5,0,0.4286,0.0714,1,"Central high-volume hotspots"
"Hammersmith and Fulham 011B",14,51.4949160769231,-0.242852307692308,0.2857,0.3571,0.2857,0.0714,1,"Central high-volume hotspots"
"Bromley 025C",14,51.3850988461538,0.0726613076923077,0.2857,0.2143,0.2857,0.2143,1,"Central high-volume hotspots"
"Bromley 013B",14,51.4084715,-0.0454453333333333,0.2857,0.4286,0.1429,0.1429,1,"Central high-volume hotspots"
"Hillingdon 005D",14,51.5809386666667,-0.434841583333333,0.1429,0.3571,0.2857,0.2143,1,"Central high-volume hotspots"
"Merton 015C",14,51.4050771666667,-0.2043475,0.2857,0.2857,0.2857,0.1429,1,"Central high-volume hotspots"
"Haringey 013D",14,51.594469,-0.081323,0.1429,0.4286,0.2143,0.2143,1,"Central high-volume hotspots"
"Richmond upon Thames 015E",14,51.4403897121212,-0.358342075757576,0.2857,0.1429,0.5714,0,1,"Central high-volume hotspots"
"Hillingdon 011D",14,51.5632172222222,-0.459055055555556,0.3571,0.4286,0.1429,0.0714,1,"Central high-volume hotspots"
"Bexley 025E",13,51.4373439230769,0.0919953076923077,0.6154,0.3077,0.0769,0,1,"Central high-volume hotspots"
"Bromley 035E",13,51.3651169545455,0.100210227272727,0.6154,0.0769,0.1538,0.1538,1,"Central high-volume hotspots"
"Bromley 015B",13,51.4081223939394,-0.0507759090909091,0.4615,0.3846,0.1538,0,1,"Central high-volume hotspots"
"Merton 021D",13,51.40012875,-0.206550166666667,0.3846,0.3077,0.1538,0.1538,1,"Central high-volume hotspots"
"Barnet 003B",13,51.6497509090909,-0.155006909090909,0.5385,0.1538,0.1538,0.1538,1,"Central high-volume hotspots"
"Epping Forest 017A",13,51.6060861,0.0896866,0.3077,0.5385,0,0.1538,1,"Central high-volume hotspots"
"Hillingdon 010A",13,51.5638846833333,-0.398951483333333,0.4615,0.2308,0.3077,0,1,"Central high-volume hotspots"
"Richmond upon Thames 010A",13,51.4555737272727,-0.352862136363636,0.3077,0.3846,0.2308,0.0769,1,"Central high-volume hotspots"
"Hillingdon 013B",13,51.5575338333333,-0.449377708333333,0.2308,0.3846,0.2308,0.1538,1,"Central high-volume hotspots"
"Kingston upon Thames 001A",13,51.4299162,-0.30929925,0.2308,0.4615,0.1538,0.1538,1,"Central high-volume hotspots"
"Bexley 024D",12,51.441379,0.124098777777778,0.4167,0.25,0.25,0.0833,1,"Central high-volume hotspots"
"Bromley 031E",12,51.3700331296296,0.0858310740740741,0.4167,0,0.5,0.0833,1,"Central high-volume hotspots"
"Camden 010C",12,51.5506667777778,-0.196029,0.3333,0.25,0.1667,0.25,1,"Central high-volume hotspots"
"Epsom and Ewell 001D",12,51.3789135,-0.24807425,0.1667,0.5,0,0.3333,1,"Central high-volume hotspots"
"Islington 009C",12,51.557568,-0.090422,0.25,0.4167,0.3333,0,1,"Central high-volume hotspots"
"Tower Hamlets 004H",12,51.530916,-0.023168,0.5,0.3333,0,0.1667,1,"Central high-volume hotspots"
"Richmond upon Thames 022C",12,51.4225964814815,-0.322152574074074,0.3333,0.4167,0,0.25,1,"Central high-volume hotspots"
"Kingston upon Thames 004D",12,51.4143140833333,-0.292976583333333,0.0833,0.1667,0.4167,0.3333,1,"Central high-volume hotspots"
"Hammersmith and Fulham 012B",11,51.4916933636364,-0.217652363636364,0.3636,0.2727,0.2727,0.0909,1,"Central high-volume hotspots"
"Kingston upon Thames 015C",11,51.3812744,-0.25647165,0.4545,0.1818,0.2727,0.0909,1,"Central high-volume hotspots"
"Wandsworth 011E",11,51.4617042727273,-0.240846363636364,0.4545,0.2727,0.1818,0.0909,1,"Central high-volume hotspots"
"Hammersmith and Fulham 023F",10,51.469444375,-0.1841994375,0.3,0.4,0.3,0,1,"Central high-volume hotspots"
"Merton 025B",10,51.3860185625,-0.21982075,0.2,0.6,0,0.2,1,"Central high-volume hotspots"
"Sutton 009D",10,51.3741877777778,-0.217839333333333,0.2,0.4,0.3,0.1,1,"Central high-volume hotspots"
"Thurrock 012F",10,51.4905084,0.378201,0,0.6,0,0.4,1,"Central high-volume hotspots"
"Bromley 035A",9,51.3673356666667,0.0873062222222222,0.5556,0.2222,0.1111,0.1111,1,"Central high-volume hotspots"
"Broxbourne 013B",9,51.6848394375,-0.0330138125,0.4444,0.4444,0,0.1111,1,"Central high-volume hotspots"
"Harrow 016A",9,51.600523625,-0.380008625,0.4444,0.2222,0.2222,0.1111,1,"Central high-volume hotspots"
"Epping Forest 011C",9,51.6453866428571,0.0849225,0.1111,0.6667,0.1111,0.1111,1,"Central high-volume hotspots"
"Epping Forest 017B",9,51.612283625,0.0908815,0.2222,0.5556,0.1111,0.1111,1,"Central high-volume hotspots"
"Dartford 003C",9,51.4445149375,0.214695,0.3333,0.5556,0,0.1111,1,"Central high-volume hotspots"
"Kingston upon Thames 001E",9,51.4228825555556,-0.303985555555556,0.3333,0.3333,0.3333,0,1,"Central high-volume hotspots"
"Sutton 006A",9,51.3699585714286,-0.240922857142857,0.5556,0.2222,0.2222,0,1,"Central high-volume hotspots"
"Tandridge 012D",9,51.301285125,0.03091475,0.2222,0.5556,0,0.2222,1,"Central high-volume hotspots"
"Croydon 034G",8,51.3421691428571,-0.0489048571428571,0.25,0.375,0.25,0.125,1,"Central high-volume hotspots"
"Broxbourne 013A",8,51.6870358333333,-0.0304612777777778,0.375,0.625,0,0,1,"Central high-volume hotspots"
"Epping Forest 016B",8,51.6258415,0.0751449285714286,0.625,0.125,0,0.25,1,"Central high-volume hotspots"
"Havering 014D",8,51.5664856428571,0.210859785714286,0.5,0.375,0.125,0,1,"Central high-volume hotspots"
"Havering 020A",8,51.564766,0.224017833333333,0.625,0.125,0.25,0,1,"Central high-volume hotspots"
"Epping Forest 017D",8,51.6105365,0.08309925,0.5,0.125,0.125,0.25,1,"Central high-volume hotspots"
"Merton 003B",8,51.42402575,-0.19832275,0.5,0.125,0.25,0.125,1,"Central high-volume hotspots"
"Richmond upon Thames 023A",8,51.4200304285714,-0.362435571428571,0.375,0.375,0.125,0.125,1,"Central high-volume hotspots"
"Buckinghamshire 067F",7,51.50065825,-0.519153416666667,0.4286,0.5714,0,0,1,"Central high-volume hotspots"
"Broxbourne 013F",7,51.6841551428571,-0.0211684285714286,0.4286,0.1429,0.1429,0.2857,1,"Central high-volume hotspots"
"Bexley 013E",7,51.4664126666667,0.118926,0.2857,0.5714,0.1429,0,1,"Central high-volume hotspots"
"Dartford 006D",7,51.4419694285714,0.266234571428571,0.4286,0.4286,0,0.1429,1,"Central high-volume hotspots"
"Dartford 007D",7,51.4487077,0.1899756,0.1429,0.4286,0.1429,0.2857,1,"Central high-volume hotspots"
"Epping Forest 009C",7,51.6876313333333,-0.00368283333333333,0.2857,0.5714,0,0.1429,1,"Central high-volume hotspots"
"Gravesham 003D",7,51.4350334,0.3987452,0.2857,0.7143,0,0,1,"Central high-volume hotspots"
"Spelthorne 001A",7,51.4589908333333,-0.478583166666667,0.5714,0.2857,0.1429,0,1,"Central high-volume hotspots"
"Hackney 004B",7,51.567858,-0.06966,0.5714,0.1429,0.2857,0,1,"Central high-volume hotspots"
"Elmbridge 006A",6,51.3912366,-0.3196792,0.5,0.3333,0,0.1667,1,"Central high-volume hotspots"
"Epping Forest 012F",6,51.6476072,0.0557816,0.3333,0.5,0.1667,0,1,"Central high-volume hotspots"
"Sevenoaks 003A",6,51.3770188,0.1588402,0.1667,0.6667,0,0.1667,1,"Central high-volume hotspots"
"Spelthorne 005F",6,51.4334938333333,-0.4427725,0.5,0.3333,0,0.1667,1,"Central high-volume hotspots"
"Redbridge 001D",6,51.613201,0.0344009,0.6667,0,0.3333,0,1,"Central high-volume hotspots"
"Thurrock 021C",6,51.4823928333333,0.239155666666667,0.6667,0.1667,0.1667,0,1,"Central high-volume hotspots"
"Thurrock 022C",6,51.4846325,0.276269666666667,0.5,0.3333,0,0.1667,1,"Central high-volume hotspots"
"Brentwood 009B",5,51.5744062,0.3346088,0.2,0.6,0,0.2,1,"Central high-volume hotspots"
"Epping Forest 007E",5,51.688449,0.022111,0.2,0.6,0,0.2,1,"Central high-volume hotspots"
"Epping Forest 017C",5,51.6064746,0.0793656,0.4,0.6,0,0,1,"Central high-volume hotspots"
"Buckinghamshire 059A",5,51.5839,-0.4983004,0.4,0.2,0.4,0,1,"Central high-volume hotspots"
"Epping Forest 016A",5,51.6193878,0.1150194,0,0.4,0.4,0.2,1,"Central high-volume hotspots"
"Epsom and Ewell 002B",5,51.3643046,-0.2758984,0.2,0.4,0.2,0.2,1,"Central high-volume hotspots"
"Epsom and Ewell 005C",5,51.36126325,-0.2856085,0.4,0.2,0.4,0,1,"Central high-volume hotspots"
"Dartford 008B",5,51.43844575,0.2339165,0.2,0.4,0,0.4,1,"Central high-volume hotspots"
"Reigate and Banstead 004E",5,51.29402775,-0.1517485,0,0.2,0.8,0,1,"Central high-volume hotspots"
"Spelthorne 010C",5,51.4192054,-0.4115386,0.6,0.2,0,0.2,1,"Central high-volume hotspots"
"Three Rivers 011D",5,51.619022875,-0.4524505,0.2,0.6,0.2,0,1,"Central high-volume hotspots"
"Thurrock 006B",5,51.531267,0.275002,0.4,0,0.4,0.2,1,"Central high-volume hotspots"
"Thurrock 008D",5,51.497675,0.2384164,0.4,0,0.2,0.4,1,"Central high-volume hotspots"
"Thurrock 022D",5,51.4756092,0.2797746,0.4,0.2,0,0.4,1,"Central high-volume hotspots"
"Elmbridge 009A",4,51.374947,-0.323141,0.25,0.5,0,0.25,1,"Central high-volume hotspots"
"Gravesham 002F",4,51.44258425,0.36597075,0.5,0.5,0,0,1,"Central high-volume hotspots"
"Dartford 002D",4,51.4478085,0.31255925,0.5,0.5,0,0,1,"Central high-volume hotspots"
"Sevenoaks 008C",4,51.34268025,0.13578575,0.25,0.5,0.25,0,1,"Central high-volume hotspots"
"Epping Forest 008E",4,51.68245725,-0.00581,0.5,0.5,0,0,1,"Central high-volume hotspots"
"Dartford 008C",4,51.436102,0.22663675,0.25,0.5,0.25,0,1,"Central high-volume hotspots"
"Reigate and Banstead 003C",4,51.30974875,-0.23401475,0.25,0.5,0.25,0,1,"Central high-volume hotspots"
"Runnymede 001B",4,51.434685,-0.54089275,0.5,0.5,0,0,1,"Central high-volume hotspots"
"Spelthorne 002A",4,51.448376,-0.46521275,0.25,0.5,0,0.25,1,"Central high-volume hotspots"
"Spelthorne 003A",4,51.442697,-0.472784666666667,0.5,0.5,0,0,1,"Central high-volume hotspots"
"Thurrock 022A",4,51.486555,0.283058,0.25,0.5,0.25,0,1,"Central high-volume hotspots"
"Welwyn Hatfield 010A",4,51.77220725,-0.223493,0.5,0.5,0,0,1,"Central high-volume hotspots"
"Windsor and Maidenhead 010A",4,51.482798,-0.606506,0.5,0.5,0,0,1,"Central high-volume hotspots"
"Watford 009D",4,51.6546335,-0.39560925,0.5,0.5,0,0,1,"Central high-volume hotspots"
"Chelmsford 003A",3,51.779355,0.4017125,0.3333,0.6667,0,0,1,"Central high-volume hotspots"
"Basildon 015B",3,51.5812606666667,0.459254666666667,0.6667,0.3333,0,0,1,"Central high-volume hotspots"
"Birmingham 124A",3,52.401065,-1.985199,0,0,1,0,1,"Central high-volume hotspots"
"Basildon 020F",3,51.568109,0.457453,0.3333,0.6667,0,0,1,"Central high-volume hotspots"
"Brentwood 007K",3,51.6144043333333,0.296814333333333,0.3333,0.6667,0,0,1,"Central high-volume hotspots"
"East Suffolk 025B",3,52.0691745,1.2735325,0.3333,0.6667,0,0,1,"Central high-volume hotspots"
"Dartford 006C",3,51.4403733333333,0.258758666666667,0,0.6667,0,0.3333,1,"Central high-volume hotspots"
"Broxbourne 011A",3,51.6936373333333,-0.055799,0,0.3333,0.3333,0.3333,1,"Central high-volume hotspots"
"Hertsmere 010A",3,51.6713476666667,-0.338085666666667,0.3333,0.3333,0,0.3333,1,"Central high-volume hotspots"
"Slough 002D",3,51.5183276666667,-0.620406,0.3333,0.3333,0,0.3333,1,"Central high-volume hotspots"
"Epsom and Ewell 001B",3,51.3715626666667,-0.24877,0.3333,0.6667,0,0,1,"Central high-volume hotspots"
"Dartford 002I",3,51.4374676666667,0.312588666666667,0.3333,0.6667,0,0,1,"Central high-volume hotspots"
"Dartford 007B",3,51.4392776666667,0.198436666666667,0.3333,0.3333,0,0.3333,1,"Central high-volume hotspots"
"Doncaster 016A",3,53.533155,-1.162148,0,0,1,0,1,"Central high-volume hotspots"
"Dover 013B",3,51.124772,1.30545275,0,0.6667,0.3333,0,1,"Central high-volume hotspots"
"Elmbridge 013A",3,51.3693403333333,-0.360334666666667,0,0.3333,0.3333,0.3333,1,"Central high-volume hotspots"
"Sevenoaks 002D",3,51.3997076666667,0.171623333333333,0.6667,0,0.3333,0,1,"Central high-volume hotspots"
"Epping Forest 003C",3,51.6569246666667,0.154106,0.3333,0.3333,0,0.3333,1,"Central high-volume hotspots"
"Epping Forest 015B",3,51.6247096666667,0.0485836666666667,0.6667,0,0,0.3333,1,"Central high-volume hotspots"
"Epsom and Ewell 001C",3,51.3754956666667,-0.264904,0.3333,0,0.3333,0.3333,1,"Central high-volume hotspots"
"Epsom and Ewell 007F",3,51.3412126666667,-0.259618666666667,0.3333,0.3333,0,0.3333,1,"Central high-volume hotspots"
"Dartford 008D",3,51.4385263333333,0.244551666666667,0.6667,0,0,0.3333,1,"Central high-volume hotspots"
"Dartford 010D",3,51.4282905,0.1724175,0.3333,0.6667,0,0,1,"Central high-volume hotspots"
"Sevenoaks 007B",3,51.3469846666667,0.248922333333333,0,0.6667,0,0.3333,1,"Central high-volume hotspots"
"Slough 002A",3,51.5245183333333,-0.614400333333333,0.3333,0.3333,0,0.3333,1,"Central high-volume hotspots"
"Hertsmere 013D",3,51.6416283333333,-0.339745666666667,0.3333,0.3333,0,0.3333,1,"Central high-volume hotspots"
"Southend-on-Sea 015B",3,51.536496,0.713678333333333,0.6667,0.3333,0,0,1,"Central high-volume hotspots"
"Medway 012B",3,51.384947,0.550162666666667,0,0.3333,0.3333,0.3333,1,"Central high-volume hotspots"
"Spelthorne 001D",3,51.4639053333333,-0.500336666666667,0,0.3333,0.3333,0.3333,1,"Central high-volume hotspots"
"Spelthorne 002D",3,51.455844,-0.461158,0.3333,0.3333,0.3333,0,1,"Central high-volume hotspots"
"Spelthorne 003C",3,51.433839,-0.463111,0,0.3333,0.3333,0.3333,1,"Central high-volume hotspots"
"Spelthorne 008A",3,51.4264403333333,-0.420215666666667,0.3333,0,0.3333,0.3333,1,"Central high-volume hotspots"
"Thurrock 007D",3,51.503366,0.291365,0.3333,0.6667,0,0,1,"Central high-volume hotspots"
"Thurrock 013B",3,51.480601,0.417078333333333,0.3333,0.6667,0,0,1,"Central high-volume hotspots"
"Thurrock 021B",3,51.4837325,0.2303895,0.3333,0.6667,0,0,1,"Central high-volume hotspots"
"Reigate and Banstead 014A",3,51.2172046666667,-0.169524666666667,0.3333,0.6667,0,0,1,"Central high-volume hotspots"
"Welwyn Hatfield 016A",3,51.6973826666667,-0.135655333333333,0.3333,0.3333,0.3333,0,1,"Central high-volume hotspots"
"Sevenoaks 004D",3,51.39231025,0.30956875,0,0.6667,0.3333,0,1,"Central high-volume hotspots"
"St Albans 012B",3,51.7526743333333,-0.337888,0.3333,0.3333,0,0.3333,1,"Central high-volume hotspots"
"Basildon 020D",2,51.559569,0.450306,0,0.5,0.5,0,1,"Central high-volume hotspots"
"Broxbourne 003A",2,51.760942,-0.011934,0,0.5,0.5,0,1,"Central high-volume hotspots"
"Chelmsford 022D",2,51.730206,0.4760565,0,0.5,0.5,0,1,"Central high-volume hotspots"
"Birmingham 135C",2,52.476969,-1.896571,0,0,1,0,1,"Central high-volume hotspots"
"Colchester 011F",2,51.8824325,0.9108175,0.5,0.5,0,0,1,"Central high-volume hotspots"
"Arun 006A",2,50.818637,-0.5821295,0.5,0.5,0,0,1,"Central high-volume hotspots"
"Basildon 010C",2,51.5859535,0.429074,0,0,0.5,0.5,1,"Central high-volume hotspots"
"Basildon 020G",2,51.5646835,0.4627735,0,0.5,0.5,0,1,"Central high-volume hotspots"
"Broxbourne 005B",2,51.730985,-0.014392,0.5,0.5,0,0,1,"Central high-volume hotspots"
"Broxbourne 007A",2,51.7101745,-0.0912965,0.5,0.5,0,0,1,"Central high-volume hotspots"
"Buckinghamshire 067A",2,51.556776,-0.522095,0,0,1,0,1,"Central high-volume hotspots"
"Elmbridge 002C",2,51.398587,-0.3467795,0.5,0.5,0,0,1,"Central high-volume hotspots"
"Buckinghamshire 007E",2,51.8311655,-0.7750895,0.5,0.5,0,0,1,"Central high-volume hotspots"
"Chichester 010D",2,50.8328435,-0.7813305,0.5,0.5,0,0,1,"Central high-volume hotspots"
"Coventry 028E",2,52.4090525,-1.494376,0,0.5,0.5,0,1,"Central high-volume hotspots"
"Broxbourne 010D",2,51.700823,-0.029534,0,0.5,0.5,0,1,"Central high-volume hotspots"
"Dartford 002H",2,51.438371,0.2944335,0.5,0.5,0,0,1,"Central high-volume hotspots"
"Dartford 003B",2,51.447166,0.219267,0.5,0.5,0,0,1,"Central high-volume hotspots"
"Dartford 007A",2,51.444568,0.183091,0.5,0,0.5,0,1,"Central high-volume hotspots"
"Harlow 004D",2,51.7659,0.084444,0.5,0,0,0.5,1,"Central high-volume hotspots"
"Harlow 006B",2,51.761747,0.109033,0.5,0.5,0,0,1,"Central high-volume hotspots"
"Elmbridge 001D",2,51.4087225,-0.363532,0.5,0.5,0,0,1,"Central high-volume hotspots"
"Elmbridge 002A",2,51.4012925,-0.345108,0.5,0.5,0,0,1,"Central high-volume hotspots"
"Elmbridge 003A",2,51.396124,-0.3754455,0,0,0.5,0.5,1,"Central high-volume hotspots"
"Elmbridge 009B",2,51.3786995,-0.338824,0.5,0.5,0,0,1,"Central high-volume hotspots"
"Elmbridge 009C",2,51.379266,-0.346118,0,0,0.5,0.5,1,"Central high-volume hotspots"
"Castle Point 009C",2,51.5250965,0.610274,0.5,0.5,0,0,1,"Central high-volume hotspots"
"Dartford 001D",2,51.458735,0.2382115,0.5,0.5,0,0,1,"Central high-volume hotspots"
"Harlow 004B",2,51.771337,0.069084,0,0.5,0.5,0,1,"Central high-volume hotspots"
"Epping Forest 010A",2,51.641752,0.1325515,0.5,0.5,0,0,1,"Central high-volume hotspots"
"Epping Forest 015A",2,51.632977,0.051986,0.5,0,0,0.5,1,"Central high-volume hotspots"
"Epsom and Ewell 002A",2,51.3636755,-0.262402,0.5,0,0,0.5,1,"Central high-volume hotspots"
"Epsom and Ewell 010B",2,51.3514545,-0.2530555,0.5,0,0,0.5,1,"Central high-volume hotspots"
"Camden 022C",2,51.531041,-0.136847,0.5,0.5,0,0,1,"Central high-volume hotspots"
"Gravesham 008B",2,51.4200005,0.3903805,0.5,0.5,0,0,1,"Central high-volume hotspots"
"Elmbridge 016A",2,51.34755,-0.462983,0.5,0.5,0,0,1,"Central high-volume hotspots"
"Broxbourne 012D",2,51.6915555,-0.0294515,0,0.5,0.5,0,1,"Central high-volume hotspots"
"Dartford 002E",2,51.4486755,0.277025,0.5,0,0.5,0,1,"Central high-volume hotspots"
"East Hertfordshire 012C",2,51.812976,-0.0319645,0,0.5,0.5,0,1,"Central high-volume hotspots"
"Hertsmere 004B",2,51.6965025,-0.291075,0.5,0.5,0,0,1,"Central high-volume hotspots"
"Hertsmere 007C",2,51.662863,-0.2864265,0.5,0.5,0,0,1,"Central high-volume hotspots"
"Hertsmere 010B",2,51.641265,-0.3010505,0,0.5,0.5,0,1,"Central high-volume hotspots"
"Epping Forest 011A",2,51.6597235,0.084505,0.5,0.5,0,0,1,"Central high-volume hotspots"
"Epping Forest 011D",2,51.658841,0.07798,0.5,0.5,0,0,1,"Central high-volume hotspots"
"Epping Forest 013A",2,51.64006,0.072135,0,0.5,0.5,0,1,"Central high-volume hotspots"
"Slough 011I",2,51.49711,-0.561583,0,0.5,0.5,0,1,"Central high-volume hotspots"
"Epping Forest 015E",2,51.630373,0.035786,0.5,0,0,0.5,1,"Central high-volume hotspots"
"Epping Forest 016C",2,51.622056,0.070144,0,0.5,0.5,0,1,"Central high-volume hotspots"
"Epsom and Ewell 003E",2,51.366347,-0.2422825,0.5,0.5,0,0,1,"Central high-volume hotspots"
"Epsom and Ewell 009A",2,51.332962,-0.2527895,0.5,0.5,0,0,1,"Central high-volume hotspots"
"Maidstone 006F",2,51.267501,0.513891,0.5,0.5,0,0,1,"Central high-volume hotspots"
"Horsham 014C",2,50.933485,-0.2874915,0.5,0.5,0,0,1,"Central high-volume hotspots"
"North Tyneside 029B",2,54.993582,-1.526074,0,0,1,0,1,"Central high-volume hotspots"
"Tunbridge Wells 003A",2,51.148193,0.272497,0,0.5,0.5,0,1,"Central high-volume hotspots"
"Runnymede 002B",2,51.4257295,-0.5659035,0.5,0.5,0,0,1,"Central high-volume hotspots"
"Slough 009F",2,51.5106975,-0.6010435,0.5,0.5,0,0,1,"Central high-volume hotspots"
"Slough 013D",2,51.4988155,-0.5311815,0.5,0.5,0,0,1,"Central high-volume hotspots"
"Luton 014G",2,51.8825845,-0.3815495,0.5,0,0.5,0,1,"Central high-volume hotspots"
"Southend-on-Sea 013G",2,51.535453,0.786152,0,0.5,0.5,0,1,"Central high-volume hotspots"
"Medway 015B",2,51.381206,0.5200395,0.5,0.5,0,0,1,"Central high-volume hotspots"
"Spelthorne 004G",2,51.433703,-0.5041525,0.5,0,0.5,0,1,"Central high-volume hotspots"
"Spelthorne 005D",2,51.4340755,-0.4566285,0,0.5,0.5,0,1,"Central high-volume hotspots"
"Spelthorne 005E",2,51.4254185,-0.4616385,0.5,0.5,0,0,1,"Central high-volume hotspots"
"Spelthorne 011C",2,51.4020815,-0.432604,0.5,0,0,0.5,1,"Central high-volume hotspots"
"Mole Valley 003B",2,51.3035875,-0.334529,0.5,0.5,0,0,1,"Central high-volume hotspots"
"Swale 001C",2,51.438433,0.769038,0.5,0.5,0,0,1,"Central high-volume hotspots"
"Tandridge 002B",2,51.318728,-0.067177,0.5,0.5,0,0,1,"Central high-volume hotspots"
"Tandridge 012B",2,51.3099555,-0.055752,0.5,0.5,0,0,1,"Central high-volume hotspots"
"Tendring 002C",2,51.934495,1.257181,0,0,1,0,1,"Central high-volume hotspots"
"Three Rivers 011A",2,51.6207215,-0.423783,0,0.5,0.5,0,1,"Central high-volume hotspots"
"Three Rivers 012B",2,51.623819,-0.3959235,0.5,0.5,0,0,1,"Central high-volume hotspots"
"Thurrock 007F",2,51.510861,0.284737,0.5,0.5,0,0,1,"Central high-volume hotspots"
"Thurrock 012C",2,51.4824235,0.3632815,0.5,0.5,0,0,1,"Central high-volume hotspots"
"Thurrock 016E",2,51.474184,0.3326215,0.5,0.5,0,0,1,"Central high-volume hotspots"
"Reading 019B",2,51.456369,-0.974278,0.5,0.5,0,0,1,"Central high-volume hotspots"
"Thurrock 018G",2,51.462774,0.362338,0.5,0.5,0,0,1,"Central high-volume hotspots"
"Tonbridge and Malling 014E",2,51.3151875,0.334148,0.5,0.5,0,0,1,"Central high-volume hotspots"
"Welwyn Hatfield 006C",2,51.8001035,-0.206494,0.5,0.5,0,0,1,"Central high-volume hotspots"
"Windsor and Maidenhead 005H",2,51.5200455,-0.7204455,0.5,0.5,0,0,1,"Central high-volume hotspots"
"Wirral 021D",2,53.38342,-3.021064,0,0,1,0,1,"Central high-volume hotspots"
"Brentwood 009D",1,51.619006,0.332046,0,0,1,0,1,"Central high-volume hotspots"
"Ashford 010E",1,51.117405,0.894027,0,0,1,0,1,"Central high-volume hotspots"
"Bedford 021A",1,52.112363,-0.427635,0,0,1,0,1,"Central high-volume hotspots"
"Bournemouth, Christchurch and Poole 025C",1,50.730349,-1.851204,0,0,1,0,1,"Central high-volume hotspots"
"Blaby 005G",1,52.608533,-1.179028,0,0,1,0,1,"Central high-volume hotspots"
"Birmingham 037G",1,52.506442,-1.891095,0,0,1,0,1,"Central high-volume hotspots"
"Birmingham 095C",1,52.447602,-1.963084,0,0,1,0,1,"Central high-volume hotspots"
"Bath and North East Somerset 006A",1,51.393903,-2.354773,0,0,1,0,1,"Central high-volume hotspots"
"Leeds 032B",1,53.830181,-1.521779,0,0,1,0,1,"Central high-volume hotspots"
"Chelmsford 022B",1,51.736724,0.484655,0,0,1,0,1,"Central high-volume hotspots"
"Basildon 017B",1,51.571347,0.439343,0,0,1,0,1,"Central high-volume hotspots"
"Bath and North East Somerset 002C",1,51.405314,-2.504262,0,0,1,0,1,"Central high-volume hotspots"
"Broxbourne 004C",1,51.745848,-0.012727,0,0,1,0,1,"Central high-volume hotspots"
"Broxbourne 006C",1,51.714065,-0.051628,0,0,1,0,1,"Central high-volume hotspots"
"Buckinghamshire 042B",1,51.630278,-0.732936,0,0,1,0,1,"Central high-volume hotspots"
"Chelmsford 004G",1,51.763719,0.501703,0,0,1,0,1,"Central high-volume hotspots"
"Central Bedfordshire 024E",1,51.909235,-0.638981,0,0,1,0,1,"Central high-volume hotspots"
"Basildon 004C",1,51.619671,0.417865,0,0,1,0,1,"Central high-volume hotspots"
"Harlow 001F",1,51.783679,0.150754,0,0,1,0,1,"Central high-volume hotspots"
"East Hertfordshire 005E",1,51.862976,0.175609,0,0,1,0,1,"Central high-volume hotspots"
"Leeds 032C",1,53.828718,-1.519957,0,0,1,0,1,"Central high-volume hotspots"
"Great Yarmouth 005C",1,52.611989,1.721123,0,0,1,0,1,"Central high-volume hotspots"
"Elmbridge 014B",1,51.374863,-0.392901,0,0,1,0,1,"Central high-volume hotspots"
"Guildford 007D",1,51.251743,-0.570828,0,0,1,0,1,"Central high-volume hotspots"
"Bradford 034B",1,53.810505,-1.771667,0,0,1,0,1,"Central high-volume hotspots"
"Braintree 009F",1,51.877304,0.553425,0,0,1,0,1,"Central high-volume hotspots"
"King's Lynn and West Norfolk 013E",1,52.692904,0.208981,0,0,1,0,1,"Central high-volume hotspots"
"Leeds 050D",1,53.809158,-1.466286,0,0,1,0,1,"Central high-volume hotspots"
"Leeds 111A",1,53.800733,-1.551053,0,0,1,0,1,"Central high-volume hotspots"
"Havant 004C",1,50.883585,-1.019998,0,0,1,0,1,"Central high-volume hotspots"
"Lewes 008A",1,50.78828,0.04674,0,0,1,0,1,"Central high-volume hotspots"
"Hertsmere 006D",1,51.660846,-0.263622,0,0,1,0,1,"Central high-volume hotspots"
"Folkestone and Hythe 008D",1,51.096021,1.120599,0,0,1,0,1,"Central high-volume hotspots"
"Gravesham 004C",1,51.436817,0.355329,0,0,1,0,1,"Central high-volume hotspots"
"Hinckley and Bosworth 010D",1,52.551318,-1.372796,0,0,1,0,1,"Central high-volume hotspots"
"Middlesbrough 005A",1,54.564896,-1.243335,0,0,1,0,1,"Central high-volume hotspots"
"Ipswich 011F",1,52.050812,1.166702,0,0,1,0,1,"Central high-volume hotspots"
"Nottingham 009E",1,52.978645,-1.174564,0,0,1,0,1,"Central high-volume hotspots"
"Rother 009F",1,50.850648,0.454409,0,0,1,0,1,"Central high-volume hotspots"
"Rugby 012E",1,52.301165,-1.236563,0,0,1,0,1,"Central high-volume hotspots"
"Sevenoaks 005C",1,51.375905,0.227572,0,0,1,0,1,"Central high-volume hotspots"
"Sheffield 028C",1,53.384517,-1.501001,0,0,1,0,1,"Central high-volume hotspots"
"Sheffield 037A",1,53.37766,-1.397886,0,0,1,0,1,"Central high-volume hotspots"
"Solihull 007B",1,52.481038,-1.758475,0,0,1,0,1,"Central high-volume hotspots"
"Somerset West and Taunton 011A",1,51.01704,-3.099171,0,0,1,0,1,"Central high-volume hotspots"
"South Cambridgeshire 003D",1,52.29632,-0.007974,0,0,1,0,1,"Central high-volume hotspots"
"Maidstone 008F",1,51.27449,0.48549,0,0,1,0,1,"Central high-volume hotspots"
"South Staffordshire 012C",1,52.534358,-2.185591,0,0,1,0,1,"Central high-volume hotspots"
"Maldon 003E",1,51.744074,0.687559,0,0,1,0,1,"Central high-volume hotspots"
"Maldon 004D",1,51.73468,0.668475,0,0,1,0,1,"Central high-volume hotspots"
"Maldon 006B",1,51.669119,0.817007,0,0,1,0,1,"Central high-volume hotspots"
"Mendip 011A",1,51.148555,-2.718366,0,0,1,0,1,"Central high-volume hotspots"
"Mid Suffolk 002C",1,52.324771,1.079754,0,0,1,0,1,"Central high-volume hotspots"
"Mid Sussex 010D",1,50.996206,-0.091555,0,0,1,0,1,"Central high-volume hotspots"
"Spelthorne 008D",1,51.419628,-0.42139,0,0,1,0,1,"Central high-volume hotspots"
"Huntingdonshire 022B",1,52.219071,-0.290535,0,0,1,0,1,"Central high-volume hotspots"
"Ipswich 014C",1,52.045529,1.185189,0,0,1,0,1,"Central high-volume hotspots"
"Stoke-on-Trent 006E",1,53.054743,-2.184525,0,0,1,0,1,"Central high-volume hotspots"
"Stoke-on-Trent 015A",1,53.016553,-2.181798,0,0,1,0,1,"Central high-volume hotspots"
"Wakefield 012C",1,53.692806,-1.295644,0,0,1,0,1,"Central high-volume hotspots"
"Walsall 031A",1,52.570032,-1.996947,0,0,1,0,1,"Central high-volume hotspots"
"Welwyn Hatfield 012D",1,51.756464,-0.235543,0,0,1,0,1,"Central high-volume hotspots"
"Tandridge 003E",1,51.291402,-0.100883,0,0,1,0,1,"Central high-volume hotspots"
"Tendring 007E",1,51.851956,1.110697,0,0,1,0,1,"Central high-volume hotspots"
"Thanet 004E",1,51.364102,1.394015,0,0,1,0,1,"Central high-volume hotspots"
"Three Rivers 007C",1,51.636071,-0.472454,0,0,1,0,1,"Central high-volume hotspots"
"Thurrock 007C",1,51.500608,0.282466,0,0,1,0,1,"Central high-volume hotspots"
"Tunbridge Wells 005B",1,51.147991,0.289345,0,0,1,0,1,"Central high-volume hotspots"
"St Albans 020D",1,51.712539,-0.373984,0,0,1,0,1,"Central high-volume hotspots"
"Windsor and Maidenhead 009B",1,51.493138,-0.689134,0,0,1,0,1,"Central high-volume hotspots"
"Woking 009A",1,51.314023,-0.602714,0,0,1,0,1,"Central high-volume hotspots"
"West Suffolk 015B",1,52.244168,0.389699,0,0,1,0,1,"Central high-volume hotspots"
"Wolverhampton 028E",1,52.576142,-2.180323,0,0,1,0,1,"Central high-volume hotspots"
"Wirral 027D",1,53.373544,-3.012275,0,0,1,0,1,"Central high-volume hotspots"
"Bexley 019A",137,51.4577014934758,0.192212160441595,0.1314,0.2044,0.1168,0.5474,2,"Cluster 2"
"Brent 006A",110,51.5682803082925,-0.279634952655229,0.1364,0.1364,0.1091,0.6182,2,"Cluster 2"
"Richmond upon Thames 007D",82,51.4581650747801,-0.320400965786901,0.1707,0.0854,0.061,0.6829,2,"Cluster 2"
"Brent 026A",72,51.5374872136218,-0.290810351923077,0.0417,0.3611,0.0556,0.5417,2,"Cluster 2"
"Buckinghamshire 037C",9,51.65852,-0.907419,0,0,0,1,2,"Cluster 2"
"Broxbourne 010E",6,51.7052516666667,-0.0358545,0.1667,0.3333,0,0.5,2,"Cluster 2"
"West Northamptonshire 004E",6,52.324991,-1.24777,0,0.3333,0,0.6667,2,"Cluster 2"
"Dartford 007E",5,51.4501066666667,0.191952666666667,0.2,0,0,0.8,2,"Cluster 2"
"Brentwood 006D",5,51.6131935,0.2743325,0.2,0,0,0.8,2,"Cluster 2"
"Epsom and Ewell 002C",4,51.3676588333333,-0.277812,0.25,0,0,0.75,2,"Cluster 2"
"Epsom and Ewell 010C",4,51.349197,-0.24878675,0,0.5,0,0.5,2,"Cluster 2"
"Dover 012E",3,51.1282983333333,1.329276,0,0.3333,0,0.6667,2,"Cluster 2"
"Nottingham 021A",3,52.959079,-1.124783,0,0,0,1,2,"Cluster 2"
"Basildon 010A",3,51.584903,0.412973666666667,0,0.3333,0,0.6667,2,"Cluster 2"
"Buckinghamshire 059C",3,51.556365,-0.491167,0,0,0.3333,0.6667,2,"Cluster 2"
"Cambridge 011D",3,52.193929,0.177366,0,0.3333,0,0.6667,2,"Cluster 2"
"Slough 002C",2,51.532307,-0.611771,0,0,0,1,2,"Cluster 2"
"Hertsmere 012A",2,51.637117,-0.35742,0.5,0,0,0.5,2,"Cluster 2"
"Dartford 005B",2,51.443725,0.232124,0,0.5,0,0.5,2,"Cluster 2"
"Maidstone 016D",2,51.2310045,0.516769,0,0.5,0,0.5,2,"Cluster 2"
"Uttlesford 005F",2,51.8704625,0.194957,0,0.5,0,0.5,2,"Cluster 2"
"Elmbridge 011A",2,51.372175,-0.434114,0,0.5,0,0.5,2,"Cluster 2"
"Medway 010C",2,51.3911155,0.5677055,0,0.5,0,0.5,2,"Cluster 2"
"Maidstone 019B",2,51.177919,0.5421675,0,0.5,0,0.5,2,"Cluster 2"
"Manchester 024B",2,53.4560825,-2.2560495,0,0.5,0,0.5,2,"Cluster 2"
"Watford 012C",2,51.646009,-0.383288,0,0.5,0,0.5,2,"Cluster 2"
"Cherwell 015F",2,51.8920855,-1.1560985,0,0.5,0,0.5,2,"Cluster 2"
"Reigate and Banstead 011D",2,51.235258,-0.168202,0,0,0,1,2,"Cluster 2"
"Broxbourne 001C",2,51.7742835,-0.0077815,0,0.5,0,0.5,2,"Cluster 2"
"Dartford 005C",2,51.4475065,0.243419,0,0.5,0,0.5,2,"Cluster 2"
"Epsom and Ewell 001A",2,51.3734535,-0.2541435,0,0.5,0,0.5,2,"Cluster 2"
"Leeds 092C",2,53.764848,-1.531214,0,0.5,0,0.5,2,"Cluster 2"
"Dartford 010B",2,51.416726,0.154625,0,0.5,0,0.5,2,"Cluster 2"
"Leicester 041E",2,52.6343305,-1.1323245,0.5,0,0,0.5,2,"Cluster 2"
"Powys 007C",2,52.516652,-3.155527,0,0.5,0,0.5,2,"Cluster 2"
"Welwyn Hatfield 009D",2,51.7855655,-0.1934345,0,0.5,0,0.5,2,"Cluster 2"
"West Suffolk 002B",2,52.447163,0.623074,0,0.5,0,0.5,2,"Cluster 2"
"Sevenoaks 003D",2,51.394927,0.179189,0,0.5,0,0.5,2,"Cluster 2"
"St Albans 006A",2,51.781619,-0.406121,0,0,0,1,2,"Cluster 2"
"St Albans 018F",2,51.725586,-0.304617,0,0.5,0,0.5,2,"Cluster 2"
"Hertsmere 003A",2,51.696328,-0.1676235,0,0.5,0,0.5,2,"Cluster 2"
"Buckinghamshire 053E",2,51.579325,-0.626965,0,0.5,0,0.5,2,"Cluster 2"
"Dartford 010C",2,51.4324245,0.175513,0,0.5,0,0.5,2,"Cluster 2"
"Ashfield 004A",2,53.1314835,-1.254583,0.5,0,0,0.5,2,"Cluster 2"
"Milton Keynes 030B",2,51.9957115,-0.7301265,0.5,0,0,0.5,2,"Cluster 2"
"Hertsmere 009C",2,51.655738,-0.252657,0,0,0,1,2,"Cluster 2"
"Buckinghamshire 067D",2,51.5062345,-0.499992,0,0.5,0,0.5,2,"Cluster 2"
"Medway 007A",2,51.3911225,0.542449,0,0.5,0,0.5,2,"Cluster 2"
"Wirral 008E",2,53.412316,-3.0251115,0,0.5,0,0.5,2,"Cluster 2"
"Woking 002E",2,51.340838,-0.504772,0,0.5,0,0.5,2,"Cluster 2"
"Brentwood 003A",2,51.630974,0.346604,0,0.5,0,0.5,2,"Cluster 2"
"Slough 008A",2,51.510437,-0.636141,0,0,0,1,2,"Cluster 2"
"Slough 009D",2,51.5119455,-0.6091835,0,0.5,0,0.5,2,"Cluster 2"
"Swale 001D",2,51.437524,0.7694295,0,0.5,0,0.5,2,"Cluster 2"
"Runnymede 005D",2,51.4096095,-0.5831735,0.5,0,0,0.5,2,"Cluster 2"
"Elmbridge 006D",2,51.38074,-0.32234,0,0.5,0,0.5,2,"Cluster 2"
"Thurrock 016B",2,51.478505,0.322192,0,0.5,0,0.5,2,"Cluster 2"
"Hertsmere 013B",1,51.635227,-0.344526,0,0,0,1,2,"Cluster 2"
"Reigate and Banstead 018B",1,51.182171,-0.165514,0,0,0,1,2,"Cluster 2"
"Gravesham 012E",1,51.369147,0.376035,0,0,0,1,2,"Cluster 2"
"West Suffolk 018A",1,52.094517,0.480241,0,0,0,1,2,"Cluster 2"
"South Oxfordshire 001C",1,51.746068,-0.96889,0,0,0,1,2,"Cluster 2"
"Brighton and Hove 031B",1,50.820327,-0.120087,0,0,0,1,2,"Cluster 2"
"Wakefield 039C",1,53.633911,-1.381405,0,0,0,1,2,"Cluster 2"
"Southampton 001C",1,50.943769,-1.404969,0,0,0,1,2,"Cluster 2"
"Luton 021A",1,51.870418,-0.419528,0,0,0,1,2,"Cluster 2"
"Tameside 014B",1,53.476707,-2.134463,0,0,0,1,2,"Cluster 2"
"Medway 010B",1,51.388375,0.556721,0,0,0,1,2,"Cluster 2"
"Chelmsford 023A",1,51.740257,0.468509,0,0,0,1,2,"Cluster 2"
"Birmingham 082D",1,52.454207,-1.8699,0,0,0,1,2,"Cluster 2"
"North Northamptonshire 028E",1,52.317567,-0.69229,0,0,0,1,2,"Cluster 2"
"Blackburn with Darwen 018A",1,53.725085,-2.442171,0,0,0,1,2,"Cluster 2"
"Gravesham 006B",1,51.435507,0.34037,0,0,0,1,2,"Cluster 2"
"Dacorum 017A",1,51.754414,-0.427521,0,0,0,1,2,"Cluster 2"
"Luton 020D",1,51.872352,-0.424297,0,0,0,1,2,"Cluster 2"
"Leeds 101C",1,53.742904,-1.556096,0,0,0,1,2,"Cluster 2"
"Canterbury 020C",1,51.284307,1.060418,0,0,0,1,2,"Cluster 2"
"Tendring 018B",1,51.789114,1.117145,0,0,0,1,2,"Cluster 2"
"Bournemouth, Christchurch and Poole 047C",1,50.729424,-1.947085,0,0,0,1,2,"Cluster 2"
"Swale 008A",1,51.349066,0.660337,0,0,0,1,2,"Cluster 2"
"Medway 007H",1,51.400301,0.542217,0,0,0,1,2,"Cluster 2"
"West Suffolk 013F",1,52.247655,0.712568,0,0,0,1,2,"Cluster 2"
"Reigate and Banstead 007C",1,51.278878,-0.214802,0,0,0,1,2,"Cluster 2"
"Uttlesford 005A",1,51.907606,0.263777,0,0,0,1,2,"Cluster 2"
"Babergh 007H",1,52.038099,0.728206,0,0,0,1,2,"Cluster 2"
"Swansea 026A",1,51.613178,-3.959206,0,0,0,1,2,"Cluster 2"
"Maidstone 011A",1,51.235388,0.711451,0,0,0,1,2,"Cluster 2"
"Maldon 007F",1,51.644338,0.677664,0,0,0,1,2,"Cluster 2"
"Liverpool 014E",1,53.441086,-2.984448,0,0,0,1,2,"Cluster 2"
"Carmarthenshire 021B",1,51.682369,-4.258894,0,0,0,1,2,"Cluster 2"
"Watford 009H",1,51.656775,-0.393242,0,0,0,1,2,"Cluster 2"
"Brentwood 002B",1,51.672374,0.387333,0,0,0,1,2,"Cluster 2"
"Hertsmere 002C",1,51.694322,-0.201903,0,0,0,1,2,"Cluster 2"
"Elmbridge 001B",1,51.402498,-0.381193,0,0,0,1,2,"Cluster 2"
"Dacorum 009A",1,51.760074,-0.560487,0,0,0,1,2,"Cluster 2"
"Test Valley 006C",1,51.205067,-1.483157,0,0,0,1,2,"Cluster 2"
"Rochdale 024D",1,53.543678,-2.225506,0,0,0,1,2,"Cluster 2"
"Canterbury 009C",1,51.34157,1.012778,0,0,0,1,2,"Cluster 2"
"Boston 001D",1,53.042252,0.143323,0,0,0,1,2,"Cluster 2"
"Maidstone 001C",1,51.294282,0.515656,0,0,0,1,2,"Cluster 2"
"Thanet 002D",1,51.388558,1.403704,0,0,0,1,2,"Cluster 2"
"East Hertfordshire 006B",1,51.847891,-0.022217,0,0,0,1,2,"Cluster 2"
"Gloucester 004H",1,51.862369,-2.249565,0,0,0,1,2,"Cluster 2"
"West Northamptonshire 051E",1,52.044042,-1.146059,0,0,0,1,2,"Cluster 2"
"Reigate and Banstead 009D",1,51.256042,-0.197529,0,0,0,1,2,"Cluster 2"
"Derby 008B",1,52.929467,-1.480213,0,0,0,1,2,"Cluster 2"
"Bath and North East Somerset 022G",1,51.342392,-2.441276,0,0,0,1,2,"Cluster 2"
"Mansfield 011C",1,53.144296,-1.15852,0,0,0,1,2,"Cluster 2"
"Bournemouth, Christchurch and Poole 035B",1,50.730907,-1.82591,0,0,0,1,2,"Cluster 2"
"Three Rivers 002C",1,51.708056,-0.388676,0,0,0,1,2,"Cluster 2"
"Flintshire 008C",1,53.215194,-3.064606,0,0,0,1,2,"Cluster 2"
"Bournemouth, Christchurch and Poole 043D",1,50.72786,-1.930142,0,0,0,1,2,"Cluster 2"
"Hart 002A",1,51.334208,-0.865427,0,0,0,1,2,"Cluster 2"
"Hart 006B",1,51.28931,-0.955302,0,0,0,1,2,"Cluster 2"
"Hartlepool 015D",1,54.688847,-1.22949,0,0,0,1,2,"Cluster 2"
"Basildon 022B",1,51.56147,0.508923,0,0,0,1,2,"Cluster 2"
"East Suffolk 025E",1,52.040452,1.306043,0,0,0,1,2,"Cluster 2"
"Pembrokeshire 012A",1,51.714915,-5.046249,0,0,0,1,2,"Cluster 2"
"Carmarthenshire 013C",1,51.789479,-3.971261,0,0,0,1,2,"Cluster 2"
"Luton 015D",1,51.896638,-0.447269,0,0,0,1,2,"Cluster 2"
"Rochford 009E",1,51.579666,0.605366,0,0,0,1,2,"Cluster 2"
"Swindon 017A",1,51.564043,-1.772375,0,0,0,1,2,"Cluster 2"
"Oxford 007B",1,51.757633,-1.192212,0,0,0,1,2,"Cluster 2"
"Watford 011A",1,51.650792,-0.414197,0,0,0,1,2,"Cluster 2"
"Dacorum 015C",1,51.756059,-0.457311,0,0,0,1,2,"Cluster 2"
"Crawley 012C",1,51.094759,-0.210163,0,0,0,1,2,"Cluster 2"
"Tonbridge and Malling 005B",1,51.292959,0.468391,0,0,0,1,2,"Cluster 2"
"Broxtowe 009A",1,52.939008,-1.231876,0,0,0,1,2,"Cluster 2"
"Thurrock 008B",1,51.503394,0.254204,0,0,0,1,2,"Cluster 2"
"Basildon 011A",1,51.576559,0.513651,0,0,0,1,2,"Cluster 2"
"Tonbridge and Malling 014C",1,51.295713,0.412206,0,0,0,1,2,"Cluster 2"
"Colchester 019D",1,51.791058,0.962759,0,0,0,1,2,"Cluster 2"
"Epsom and Ewell 010E",1,51.364101,-0.234345,0,0,0,1,2,"Cluster 2"
"Swale 003B",1,51.428285,0.795916,0,0,0,1,2,"Cluster 2"
"South Oxfordshire 001D",1,51.752129,-0.973113,0,0,0,1,2,"Cluster 2"
"Reigate and Banstead 009E",1,51.250004,-0.20258,0,0,0,1,2,"Cluster 2"
"Coventry 004D",1,52.436797,-1.475039,0,0,0,1,2,"Cluster 2"
"Reading 012D",1,51.452428,-0.949584,0,0,0,1,2,"Cluster 2"
"Buckinghamshire 038B",1,51.636194,-0.759056,0,0,0,1,2,"Cluster 2"
"Maidstone 016A",1,51.231455,0.496641,0,0,0,1,2,"Cluster 2"
"Mole Valley 005D",1,51.293983,-0.356485,0,0,0,1,2,"Cluster 2"
"Basildon 021A",1,51.564793,0.402182,0,0,0,1,2,"Cluster 2"
"Chelmsford 018F",1,51.669549,0.494239,0,0,0,1,2,"Cluster 2"
"Harborough 003H",1,52.536632,-1.001412,0,0,0,1,2,"Cluster 2"
"St Albans 012C",1,51.755116,-0.33803,0,0,0,1,2,"Cluster 2"
"Monmouthshire 007A",1,51.686666,-2.74725,0,0,0,1,2,"Cluster 2"
"Hertsmere 001A",1,51.678345,-0.187435,0,0,0,1,2,"Cluster 2"
"Kirklees 048B",1,53.629137,-1.783171,0,0,0,1,2,"Cluster 2"
"Dartford 007C",1,51.439027,0.175416,0,0,0,1,2,"Cluster 2"
"Leeds 111C",1,53.795896,-1.538914,0,0,0,1,2,"Cluster 2"
"Buckinghamshire 052A",1,51.621494,-0.804252,0,0,0,1,2,"Cluster 2"
"St Albans 020E",1,51.707087,-0.371835,0,0,0,1,2,"Cluster 2"
"Basildon 005A",1,51.61569,0.520291,0,0,0,1,2,"Cluster 2"
"Buckinghamshire 056A",1,51.603157,-0.682979,0,0,0,1,2,"Cluster 2"
"Stafford 002E",1,52.918851,-2.222764,0,0,0,1,2,"Cluster 2"
"Plymouth 028C",1,50.369679,-4.116684,0,0,0,1,2,"Cluster 2"
"Staffordshire Moorlands 011A",1,52.994182,-1.983973,0,0,0,1,2,"Cluster 2"
"Maidstone 004C",1,51.278275,0.524761,0,0,0,1,2,"Cluster 2"
"Reigate and Banstead 007B",1,51.267881,-0.207817,0,0,0,1,2,"Cluster 2"
"Birmingham 115B",1,52.413807,-1.863241,0,0,0,1,2,"Cluster 2"
"Tandridge 010B",1,51.153327,0.003927,0,0,0,1,2,"Cluster 2"
"Warwick 008A",1,52.290727,-1.561729,0,0,0,1,2,"Cluster 2"
"Basildon 017E",1,51.573386,0.45667,0,0,0,1,2,"Cluster 2"
"Gravesham 010E",1,51.404811,0.395182,0,0,0,1,2,"Cluster 2"
"Epping Forest 001A",1,51.732895,0.12475,0,0,0,1,2,"Cluster 2"
"North Tyneside 022B",1,55.00756,-1.448155,0,0,0,1,2,"Cluster 2"
"Stoke-on-Trent 014A",1,53.023104,-2.136564,0,0,0,1,2,"Cluster 2"
"Lichfield 005B",1,52.683612,-1.80051,0,0,0,1,2,"Cluster 2"
"Three Rivers 011C",1,51.639538,-0.436657,0,0,0,1,2,"Cluster 2"
"Blaby 002C",1,52.625651,-1.20561,0,0,0,1,2,"Cluster 2"
"Wirral 042C",1,53.317347,-2.969694,0,0,0,1,2,"Cluster 2"
"Woking 001B",1,51.331112,-0.476064,0,0,0,1,2,"Cluster 2"
"Epping Forest 006A",1,51.688931,0.13017,0,0,0,1,2,"Cluster 2"
"Slough 005F",1,51.521313,-0.57375,0,0,0,1,2,"Cluster 2"
"Colchester 022B",1,51.902459,0.934277,0,0,0,1,2,"Cluster 2"
"Brentwood 003D",1,51.636163,0.351988,0,0,0,1,2,"Cluster 2"
"Watford 011F",1,51.651472,-0.422644,0,0,0,1,2,"Cluster 2"
"Woking 012A",1,51.305303,-0.63038,0,0,0,1,2,"Cluster 2"
"Wokingham 002B",1,51.47912,-0.882039,0,0,0,1,2,"Cluster 2"
"Bolton 024E",1,53.559574,-2.374184,0,0,0,1,2,"Cluster 2"
"Surrey Heath 004D",1,51.340039,-0.742519,0,0,0,1,2,"Cluster 2"
"Wokingham 017E",1,51.406896,-0.971273,0,0,0,1,2,"Cluster 2"
"Melton 005B",1,52.754416,-0.874792,0,0,0,1,2,"Cluster 2"
"Windsor and Maidenhead 002E",1,51.498972,-0.773793,0,0,0,1,2,"Cluster 2"
"Surrey Heath 011A",1,51.303987,-0.724066,0,0,0,1,2,"Cluster 2"
"Epping Forest 013B",1,51.647162,0.07535,0,0,0,1,2,"Cluster 2"
"Harlow 001E",1,51.786293,0.154329,0,0,0,1,2,"Cluster 2"
"Slough 013E",1,51.492779,-0.549432,0,0,0,1,2,"Cluster 2"
"Thurrock 013D",1,51.483889,0.409709,0,0,0,1,2,"Cluster 2"
"Brighton and Hove 011A",1,50.841939,-0.159104,0,0,0,1,2,"Cluster 2"
"Windsor and Maidenhead 011D",1,51.474577,-0.543429,0,0,0,1,2,"Cluster 2"
"Worthing 010D",1,50.817404,-0.384855,0,0,0,1,2,"Cluster 2"
"Mid Suffolk 008C",1,52.175711,0.989291,0,0,0,1,2,"Cluster 2"
"Wychavon 011D",1,52.110001,-1.851453,0,0,0,1,2,"Cluster 2"
"Calderdale 010B",1,53.728557,-1.890182,0,0,0,1,2,"Cluster 2"
"Cardiff 035B",1,51.485462,-3.210481,0,0,0,1,2,"Cluster 2"
"Mid Sussex 007F",1,51.05594,-0.201044,0,0,0,1,2,"Cluster 2"
"Bracknell Forest 005C",1,51.423384,-0.687304,0,0,0,1,2,"Cluster 2"
"Bracknell Forest 006C",1,51.404578,-0.730284,0,0,0,1,2,"Cluster 2"
"Welwyn Hatfield 017C",1,51.733858,-0.187677,0,0,0,1,2,"Cluster 2"
"Kensington and Chelsea 005A",569,51.5112473263021,-0.216953348052031,0.8612,0.0633,0.0422,0.0334,3,"Acquisitive-dominant areas"
"Lewisham 030E",293,51.427663885054,-0.00610110451690123,0.8362,0.1024,0.041,0.0205,3,"Acquisitive-dominant areas"
"Kensington and Chelsea 012C",244,51.492547471762,-0.159581730718924,0.7664,0.1066,0.082,0.0451,3,"Acquisitive-dominant areas"
"Barnet 001A",219,51.6555599364355,-0.203966072584977,0.7626,0.0868,0.1233,0.0274,3,"Acquisitive-dominant areas"
"Kensington and Chelsea 018D",201,51.4915800718182,-0.157410652483529,0.7463,0.1194,0.1144,0.0199,3,"Acquisitive-dominant areas"
"Barnet 010E",200,51.6178693198505,-0.143995640748141,0.725,0.15,0.075,0.05,3,"Acquisitive-dominant areas"
"Redbridge 014D",183,51.5793355820037,0.0270934255358035,0.8415,0.0874,0.0383,0.0328,3,"Acquisitive-dominant areas"
"Lambeth 004J",173,51.480564266062,-0.128590644746788,0.7572,0.1618,0.0636,0.0173,3,"Acquisitive-dominant areas"
"Kensington and Chelsea 018E",131,51.488614728279,-0.163690146282373,0.7557,0.084,0.0916,0.0687,3,"Acquisitive-dominant areas"
"Westminster 001C",130,51.5334020134712,-0.170166128132832,0.7231,0.1,0.1385,0.0385,3,"Acquisitive-dominant areas"
"Kensington and Chelsea 011C",121,51.5000902933724,-0.193760789619314,0.7769,0.0413,0.1653,0.0165,3,"Acquisitive-dominant areas"
"Croydon 018D",110,51.3787141752137,-0.0446554230769231,0.7545,0.1727,0.0545,0.0182,3,"Acquisitive-dominant areas"
"Greenwich 027A",106,51.45665675,0.0516575674603175,0.7264,0.1604,0.0943,0.0189,3,"Acquisitive-dominant areas"
"Lewisham 001F",105,51.491640613434,-0.0385824756097561,0.7524,0.1524,0.0476,0.0476,3,"Acquisitive-dominant areas"
"City of London 001A",100,51.5178095072464,-0.0973095688405797,0.71,0.09,0.05,0.15,3,"Acquisitive-dominant areas"
"Bromley 016A",65,51.4065832314815,0.0290192175925926,0.8,0.0769,0.0769,0.0462,3,"Acquisitive-dominant areas"
"Newham 042E",36,51.50097175,0.0310134375,0.6944,0.1944,0.0833,0.0278,3,"Acquisitive-dominant areas"
"Southwark 031C",35,51.4541904933333,-0.0938024266666667,0.7429,0.0571,0.0857,0.1143,3,"Acquisitive-dominant areas"
"Southwark 035C",33,51.5005784583333,-0.0722178125,0.7273,0.1818,0.0606,0.0303,3,"Acquisitive-dominant areas"
"Richmond upon Thames 012A",33,51.45956936,-0.27170734,0.697,0.0909,0.0909,0.1212,3,"Acquisitive-dominant areas"
"Merton 001B",31,51.4355797954545,-0.197718181818182,0.6774,0.2258,0.0323,0.0645,3,"Acquisitive-dominant areas"
"Barnet 020B",31,51.6141502539683,-0.195202706349206,0.7742,0.0968,0.0968,0.0323,3,"Acquisitive-dominant areas"
"Haringey 033B",26,51.5770303508772,-0.129899618421053,0.6923,0.1538,0.0769,0.0769,3,"Acquisitive-dominant areas"
"Enfield 028D",25,51.6209458137255,-0.127341078431373,0.84,0.16,0,0,3,"Acquisitive-dominant areas"
"Havering 023C",25,51.5579280196078,0.214090441176471,0.68,0.28,0,0.04,3,"Acquisitive-dominant areas"
"Sutton 016E",24,51.3598434133333,-0.209896513333333,0.7083,0.125,0.125,0.0417,3,"Acquisitive-dominant areas"
"Croydon 025A",24,51.3693295833333,-0.0331815885416667,0.75,0.2083,0.0417,0,3,"Acquisitive-dominant areas"
"Wandsworth 009B",19,51.4572361071429,-0.162359607142857,0.7368,0.2105,0.0526,0,3,"Acquisitive-dominant areas"
"Wandsworth 017B",18,51.4540414666667,-0.15795815,0.7222,0.1111,0,0.1667,3,"Acquisitive-dominant areas"
"Crawley 001C",18,51.157511974359,-0.173786307692308,0.8333,0.1667,0,0,3,"Acquisitive-dominant areas"
"Havering 024C",17,51.5470195416667,0.249056722222222,0.7647,0.0588,0.0588,0.1176,3,"Acquisitive-dominant areas"
"Enfield 022A",15,51.6381705454545,-0.0928795454545455,0.8,0.1333,0,0.0667,3,"Acquisitive-dominant areas"
"Redbridge 014G",13,51.5907244545455,0.0155411363636364,0.9231,0.0769,0,0,3,"Acquisitive-dominant areas"
"Bromley 030F",12,51.3732951111111,-0.0212393888888889,0.9167,0,0,0.0833,3,"Acquisitive-dominant areas"
"Crawley 004C",11,51.1175162857143,-0.187646857142857,0.7273,0.2727,0,0,3,"Acquisitive-dominant areas"
"Bromley 027E",9,51.3833220625,0.0017731875,1,0,0,0,3,"Acquisitive-dominant areas"
"Elmbridge 005C",8,51.388541,-0.339835285714286,0.75,0.125,0.125,0,3,"Acquisitive-dominant areas"
"Elmbridge 001A",7,51.4080622857143,-0.370567857142857,0.7143,0.2857,0,0,3,"Acquisitive-dominant areas"
"Brighton and Hove 002B",6,50.8670921666667,-0.100649916666667,0.8333,0.1667,0,0,3,"Acquisitive-dominant areas"
"Watford 009B",6,51.6546968333333,-0.391999,0.6667,0.3333,0,0,3,"Acquisitive-dominant areas"
"Epping Forest 002A",5,51.731707125,0.069260125,1,0,0,0,3,"Acquisitive-dominant areas"
"Elmbridge 005A",5,51.3878194,-0.327241,0.8,0.2,0,0,3,"Acquisitive-dominant areas"
"Watford 010C",5,51.650827,-0.4034456,0.8,0.2,0,0,3,"Acquisitive-dominant areas"
"Broxbourne 013E",5,51.6859875,-0.019058375,0.8,0,0.2,0,3,"Acquisitive-dominant areas"
"Epping Forest 015C",4,51.61972725,0.04566025,0.75,0.25,0,0,3,"Acquisitive-dominant areas"
"Windsor and Maidenhead 010B",4,51.485775,-0.605839,1,0,0,0,3,"Acquisitive-dominant areas"
"Hertsmere 009D",4,51.65169575,-0.25431925,0.75,0,0.25,0,3,"Acquisitive-dominant areas"
"Spelthorne 001B",4,51.457529,-0.472273,1,0,0,0,3,"Acquisitive-dominant areas"
"Harlow 003E",3,51.781097,0.095032,0.6667,0.3333,0,0,3,"Acquisitive-dominant areas"
"Reigate and Banstead 007A",3,51.2922933333333,-0.201937666666667,0.6667,0.3333,0,0,3,"Acquisitive-dominant areas"
"Bedford 007F",3,52.1531096666667,-0.419665333333333,0.6667,0.3333,0,0,3,"Acquisitive-dominant areas"
"Luton 014D",3,51.875839,-0.36727,1,0,0,0,3,"Acquisitive-dominant areas"
"Hertsmere 011E",3,51.644899,-0.25618825,0.6667,0.3333,0,0,3,"Acquisitive-dominant areas"
"Buckinghamshire 059B",3,51.592083,-0.508645666666667,1,0,0,0,3,"Acquisitive-dominant areas"
"Luton 023C",3,51.880783,-0.414674333333333,0.6667,0.3333,0,0,3,"Acquisitive-dominant areas"
"Cambridge 007J",3,52.2031053333333,0.122901666666667,0.6667,0.3333,0,0,3,"Acquisitive-dominant areas"
"Birmingham 050E",2,52.4859435,-1.8803215,0.5,0.5,0,0,3,"Acquisitive-dominant areas"
"Maidstone 011D",2,51.2606325,0.6800875,1,0,0,0,3,"Acquisitive-dominant areas"
"Sevenoaks 005B",2,51.390755,0.2460175,1,0,0,0,3,"Acquisitive-dominant areas"
"Solihull 009A",2,52.4561755,-1.729193,0.5,0.5,0,0,3,"Acquisitive-dominant areas"
"Birmingham 043A",2,52.496076,-1.8689665,0.5,0.5,0,0,3,"Acquisitive-dominant areas"
"Wigan 007B",2,53.5568555,-2.6007515,1,0,0,0,3,"Acquisitive-dominant areas"
"South Derbyshire 003F",2,52.886614,-1.531894,0.5,0.5,0,0,3,"Acquisitive-dominant areas"
"Cardiff 032H",2,51.4822685,-3.1721395,0.5,0.5,0,0,3,"Acquisitive-dominant areas"
"Charnwood 002E",2,52.780414,-1.220957,0.5,0.5,0,0,3,"Acquisitive-dominant areas"
"Cheltenham 009G",2,51.901322,-2.079557,1,0,0,0,3,"Acquisitive-dominant areas"
"Thurrock 019A",2,51.4887945,0.292435,1,0,0,0,3,"Acquisitive-dominant areas"
"Elmbridge 006C",2,51.3843795,-0.3208775,1,0,0,0,3,"Acquisitive-dominant areas"
"Manchester 017H",2,53.470976,-2.1642205,0.5,0.5,0,0,3,"Acquisitive-dominant areas"
"Newcastle upon Tyne 036C",2,54.9728435,-1.6157535,0.5,0.5,0,0,3,"Acquisitive-dominant areas"
"Tendring 008G",2,51.833637,1.207645,1,0,0,0,3,"Acquisitive-dominant areas"
"Sunderland 013B",2,54.9072105,-1.376856,0.5,0.5,0,0,3,"Acquisitive-dominant areas"
"Chesterfield 004B",2,53.257989,-1.430267,1,0,0,0,3,"Acquisitive-dominant areas"
"Birmingham 134B",2,52.477249,-1.9111075,0.5,0.5,0,0,3,"Acquisitive-dominant areas"
"Peterborough 014A",2,52.571416,-0.2463635,0.5,0.5,0,0,3,"Acquisitive-dominant areas"
"Dacorum 001A",2,51.8244155,-0.4332335,1,0,0,0,3,"Acquisitive-dominant areas"
"Windsor and Maidenhead 014C",2,51.484281,-0.640176,1,0,0,0,3,"Acquisitive-dominant areas"
"Spelthorne 002B",2,51.4494785,-0.4726665,1,0,0,0,3,"Acquisitive-dominant areas"
"Bristol 025E",2,51.458734,-2.589929,0.5,0.5,0,0,3,"Acquisitive-dominant areas"
"East Hertfordshire 013E",2,51.8127465,-0.0387135,1,0,0,0,3,"Acquisitive-dominant areas"
"Spelthorne 001C",2,51.450095,-0.4782515,1,0,0,0,3,"Acquisitive-dominant areas"
"Three Rivers 012A",2,51.616333,-0.391941,1,0,0,0,3,"Acquisitive-dominant areas"
"Bath and North East Somerset 007A",2,51.38507,-2.358994,0.5,0.5,0,0,3,"Acquisitive-dominant areas"
"Woking 005D",2,51.323356,-0.597422,1,0,0,0,3,"Acquisitive-dominant areas"
"Horsham 001G",2,51.098384,-0.242858,1,0,0,0,3,"Acquisitive-dominant areas"
"Leicester 040F",2,52.627521,-1.1386495,0.5,0.5,0,0,3,"Acquisitive-dominant areas"
"Reigate and Banstead 011I",2,51.239339,-0.163226,1,0,0,0,3,"Acquisitive-dominant areas"
"Leeds 063F",2,53.807664,-1.5552075,0.5,0.5,0,0,3,"Acquisitive-dominant areas"
"Crawley 004A",2,51.145024,-0.175465,1,0,0,0,3,"Acquisitive-dominant areas"
"Middlesbrough 002A",2,54.568135,-1.208768,0.5,0.5,0,0,3,"Acquisitive-dominant areas"
"Manchester 055E",2,53.4766105,-2.227817,1,0,0,0,3,"Acquisitive-dominant areas"
"Cambridge 007C",2,52.2078245,0.1331975,1,0,0,0,3,"Acquisitive-dominant areas"
"Hastings 007D",2,50.857106,0.591214,1,0,0,0,3,"Acquisitive-dominant areas"
"Cambridge 007H",2,52.2060345,0.1197145,1,0,0,0,3,"Acquisitive-dominant areas"
"Leicester 004A",2,52.6671445,-1.176059,0.5,0.5,0,0,3,"Acquisitive-dominant areas"
"Buckinghamshire 041A",1,51.642212,-0.722343,1,0,0,0,3,"Acquisitive-dominant areas"
"Spelthorne 013C",1,51.391893,-0.439981,1,0,0,0,3,"Acquisitive-dominant areas"
"Broxbourne 003B",1,51.757042,-0.015264,1,0,0,0,3,"Acquisitive-dominant areas"
"Fenland 003H",1,52.660048,0.161261,1,0,0,0,3,"Acquisitive-dominant areas"
"Birmingham 043B",1,52.502631,-1.865825,1,0,0,0,3,"Acquisitive-dominant areas"
"Chelmsford 020B",1,51.640933,0.60035,1,0,0,0,3,"Acquisitive-dominant areas"
"Epping Forest 014A",1,51.63677,0.049513,1,0,0,0,3,"Acquisitive-dominant areas"
"Tandridge 011A",1,51.188268,-0.068276,1,0,0,0,3,"Acquisitive-dominant areas"
"Telford and Wrekin 012D",1,52.698168,-2.518845,1,0,0,0,3,"Acquisitive-dominant areas"
"Fenland 008B",1,52.556414,-0.172304,1,0,0,0,3,"Acquisitive-dominant areas"
"Charnwood 003A",1,52.77286,-1.209619,1,0,0,0,3,"Acquisitive-dominant areas"
"Luton 005F",1,51.905334,-0.458933,1,0,0,0,3,"Acquisitive-dominant areas"
"Chelmsford 013B",1,51.719367,0.504147,1,0,0,0,3,"Acquisitive-dominant areas"
"Telford and Wrekin 018B",1,52.675113,-2.420279,1,0,0,0,3,"Acquisitive-dominant areas"
"North Tyneside 010D",1,55.032101,-1.446003,1,0,0,0,3,"Acquisitive-dominant areas"
"Hertsmere 009B",1,51.65988,-0.26029,1,0,0,0,3,"Acquisitive-dominant areas"
"South Staffordshire 012E",1,52.526527,-2.208002,1,0,0,0,3,"Acquisitive-dominant areas"
"Thurrock 012D",1,51.488006,0.374086,1,0,0,0,3,"Acquisitive-dominant areas"
"Windsor and Maidenhead 018F",1,51.401749,-0.657159,1,0,0,0,3,"Acquisitive-dominant areas"
"Liverpool 061C",1,53.401583,-2.988334,1,0,0,0,3,"Acquisitive-dominant areas"
"Portsmouth 022D",1,50.788279,-1.094585,1,0,0,0,3,"Acquisitive-dominant areas"
"Folkestone and Hythe 005B",1,51.090158,1.141357,1,0,0,0,3,"Acquisitive-dominant areas"
"Reigate and Banstead 007D",1,51.309816,-0.174733,1,0,0,0,3,"Acquisitive-dominant areas"
"Somerset West and Taunton 018F",1,50.97934,-3.221657,1,0,0,0,3,"Acquisitive-dominant areas"
"Coventry 008E",1,52.439119,-1.451871,1,0,0,0,3,"Acquisitive-dominant areas"
"Chelmsford 011C",1,51.730576,0.43037,1,0,0,0,3,"Acquisitive-dominant areas"
"Slough 014A",1,51.491728,-0.535046,1,0,0,0,3,"Acquisitive-dominant areas"
"St Albans 002B",1,51.818598,-0.346229,1,0,0,0,3,"Acquisitive-dominant areas"
"Derby 013E",1,52.919104,-1.488979,1,0,0,0,3,"Acquisitive-dominant areas"
"County Durham 017F",1,54.835705,-1.336972,1,0,0,0,3,"Acquisitive-dominant areas"
"Chelmsford 018B",1,51.66616,0.448064,1,0,0,0,3,"Acquisitive-dominant areas"
"Epping Forest 013E",1,51.636301,0.05679,1,0,0,0,3,"Acquisitive-dominant areas"
"South Oxfordshire 006F",1,51.657242,-1.232077,1,0,0,0,3,"Acquisitive-dominant areas"
"Dartford 002G",1,51.443571,0.276152,1,0,0,0,3,"Acquisitive-dominant areas"
"Sefton 026E",1,53.475383,-2.921915,1,0,0,0,3,"Acquisitive-dominant areas"
"Tunbridge Wells 001C",1,51.178962,0.425462,1,0,0,0,3,"Acquisitive-dominant areas"
"Wychavon 018A",1,52.040086,-1.870244,1,0,0,0,3,"Acquisitive-dominant areas"
"Hertsmere 012C",1,51.651514,-0.358735,1,0,0,0,3,"Acquisitive-dominant areas"
"Southend-on-Sea 015D",1,51.538847,0.706511,1,0,0,0,3,"Acquisitive-dominant areas"
"Medway 023D",1,51.36828,0.58632,1,0,0,0,3,"Acquisitive-dominant areas"
"Cherwell 011H",1,51.870594,-1.127342,1,0,0,0,3,"Acquisitive-dominant areas"
"Luton 011D",1,51.897344,-0.463363,1,0,0,0,3,"Acquisitive-dominant areas"
"County Durham 029A",1,54.779575,-1.543613,1,0,0,0,3,"Acquisitive-dominant areas"
"Brighton and Hove 027A",1,50.819847,-0.138975,1,0,0,0,3,"Acquisitive-dominant areas"
"Central Bedfordshire 029G",1,51.892142,-0.52133,1,0,0,0,3,"Acquisitive-dominant areas"
"Broxbourne 005D",1,51.725017,-0.021488,1,0,0,0,3,"Acquisitive-dominant areas"
"Swale 005C",1,51.417294,0.744127,1,0,0,0,3,"Acquisitive-dominant areas"
"Lancaster 014B",1,54.050707,-2.792466,1,0,0,0,3,"Acquisitive-dominant areas"
"Thurrock 008A",1,51.498668,0.254475,1,0,0,0,3,"Acquisitive-dominant areas"
"Stoke-on-Trent 006C",1,53.055307,-2.192196,1,0,0,0,3,"Acquisitive-dominant areas"
"Three Rivers 004D",1,51.63996,-0.474174,1,0,0,0,3,"Acquisitive-dominant areas"
"Mid Sussex 002B",1,51.136995,-0.115488,1,0,0,0,3,"Acquisitive-dominant areas"
"Bournemouth, Christchurch and Poole 002D",1,50.771174,-1.836496,1,0,0,0,3,"Acquisitive-dominant areas"
"Gravesham 003B",1,51.433074,0.412026,1,0,0,0,3,"Acquisitive-dominant areas"
"Three Rivers 009B",1,51.635266,-0.495775,1,0,0,0,3,"Acquisitive-dominant areas"
"Milton Keynes 034D",1,52.043093,-0.682074,1,0,0,0,3,"Acquisitive-dominant areas"
"Southampton 030C",1,50.898746,-1.351393,1,0,0,0,3,"Acquisitive-dominant areas"
"West Suffolk 008A",1,52.265909,0.3639,1,0,0,0,3,"Acquisitive-dominant areas"
"Fenland 003I",1,52.663112,0.158899,1,0,0,0,3,"Acquisitive-dominant areas"
"Gravesham 006F",1,51.434855,0.32661,1,0,0,0,3,"Acquisitive-dominant areas"
"Oldham 019A",1,53.544806,-2.09496,1,0,0,0,3,"Acquisitive-dominant areas"
"Sheffield 071A",1,53.317302,-1.505823,1,0,0,0,3,"Acquisitive-dominant areas"
"Cardiff 021A",1,51.517487,-3.213478,1,0,0,0,3,"Acquisitive-dominant areas"
"Harlow 005D",1,51.763043,0.131382,1,0,0,0,3,"Acquisitive-dominant areas"
"Stockport 027E",1,53.389272,-2.138051,1,0,0,0,3,"Acquisitive-dominant areas"
"Sedgemoor 012A",1,51.128788,-2.808304,1,0,0,0,3,"Acquisitive-dominant areas"
"Salford 010A",1,53.514418,-2.249253,1,0,0,0,3,"Acquisitive-dominant areas"
"South Oxfordshire 005B",1,51.698755,-0.91692,1,0,0,0,3,"Acquisitive-dominant areas"
"Epping Forest 015F",1,51.633576,0.038762,1,0,0,0,3,"Acquisitive-dominant areas"
"Cherwell 008G",1,52.033202,-1.320828,1,0,0,0,3,"Acquisitive-dominant areas"
"Medway 020D",1,51.376181,0.54009,1,0,0,0,3,"Acquisitive-dominant areas"
"Liverpool 017C",1,53.429397,-2.881291,1,0,0,0,3,"Acquisitive-dominant areas"
"Epping Forest 008B",1,51.681392,0.009909,1,0,0,0,3,"Acquisitive-dominant areas"
"Mole Valley 006A",1,51.282258,-0.378512,1,0,0,0,3,"Acquisitive-dominant areas"
"Cornwall 002B",1,50.817886,-4.491816,1,0,0,0,3,"Acquisitive-dominant areas"
"Wyre Forest 007F",1,52.389709,-2.227023,1,0,0,0,3,"Acquisitive-dominant areas"
"Buckinghamshire 065B",1,51.540532,-0.661817,1,0,0,0,3,"Acquisitive-dominant areas"
"Liverpool 034E",1,53.409673,-2.894964,1,0,0,0,3,"Acquisitive-dominant areas"
"Dartford 006A",1,51.443898,0.246624,1,0,0,0,3,"Acquisitive-dominant areas"
"Slough 010C",1,51.506615,-0.543358,1,0,0,0,3,"Acquisitive-dominant areas"
"Slough 010A",1,51.504449,-0.533399,1,0,0,0,3,"Acquisitive-dominant areas"
"Bedford 018B",1,52.112662,-0.502418,1,0,0,0,3,"Acquisitive-dominant areas"
"Slough 011G",1,51.505538,-0.589141,1,0,0,0,3,"Acquisitive-dominant areas"
"Elmbridge 005D",1,51.385608,-0.327882,1,0,0,0,3,"Acquisitive-dominant areas"
"Stockport 012E",1,53.41636,-2.106167,1,0,0,0,3,"Acquisitive-dominant areas"
"Worthing 005B",1,50.826257,-0.36061,1,0,0,0,3,"Acquisitive-dominant areas"
"Ashford 007A",1,51.139165,0.853325,1,0,0,0,3,"Acquisitive-dominant areas"
"Tandridge 005B",1,51.284952,-0.088056,1,0,0,0,3,"Acquisitive-dominant areas"
"West Oxfordshire 013D",1,51.770015,-1.597945,1,0,0,0,3,"Acquisitive-dominant areas"
"Birmingham 099C",1,52.435165,-1.952607,1,0,0,0,3,"Acquisitive-dominant areas"
"Trafford 003B",1,53.46392,-2.289429,1,0,0,0,3,"Acquisitive-dominant areas"
"Windsor and Maidenhead 016B",1,51.439115,-0.527162,1,0,0,0,3,"Acquisitive-dominant areas"
"Swale 007H",1,51.376516,0.7295,1,0,0,0,3,"Acquisitive-dominant areas"
"Medway 009D",1,51.390837,0.552675,1,0,0,0,3,"Acquisitive-dominant areas"
"Shropshire 039E",1,52.378679,-2.48806,1,0,0,0,3,"Acquisitive-dominant areas"
"Denbighshire 012A",1,53.183337,-3.390693,1,0,0,0,3,"Acquisitive-dominant areas"
"Luton 013A",1,51.894144,-0.474433,1,0,0,0,3,"Acquisitive-dominant areas"
"Coventry 029E",1,52.408941,-1.5772,1,0,0,0,3,"Acquisitive-dominant areas"
"Herefordshire 004E",1,52.255281,-2.893178,1,0,0,0,3,"Acquisitive-dominant areas"
"Broxbourne 011D",1,51.69833,-0.051725,1,0,0,0,3,"Acquisitive-dominant areas"
"Nuneaton and Bedworth 003C",1,52.526935,-1.461746,1,0,0,0,3,"Acquisitive-dominant areas"
"South Cambridgeshire 022C",1,52.254059,0.018105,1,0,0,0,3,"Acquisitive-dominant areas"
"Salford 032C",1,53.497234,-2.269261,1,0,0,0,3,"Acquisitive-dominant areas"
"Bristol 008E",1,51.49909,-2.695326,1,0,0,0,3,"Acquisitive-dominant areas"
"South Derbyshire 004A",1,52.867478,-1.341078,1,0,0,0,3,"Acquisitive-dominant areas"
"Watford 010D",1,51.649301,-0.400373,1,0,0,0,3,"Acquisitive-dominant areas"
"Windsor and Maidenhead 018B",1,51.390866,-0.645203,1,0,0,0,3,"Acquisitive-dominant areas"
"Buckinghamshire 054A",1,51.596329,-0.563085,1,0,0,0,3,"Acquisitive-dominant areas"
"Peterborough 014B",1,52.581935,-0.249988,1,0,0,0,3,"Acquisitive-dominant areas"
"Cornwall 060D",1,50.168467,-5.101335,1,0,0,0,3,"Acquisitive-dominant areas"
"Brentwood 005E",1,51.627005,0.317761,1,0,0,0,3,"Acquisitive-dominant areas"
"Wolverhampton 016D",1,52.591332,-2.135378,1,0,0,0,3,"Acquisitive-dominant areas"
"Basildon 012B",1,51.591252,0.478849,1,0,0,0,3,"Acquisitive-dominant areas"
"Bristol 057B",1,51.467816,-2.561427,1,0,0,0,3,"Acquisitive-dominant areas"
"Nottingham 026G",1,52.958013,-1.183442,1,0,0,0,3,"Acquisitive-dominant areas"
"Portsmouth 015E",1,50.796381,-1.076082,1,0,0,0,3,"Acquisitive-dominant areas"
"Epping Forest 013D",1,51.640794,0.064711,1,0,0,0,3,"Acquisitive-dominant areas"
"Birmingham 042E",1,52.497327,-1.807437,1,0,0,0,3,"Acquisitive-dominant areas"
"North Northamptonshire 021C",1,52.380943,-0.685805,1,0,0,0,3,"Acquisitive-dominant areas"
"West Oxfordshire 010B",1,51.789447,-1.495777,1,0,0,0,3,"Acquisitive-dominant areas"
"Windsor and Maidenhead 010D",1,51.495141,-0.621457,1,0,0,0,3,"Acquisitive-dominant areas"
"Salford 031C",1,53.508567,-2.257436,1,0,0,0,3,"Acquisitive-dominant areas"
"Nuneaton and Bedworth 004D",1,52.532952,-1.514404,1,0,0,0,3,"Acquisitive-dominant areas"
"Ashford 010C",1,51.149932,0.964621,1,0,0,0,3,"Acquisitive-dominant areas"
"Harlow 004A",1,51.776705,0.083101,1,0,0,0,3,"Acquisitive-dominant areas"
"East Hertfordshire 019D",1,51.878478,-0.026817,1,0,0,0,3,"Acquisitive-dominant areas"
"Coventry 023C",1,52.422952,-1.573243,1,0,0,0,3,"Acquisitive-dominant areas"
"Brighton and Hove 026E",1,50.828836,-0.167089,1,0,0,0,3,"Acquisitive-dominant areas"
"Rushmoor 012A",1,51.235508,-0.750441,1,0,0,0,3,"Acquisitive-dominant areas"
"Harlow 007C",1,51.755894,0.094879,1,0,0,0,3,"Acquisitive-dominant areas"
"South Cambridgeshire 014C",1,52.145648,0.090076,1,0,0,0,3,"Acquisitive-dominant areas"
"Wokingham 013D",1,51.424041,-0.824658,1,0,0,0,3,"Acquisitive-dominant areas"
"Tendring 001D",1,51.936727,1.27946,1,0,0,0,3,"Acquisitive-dominant areas"
"Hertsmere 001D",1,51.69737,-0.191957,1,0,0,0,3,"Acquisitive-dominant areas"
"Hertsmere 002D",1,51.700535,-0.208921,1,0,0,0,3,"Acquisitive-dominant areas"
"Bath and North East Somerset 016A",1,51.357645,-2.481736,1,0,0,0,3,"Acquisitive-dominant areas"
"Elmbridge 001C",1,51.405975,-0.366103,1,0,0,0,3,"Acquisitive-dominant areas"
"Huntingdonshire 005B",1,52.402876,-0.081207,1,0,0,0,3,"Acquisitive-dominant areas"
"Walsall 004B",1,52.637591,-1.920619,1,0,0,0,3,"Acquisitive-dominant areas"
"Medway 032A",1,51.343369,0.604533,1,0,0,0,3,"Acquisitive-dominant areas"
"Newcastle-under-Lyme 012B",1,53.018142,-2.290967,1,0,0,0,3,"Acquisitive-dominant areas"
"Braintree 012A",1,51.844078,0.622368,1,0,0,0,3,"Acquisitive-dominant areas"
"Thurrock 008C",1,51.50419,0.243637,1,0,0,0,3,"Acquisitive-dominant areas"
"Cotswold 006A",1,51.720646,-1.948345,1,0,0,0,3,"Acquisitive-dominant areas"
"Sheffield 022I",1,53.410381,-1.444616,1,0,0,0,3,"Acquisitive-dominant areas"
"Hertsmere 007B",1,51.655815,-0.276725,1,0,0,0,3,"Acquisitive-dominant areas"
"Wolverhampton 007D",1,52.610246,-2.119147,1,0,0,0,3,"Acquisitive-dominant areas"
"Sedgemoor 007B",1,51.140353,-3.103956,1,0,0,0,3,"Acquisitive-dominant areas"
"Bristol 061E",1,51.447531,-2.590662,1,0,0,0,3,"Acquisitive-dominant areas"
"East Hertfordshire 009C",1,51.824754,0.112222,1,0,0,0,3,"Acquisitive-dominant areas"
"Derby 008A",1,52.926697,-1.495881,1,0,0,0,3,"Acquisitive-dominant areas"
"Luton 002C",1,51.915657,-0.465849,1,0,0,0,3,"Acquisitive-dominant areas"
"Norwich 002D",1,52.639867,1.288176,1,0,0,0,3,"Acquisitive-dominant areas"
"Kirklees 029A",1,53.661429,-1.776846,1,0,0,0,3,"Acquisitive-dominant areas"
"Uttlesford 005D",1,51.904445,0.193284,1,0,0,0,3,"Acquisitive-dominant areas"
"Trafford 001C",1,53.461727,-2.266295,1,0,0,0,3,"Acquisitive-dominant areas"
"Gravesham 010B",1,51.414494,0.459602,1,0,0,0,3,"Acquisitive-dominant areas"
"Bury 008E",1,53.594493,-2.289944,1,0,0,0,3,"Acquisitive-dominant areas"
"Medway 003D",1,51.423026,0.558799,1,0,0,0,3,"Acquisitive-dominant areas"
"Birmingham 135F",1,52.475253,-1.888448,1,0,0,0,3,"Acquisitive-dominant areas"
"Rochdale 008D",1,53.620899,-2.149178,1,0,0,0,3,"Acquisitive-dominant areas"
"Bracknell Forest 002G",1,51.429537,-0.759368,1,0,0,0,3,"Acquisitive-dominant areas"
"Dartford 005D",1,51.443548,0.241411,1,0,0,0,3,"Acquisitive-dominant areas"
"Luton 021G",1,51.876696,-0.414339,1,0,0,0,3,"Acquisitive-dominant areas"
"Dudley 011B",1,52.516845,-2.096038,1,0,0,0,3,"Acquisitive-dominant areas"
"Bolton 024F",1,53.556454,-2.368677,1,0,0,0,3,"Acquisitive-dominant areas"
"Rochford 007E",1,51.576752,0.720642,1,0,0,0,3,"Acquisitive-dominant areas"
"Basingstoke and Deane 022A",1,51.19217,-1.206386,1,0,0,0,3,"Acquisitive-dominant areas"
"Blackburn with Darwen 004A",1,53.760383,-2.47928,1,0,0,0,3,"Acquisitive-dominant areas"
"Sevenoaks 011A",1,51.278751,0.154529,1,0,0,0,3,"Acquisitive-dominant areas"
"King's Lynn and West Norfolk 011F",1,52.742682,0.394605,1,0,0,0,3,"Acquisitive-dominant areas"
"New Forest 019D",1,50.761088,-1.571996,1,0,0,0,3,"Acquisitive-dominant areas"
"Bath and North East Somerset 013B",1,51.37817,-2.390902,1,0,0,0,3,"Acquisitive-dominant areas"
"Windsor and Maidenhead 005B",1,51.53088,-0.732771,1,0,0,0,3,"Acquisitive-dominant areas"
"Ashford 005E",1,51.138922,0.862904,1,0,0,0,3,"Acquisitive-dominant areas"
"Elmbridge 003D",1,51.401867,-0.364898,1,0,0,0,3,"Acquisitive-dominant areas"
"Brentwood 007I",1,51.617092,0.299184,1,0,0,0,3,"Acquisitive-dominant areas"
"Brentwood 007G",1,51.611912,0.29365,1,0,0,0,3,"Acquisitive-dominant areas"
"Reigate and Banstead 006D",1,51.291216,-0.234346,1,0,0,0,3,"Acquisitive-dominant areas"
"Buckinghamshire 063D",1,51.551683,-0.554729,1,0,0,0,3,"Acquisitive-dominant areas"
"Stevenage 008E",1,51.900438,-0.2023,1,0,0,0,3,"Acquisitive-dominant areas"
"County Durham 023C",1,54.793695,-1.586892,1,0,0,0,3,"Acquisitive-dominant areas"
"Tandridge 002F",1,51.308492,-0.079043,1,0,0,0,3,"Acquisitive-dominant areas"
"Kingston upon Hull 035B",1,53.802019,-0.353379,1,0,0,0,3,"Acquisitive-dominant areas"
"Coventry 030A",1,52.406819,-1.538633,1,0,0,0,3,"Acquisitive-dominant areas"
"Cornwall 035B",1,50.363265,-4.642607,1,0,0,0,3,"Acquisitive-dominant areas"
"Middlesbrough 001I",1,54.571126,-1.226591,1,0,0,0,3,"Acquisitive-dominant areas"
"Manchester 060C",1,53.473214,-2.258262,1,0,0,0,3,"Acquisitive-dominant areas"
"Guildford 007A",1,51.260926,-0.573897,1,0,0,0,3,"Acquisitive-dominant areas"
"Elmbridge 009E",1,51.38341,-0.340278,1,0,0,0,3,"Acquisitive-dominant areas"
"Elmbridge 010A",1,51.3705,-0.401976,1,0,0,0,3,"Acquisitive-dominant areas"
"East Riding of Yorkshire 029C",1,53.739813,-0.211553,1,0,0,0,3,"Acquisitive-dominant areas"
"Rochdale 017B",1,53.592705,-2.179824,1,0,0,0,3,"Acquisitive-dominant areas"
"Luton 022A",1,51.886131,-0.415882,1,0,0,0,3,"Acquisitive-dominant areas"
"Buckinghamshire 058A",1,51.573963,-0.531654,1,0,0,0,3,"Acquisitive-dominant areas"
"East Hertfordshire 001E",1,51.93851,-0.017201,1,0,0,0,3,"Acquisitive-dominant areas"
"Buckinghamshire 010B",1,51.806058,-1.06454,1,0,0,0,3,"Acquisitive-dominant areas"
"Birmingham 037A",1,52.507061,-1.87222,1,0,0,0,3,"Acquisitive-dominant areas"
"Salford 034A",1,53.487206,-2.263772,1,0,0,0,3,"Acquisitive-dominant areas"
"Woking 004A",1,51.325149,-0.542469,1,0,0,0,3,"Acquisitive-dominant areas"
"Peterborough 007B",1,52.599612,-0.222276,1,0,0,0,3,"Acquisitive-dominant areas"
"South Gloucestershire 026C",1,51.465846,-2.510514,1,0,0,0,3,"Acquisitive-dominant areas"
"Central Bedfordshire 022A",1,51.915321,-0.671119,1,0,0,0,3,"Acquisitive-dominant areas"
"Dorset 006D",1,50.971223,-2.22785,1,0,0,0,3,"Acquisitive-dominant areas"
"Wirral 017E",1,53.389184,-3.117091,1,0,0,0,3,"Acquisitive-dominant areas"
"Sevenoaks 015A",1,51.19793,0.112079,1,0,0,0,3,"Acquisitive-dominant areas"
"Kirklees 044C",1,53.637683,-1.749975,1,0,0,0,3,"Acquisitive-dominant areas"
"Kirklees 048C",1,53.632787,-1.788188,1,0,0,0,3,"Acquisitive-dominant areas"
"South Kesteven 002C",1,52.993641,-0.759185,1,0,0,0,3,"Acquisitive-dominant areas"
"Liverpool 053E",1,53.362919,-2.907178,1,0,0,0,3,"Acquisitive-dominant areas"
"East Hertfordshire 004C",1,51.882092,0.173757,1,0,0,0,3,"Acquisitive-dominant areas"
"Bedford 011A",1,52.138672,-0.443279,1,0,0,0,3,"Acquisitive-dominant areas"
"West Northamptonshire 036B",1,52.225719,-0.918142,1,0,0,0,3,"Acquisitive-dominant areas"
"Basildon 014D",1,51.570742,0.403304,1,0,0,0,3,"Acquisitive-dominant areas"
"Bournemouth, Christchurch and Poole 048E",1,50.687474,-1.947627,1,0,0,0,3,"Acquisitive-dominant areas"
"Luton 021B",1,51.872428,-0.398598,1,0,0,0,3,"Acquisitive-dominant areas"
"Basildon 005B",1,51.615681,0.527831,1,0,0,0,3,"Acquisitive-dominant areas"
"Rochford 001C",1,51.614215,0.624117,1,0,0,0,3,"Acquisitive-dominant areas"
"Cheshire East 051B",1,52.97501,-2.57328,1,0,0,0,3,"Acquisitive-dominant areas"
"Ashfield 003B",1,53.133272,-1.308951,1,0,0,0,3,"Acquisitive-dominant areas"
"Halton 012F",1,53.343861,-2.737989,1,0,0,0,3,"Acquisitive-dominant areas"
"Coventry 020E",1,52.411333,-1.522812,1,0,0,0,3,"Acquisitive-dominant areas"
"Gedling 016C",1,53.011757,-1.164811,1,0,0,0,3,"Acquisitive-dominant areas"
"Manchester 015A",1,53.485208,-2.183543,1,0,0,0,3,"Acquisitive-dominant areas"
"North Norfolk 016D",1,52.817226,1.388753,1,0,0,0,3,"Acquisitive-dominant areas"
"Birmingham 137B",1,52.482602,-1.915023,1,0,0,0,3,"Acquisitive-dominant areas"
"Newark and Sherwood 007B",1,53.085328,-0.794828,1,0,0,0,3,"Acquisitive-dominant areas"
"South Holland 003A",1,52.803732,0.016017,1,0,0,0,3,"Acquisitive-dominant areas"
"Hambleton 007F",1,54.29227,-1.521222,1,0,0,0,3,"Acquisitive-dominant areas"
"Ipswich 009A",1,52.060519,1.204845,1,0,0,0,3,"Acquisitive-dominant areas"
"Sevenoaks 009E",1,51.297313,0.195219,1,0,0,0,3,"Acquisitive-dominant areas"
"Knowsley 014C",1,53.41344,-2.868038,1,0,0,0,3,"Acquisitive-dominant areas"
"Stevenage 006D",1,51.906214,-0.186926,1,0,0,0,3,"Acquisitive-dominant areas"
"Canterbury 013D",1,51.289176,1.074053,1,0,0,0,3,"Acquisitive-dominant areas"
"Bury 026C",1,53.523506,-2.273455,1,0,0,0,3,"Acquisitive-dominant areas"
"Harrogate 015A",1,53.987053,-1.553902,1,0,0,0,3,"Acquisitive-dominant areas"
"Broxbourne 007B",1,51.711532,-0.076373,1,0,0,0,3,"Acquisitive-dominant areas"
"Elmbridge 012E",1,51.371285,-0.45035,1,0,0,0,3,"Acquisitive-dominant areas"
"Reigate and Banstead 003D",1,51.308753,-0.222553,1,0,0,0,3,"Acquisitive-dominant areas"
"Huntingdonshire 012A",1,52.332564,-0.177217,1,0,0,0,3,"Acquisitive-dominant areas"
"Rochford 007A",1,51.590345,0.693979,1,0,0,0,3,"Acquisitive-dominant areas"
"Birmingham 092A",1,52.450657,-1.889157,1,0,0,0,3,"Acquisitive-dominant areas"
"Thurrock 002B",1,51.52536,0.446456,1,0,0,0,3,"Acquisitive-dominant areas"
"Birmingham 041K",1,52.498703,-1.893073,1,0,0,0,3,"Acquisitive-dominant areas"
"Wakefield 020B",1,53.690193,-1.485236,1,0,0,0,3,"Acquisitive-dominant areas"
"Braintree 004C",1,51.938215,0.626081,1,0,0,0,3,"Acquisitive-dominant areas"
"Birmingham 024E",1,52.518338,-1.902252,1,0,0,0,3,"Acquisitive-dominant areas"
"Gwynedd 006C",1,53.138785,-4.255726,1,0,0,0,3,"Acquisitive-dominant areas"
"Birmingham 138D",1,52.478637,-1.902972,1,0,0,0,3,"Acquisitive-dominant areas"
"Cannock Chase 005D",1,52.708186,-2.002459,1,0,0,0,3,"Acquisitive-dominant areas"
"Cambridge 015D",1,52.171091,0.124041,1,0,0,0,3,"Acquisitive-dominant areas"
"Medway 035C",1,51.341761,0.587425,1,0,0,0,3,"Acquisitive-dominant areas"
"Stratford-on-Avon 009B",1,52.193482,-1.701401,1,0,0,0,3,"Acquisitive-dominant areas"
"Watford 001B",1,51.691641,-0.392919,1,0,0,0,3,"Acquisitive-dominant areas"
"Manchester 055G",1,53.480086,-2.229553,1,0,0,0,3,"Acquisitive-dominant areas"
"Bristol 060C",1,51.455363,-2.604753,1,0,0,0,3,"Acquisitive-dominant areas"
"Reigate and Banstead 011F",1,51.251868,-0.152481,1,0,0,0,3,"Acquisitive-dominant areas"
"St Albans 018A",1,51.715962,-0.287106,1,0,0,0,3,"Acquisitive-dominant areas"
"Elmbridge 017D",1,51.334627,-0.415009,1,0,0,0,3,"Acquisitive-dominant areas"
"Milton Keynes 010E",1,52.054899,-0.821289,1,0,0,0,3,"Acquisitive-dominant areas"
"Newport 005A",1,51.601095,-2.965396,1,0,0,0,3,"Acquisitive-dominant areas"
"Wakefield 011D",1,53.710415,-1.261489,1,0,0,0,3,"Acquisitive-dominant areas"
"Swansea 025F",1,51.619806,-3.942445,1,0,0,0,3,"Acquisitive-dominant areas"
"West Lindsey 009C",1,53.26314,-0.681033,1,0,0,0,3,"Acquisitive-dominant areas"
"Bristol 014A",1,51.490256,-2.562048,1,0,0,0,3,"Acquisitive-dominant areas"
"Salford 036C",1,53.47624,-2.271599,1,0,0,0,3,"Acquisitive-dominant areas"
"West Lindsey 011C",1,53.238979,-0.456648,1,0,0,0,3,"Acquisitive-dominant areas"
"East Suffolk 015B",1,52.350693,1.511674,1,0,0,0,3,"Acquisitive-dominant areas"
"Kingston upon Hull 015D",1,53.762763,-0.347436,1,0,0,0,3,"Acquisitive-dominant areas"
"West Northamptonshire 030A",1,52.24632,-0.875237,1,0,0,0,3,"Acquisitive-dominant areas"
"East Hertfordshire 003F",1,51.934105,0.102938,1,0,0,0,3,"Acquisitive-dominant areas"
"Kingston upon Hull 026D",1,53.751614,-0.315113,1,0,0,0,3,"Acquisitive-dominant areas"
"Chesterfield 008E",1,53.248198,-1.466664,1,0,0,0,3,"Acquisitive-dominant areas"
"Dartford 011A",1,51.413704,0.211347,1,0,0,0,3,"Acquisitive-dominant areas"
"Slough 005D",1,51.525304,-0.57436,1,0,0,0,3,"Acquisitive-dominant areas"
"Wiltshire 008C",1,51.499014,-2.259113,1,0,0,0,3,"Acquisitive-dominant areas"
"Liverpool 019A",1,53.431206,-2.950128,1,0,0,0,3,"Acquisitive-dominant areas"
"Central Bedfordshire 002B",1,52.128198,-0.287646,1,0,0,0,3,"Acquisitive-dominant areas"
"Tendring 016B",1,51.787774,1.152207,1,0,0,0,3,"Acquisitive-dominant areas"
"East Hampshire 004D",1,51.122985,-0.861334,1,0,0,0,3,"Acquisitive-dominant areas"
"St Albans 012F",1,51.749751,-0.328115,1,0,0,0,3,"Acquisitive-dominant areas"
"Buckinghamshire 008C",1,51.848623,-0.584871,1,0,0,0,3,"Acquisitive-dominant areas"
"Sevenoaks 008D",1,51.329432,0.117342,1,0,0,0,3,"Acquisitive-dominant areas"
"Gedling 006C",1,53.005451,-1.141446,1,0,0,0,3,"Acquisitive-dominant areas"
"New Forest 004A",1,50.919069,-1.497327,1,0,0,0,3,"Acquisitive-dominant areas"
"Hertsmere 002B",1,51.694062,-0.196704,1,0,0,0,3,"Acquisitive-dominant areas"
"Newcastle upon Tyne 012E",1,54.992007,-1.573981,1,0,0,0,3,"Acquisitive-dominant areas"
"Watford 010E",1,51.652648,-0.407844,1,0,0,0,3,"Acquisitive-dominant areas"
"Dacorum 012A",1,51.767349,-0.586487,1,0,0,0,3,"Acquisitive-dominant areas"
"Bracknell Forest 009H",1,51.402435,-0.773917,1,0,0,0,3,"Acquisitive-dominant areas"
"Reigate and Banstead 018F",1,51.17466,-0.168831,1,0,0,0,3,"Acquisitive-dominant areas"
"Hertsmere 005D",1,51.692781,-0.323314,1,0,0,0,3,"Acquisitive-dominant areas"
"Maldon 007B",1,51.66753,0.728148,1,0,0,0,3,"Acquisitive-dominant areas"
"Spelthorne 006D",1,51.420761,-0.42942,1,0,0,0,3,"Acquisitive-dominant areas"
"St. Helens 022D",1,53.419138,-2.722364,1,0,0,0,3,"Acquisitive-dominant areas"
"Birmingham 033B",1,52.512336,-1.887986,1,0,0,0,3,"Acquisitive-dominant areas"
"Liverpool 052A",1,53.372742,-2.935344,1,0,0,0,3,"Acquisitive-dominant areas"
"Sedgemoor 005C",1,51.22276,-2.981787,1,0,0,0,3,"Acquisitive-dominant areas"
"Sevenoaks 008E",1,51.330927,0.22631,1,0,0,0,3,"Acquisitive-dominant areas"
"Buckinghamshire 011C",1,51.823391,-0.834725,1,0,0,0,3,"Acquisitive-dominant areas"
"Crawley 004G",1,51.113242,-0.170802,1,0,0,0,3,"Acquisitive-dominant areas"
"Epping Forest 008D",1,51.684174,0.024919,1,0,0,0,3,"Acquisitive-dominant areas"
"Leicester 008D",1,52.647311,-1.157919,1,0,0,0,3,"Acquisitive-dominant areas"
"Milton Keynes 023E",1,51.997526,-0.713812,1,0,0,0,3,"Acquisitive-dominant areas"
"Southend-on-Sea 001C",1,51.563204,0.664784,1,0,0,0,3,"Acquisitive-dominant areas"
"Colchester 017A",1,51.876798,0.946555,1,0,0,0,3,"Acquisitive-dominant areas"
"Epping Forest 006B",1,51.693561,0.11327,1,0,0,0,3,"Acquisitive-dominant areas"
"Eastleigh 010E",1,50.919423,-1.293005,1,0,0,0,3,"Acquisitive-dominant areas"
"Bassetlaw 001A",1,53.389725,-1.072491,1,0,0,0,3,"Acquisitive-dominant areas"
"Stafford 012E",1,52.801443,-2.160118,1,0,0,0,3,"Acquisitive-dominant areas"
"Castle Point 005B",1,51.551907,0.616503,1,0,0,0,3,"Acquisitive-dominant areas"
"St Albans 017B",1,51.735552,-0.330551,1,0,0,0,3,"Acquisitive-dominant areas"
"Hounslow 031A",1,51.491283,-0.298896,1,0,0,0,3,"Acquisitive-dominant areas"
"Cambridge 007I",1,52.202874,0.11748,1,0,0,0,3,"Acquisitive-dominant areas"
"Milton Keynes 005D",1,52.078246,-0.742736,1,0,0,0,3,"Acquisitive-dominant areas"
"Norwich 017B",1,52.627435,1.297944,1,0,0,0,3,"Acquisitive-dominant areas"
"Gravesham 002A",1,51.442288,0.370361,1,0,0,0,3,"Acquisitive-dominant areas"
"Bristol 041A",1,51.42989,-2.62513,1,0,0,0,3,"Acquisitive-dominant areas"
"Southend-on-Sea 012D",1,51.543673,0.673724,1,0,0,0,3,"Acquisitive-dominant areas"
"Manchester 041E",1,53.42483,-2.207149,1,0,0,0,3,"Acquisitive-dominant areas"
"Dacorum 017B",1,51.748246,-0.428909,1,0,0,0,3,"Acquisitive-dominant areas"
"Slough 005C",1,51.513988,-0.570404,1,0,0,0,3,"Acquisitive-dominant areas"
"Slough 004D",1,51.518467,-0.6018,1,0,0,0,3,"Acquisitive-dominant areas"
"Leeds 070D",1,53.790454,-1.497519,1,0,0,0,3,"Acquisitive-dominant areas"
"Harlow 010C",1,51.753437,0.092998,1,0,0,0,3,"Acquisitive-dominant areas"
"Gateshead 002C",1,54.965653,-1.792722,1,0,0,0,3,"Acquisitive-dominant areas"
"North Hertfordshire 004B",1,51.992722,-0.178612,1,0,0,0,3,"Acquisitive-dominant areas"
"North Hertfordshire 012C",1,51.959709,-0.296053,1,0,0,0,3,"Acquisitive-dominant areas"
"Dartford 009C",1,51.430455,0.224384,1,0,0,0,3,"Acquisitive-dominant areas"
"Harlow 008E",1,51.754395,0.123296,1,0,0,0,3,"Acquisitive-dominant areas"
"South Hams 002E",1,50.421797,-3.837036,1,0,0,0,3,"Acquisitive-dominant areas"
"Wiltshire 061A",1,50.968663,-2.064746,1,0,0,0,3,"Acquisitive-dominant areas"
"West Berkshire 008D",1,51.439233,-1.051505,1,0,0,0,3,"Acquisitive-dominant areas"
"Manchester 024D",1,53.453776,-2.239034,1,0,0,0,3,"Acquisitive-dominant areas"
"Horsham 001B",1,51.07514,-0.292175,1,0,0,0,3,"Acquisitive-dominant areas"
"Wiltshire 050A",1,51.085217,-2.185093,1,0,0,0,3,"Acquisitive-dominant areas"
"Central Bedfordshire 002A",1,52.138188,-0.300122,1,0,0,0,3,"Acquisitive-dominant areas"
"East Hampshire 003H",1,51.140162,-0.992907,1,0,0,0,3,"Acquisitive-dominant areas"
"Dacorum 011D",1,51.756224,-0.493585,1,0,0,0,3,"Acquisitive-dominant areas"
"Manchester 039F",1,53.430617,-2.245601,1,0,0,0,3,"Acquisitive-dominant areas"
"Amber Valley 016A",1,52.98006,-1.488662,1,0,0,0,3,"Acquisitive-dominant areas"
"Leeds 054C",1,53.809111,-1.573788,1,0,0,0,3,"Acquisitive-dominant areas"
"Hertsmere 005A",1,51.691652,-0.314776,1,0,0,0,3,"Acquisitive-dominant areas"
"Spelthorne 004A",1,51.437233,-0.499958,1,0,0,0,3,"Acquisitive-dominant areas"
"Watford 006A",1,51.66685,-0.398815,1,0,0,0,3,"Acquisitive-dominant areas"
"Swale 017D",1,51.292045,0.975592,1,0,0,0,3,"Acquisitive-dominant areas"
"St Albans 021C",1,51.740601,-0.264463,1,0,0,0,3,"Acquisitive-dominant areas"
"North Kesteven 003D",1,53.196129,-0.685576,1,0,0,0,3,"Acquisitive-dominant areas"
"St Albans 017A",1,51.742725,-0.339933,1,0,0,0,3,"Acquisitive-dominant areas"
"Elmbridge 016B",1,51.350389,-0.475224,1,0,0,0,3,"Acquisitive-dominant areas"
"Elmbridge 017C",1,51.305042,-0.410448,1,0,0,0,3,"Acquisitive-dominant areas"
"Swindon 019F",1,51.553838,-1.777157,1,0,0,0,3,"Acquisitive-dominant areas"
"Hertsmere 004D",15,51.6906506666667,-0.227706,0.1333,0.7333,0,0.1333,4,"Lower-volume outer areas"
"Havering 010A",10,51.5844773333333,0.231700555555556,0.1,0.9,0,0,4,"Lower-volume outer areas"
"Slough 016D",9,51.5099562,-0.5838804,0.1111,0.8889,0,0,4,"Lower-volume outer areas"
"Dartford 005E",7,51.4449431428571,0.223375857142857,0,0.7143,0,0.2857,4,"Lower-volume outer areas"
"Hertsmere 003E",6,51.6886573333333,-0.174928,0,0.8333,0,0.1667,4,"Lower-volume outer areas"
"Tandridge 003D",6,51.2913174,-0.1020276,0,0.8333,0,0.1667,4,"Lower-volume outer areas"
"Hertsmere 013A",6,51.6344198,-0.3385528,0.3333,0.6667,0,0,4,"Lower-volume outer areas"
"Broxbourne 013D",5,51.6869255555556,-0.0393756666666667,0,0.8,0,0.2,4,"Lower-volume outer areas"
"Epping Forest 015G",5,51.625100625,0.040464375,0,0.8,0.2,0,4,"Lower-volume outer areas"
"Epsom and Ewell 008E",5,51.3331384,-0.2692064,0.2,0.8,0,0,4,"Lower-volume outer areas"
"Spelthorne 008E",5,51.419422,-0.427136,0,1,0,0,4,"Lower-volume outer areas"
"Brentwood 007A",5,51.6203422,0.3004586,0.2,0.8,0,0,4,"Lower-volume outer areas"
"Birmingham 138A",5,52.480126,-1.8967812,0.2,0.6,0.2,0,4,"Lower-volume outer areas"
"Dacorum 021A",5,51.72472,-0.541352,0,0.8,0,0.2,4,"Lower-volume outer areas"
"Slough 012F",5,51.500219,-0.5531746,0,0.8,0,0.2,4,"Lower-volume outer areas"
"Medway 003A",5,51.444603,0.583349,0,1,0,0,4,"Lower-volume outer areas"
"Southend-on-Sea 014C",5,51.5342164,0.7226266,0,1,0,0,4,"Lower-volume outer areas"
"Tandridge 002C",5,51.300447,-0.07229925,0,1,0,0,4,"Lower-volume outer areas"
"Burnley 003E",4,53.797926,-2.248428,0,1,0,0,4,"Lower-volume outer areas"
"Manchester 054C",4,53.4814455,-2.24533775,0,1,0,0,4,"Lower-volume outer areas"
"West Suffolk 018C",4,52.139408,0.517124,0,1,0,0,4,"Lower-volume outer areas"
"Cheshire West and Chester 037C",4,53.209943,-2.524141,0,1,0,0,4,"Lower-volume outer areas"
"Bedford 009B",4,52.143223,-0.447446,0,1,0,0,4,"Lower-volume outer areas"
"Chichester 002D",4,51.023085,-0.511509,0,1,0,0,4,"Lower-volume outer areas"
"Dartford 003F",4,51.44646125,0.20589875,0.25,0.75,0,0,4,"Lower-volume outer areas"
"Liverpool 050I",4,53.382816,-2.97503,0,0.5,0.5,0,4,"Lower-volume outer areas"
"Reigate and Banstead 002B",4,51.324184,-0.202495,0.25,0.75,0,0,4,"Lower-volume outer areas"
"Tandridge 002E",4,51.310619,-0.08083725,0,0.75,0,0.25,4,"Lower-volume outer areas"
"Watford 005A",4,51.663288,-0.390829,0,1,0,0,4,"Lower-volume outer areas"
"Spelthorne 003E",4,51.432921,-0.48285,0,1,0,0,4,"Lower-volume outer areas"
"Derby 012C",3,52.920525,-1.44107,0,1,0,0,4,"Lower-volume outer areas"
"Runnymede 004C",3,51.404644,-0.513346,0,1,0,0,4,"Lower-volume outer areas"
"Broxbourne 009C",3,51.7116483333333,-0.0593886666666667,0,0.6667,0,0.3333,4,"Lower-volume outer areas"
"Crawley 004F",3,51.113381,-0.175097,0,1,0,0,4,"Lower-volume outer areas"
"Broxbourne 012B",3,51.696605,-0.0310003333333333,0,0.6667,0,0.3333,4,"Lower-volume outer areas"
"Buckinghamshire 046C",3,51.633478,-0.764194333333333,0,1,0,0,4,"Lower-volume outer areas"
"Sevenoaks 014B",3,51.210532,0.0601433333333333,0,1,0,0,4,"Lower-volume outer areas"
"Luton 016D",3,51.8911885,-0.3916455,0,1,0,0,4,"Lower-volume outer areas"
"Dartford 008A",3,51.433125,0.255951,0,1,0,0,4,"Lower-volume outer areas"
"Coventry 031F",3,52.4064853333333,-1.50706666666667,0.3333,0.6667,0,0,4,"Lower-volume outer areas"
"Hertsmere 008D",3,51.666098,-0.364893333333333,0.3333,0.6667,0,0,4,"Lower-volume outer areas"
"Stockport 036A",3,53.373354,-2.221373,0,1,0,0,4,"Lower-volume outer areas"
"Swale 006E",3,51.393814,0.855002,0,1,0,0,4,"Lower-volume outer areas"
"Bradford 042D",3,53.793408,-1.712557,0,1,0,0,4,"Lower-volume outer areas"
"Braintree 003D",3,51.994288,0.557262,0,1,0,0,4,"Lower-volume outer areas"
"Maidstone 019A",3,51.1599945,0.5316955,0,1,0,0,4,"Lower-volume outer areas"
"St Albans 009D",3,51.7673935,-0.3398475,0,1,0,0,4,"Lower-volume outer areas"
"Thanet 014F",3,51.350139,1.344732,0,1,0,0,4,"Lower-volume outer areas"
"Reigate and Banstead 004C",3,51.2955316666667,-0.164136,0,1,0,0,4,"Lower-volume outer areas"
"Harlow 002E",3,51.783051,0.122644666666667,0,1,0,0,4,"Lower-volume outer areas"
"Brentwood 002D",3,51.647469,0.34727575,0,1,0,0,4,"Lower-volume outer areas"
"Elmbridge 008A",3,51.382308,-0.405775333333333,0,1,0,0,4,"Lower-volume outer areas"
"Runnymede 007B",3,51.3714466666667,-0.498905333333333,0,0.6667,0,0.3333,4,"Lower-volume outer areas"
"Swindon 015D",3,51.56525,-1.7770145,0,1,0,0,4,"Lower-volume outer areas"
"Elmbridge 018B",3,51.3379693333333,-0.354204,0,1,0,0,4,"Lower-volume outer areas"
"Reigate and Banstead 011A",3,51.2546476666667,-0.160362,0,1,0,0,4,"Lower-volume outer areas"
"Thurrock 003C",3,51.523895,0.436892,0,1,0,0,4,"Lower-volume outer areas"
"Watford 009E",3,51.661965,-0.396885333333333,0,1,0,0,4,"Lower-volume outer areas"
"Tandridge 003A",3,51.298258,-0.093356,0,1,0,0,4,"Lower-volume outer areas"
"Slough 002F",3,51.53151,-0.615577,0,1,0,0,4,"Lower-volume outer areas"
"Slough 003G",3,51.5286295,-0.631308,0,0.6667,0,0.3333,4,"Lower-volume outer areas"
"Arun 015C",2,50.78727,-0.65746,0,1,0,0,4,"Lower-volume outer areas"
"Basildon 018C",2,51.571083,0.516524,0,1,0,0,4,"Lower-volume outer areas"
"Basingstoke and Deane 021E",2,51.222987,-1.146429,0,1,0,0,4,"Lower-volume outer areas"
"Colchester 017E",2,51.8645255,0.9567855,0,1,0,0,4,"Lower-volume outer areas"
"Broxbourne 003D",2,51.761973,-0.0133375,0,1,0,0,4,"Lower-volume outer areas"
"Runnymede 008A",2,51.377093,-0.5305395,0,1,0,0,4,"Lower-volume outer areas"
"Broxbourne 005A",2,51.737641,-0.0214,0,1,0,0,4,"Lower-volume outer areas"
"Broxbourne 008B",2,51.7107385,-0.0360585,0,1,0,0,4,"Lower-volume outer areas"
"Broxbourne 008D",2,51.7180405,-0.034022,0,1,0,0,4,"Lower-volume outer areas"
"Broxbourne 012A",2,51.6927,-0.037114,0,1,0,0,4,"Lower-volume outer areas"
"Sandwell 027B",2,52.492974,-2.034848,0,1,0,0,4,"Lower-volume outer areas"
"Mole Valley 006D",2,51.280124,-0.384179,0,1,0,0,4,"Lower-volume outer areas"
"Hertsmere 007D",2,51.657026,-0.2796065,0,1,0,0,4,"Lower-volume outer areas"
"Buckinghamshire 064C",2,51.532573,-0.585119,0,1,0,0,4,"Lower-volume outer areas"
"Buckinghamshire 067B",2,51.529567,-0.517902,0,1,0,0,4,"Lower-volume outer areas"
"Sheffield 064F",2,53.32817,-1.47238,0,1,0,0,4,"Lower-volume outer areas"
"Epping Forest 001C",2,51.7228635,0.1707135,0,1,0,0,4,"Lower-volume outer areas"
"Slough 001F",2,51.5319705,-0.636362,0,1,0,0,4,"Lower-volume outer areas"
"Epping Forest 004B",2,51.6983795,0.240742,0,1,0,0,4,"Lower-volume outer areas"
"Cambridge 009A",2,52.204017,0.152906,0,1,0,0,4,"Lower-volume outer areas"
"Liverpool 025A",2,53.415178,-2.878605,0,1,0,0,4,"Lower-volume outer areas"
"Epping Forest 010D",2,51.6741385,0.101677,0,1,0,0,4,"Lower-volume outer areas"
"Liverpool 060C",2,53.4077365,-2.9806465,0,0.5,0.5,0,4,"Lower-volume outer areas"
"Epping Forest 014D",2,51.636993,0.05375,0,1,0,0,4,"Lower-volume outer areas"
"Slough 014B",2,51.487659,-0.5339165,0,1,0,0,4,"Lower-volume outer areas"
"Luton 011A",2,51.895352,-0.458126,0,1,0,0,4,"Lower-volume outer areas"
"Brighton and Hove 027C",2,50.8325795,-0.136871,0,1,0,0,4,"Lower-volume outer areas"
"Brighton and Hove 031A",2,50.816647,-0.1197165,0,1,0,0,4,"Lower-volume outer areas"
"Luton 017F",2,51.883195,-0.430282,0,1,0,0,4,"Lower-volume outer areas"
"Epsom and Ewell 004B",2,51.3505845,-0.2601255,0,1,0,0,4,"Lower-volume outer areas"
"Maidstone 004D",2,51.2811,0.518047,0,1,0,0,4,"Lower-volume outer areas"
"Fenland 006H",2,52.55822,-0.130819,0,1,0,0,4,"Lower-volume outer areas"
"Folkestone and Hythe 002B",2,51.1173655,1.1654335,0,1,0,0,4,"Lower-volume outer areas"
"Maldon 008E",2,51.6263815,0.817161,0,1,0,0,4,"Lower-volume outer areas"
"Gloucester 006E",2,51.86111,-2.197906,0,1,0,0,4,"Lower-volume outer areas"
"Gravesham 002G",2,51.444839,0.3598005,0,1,0,0,4,"Lower-volume outer areas"
"Watford 001C",2,51.692151,-0.403897,0,1,0,0,4,"Lower-volume outer areas"
"Gravesham 011E",2,51.420122,0.384648,0,1,0,0,4,"Lower-volume outer areas"
"Great Yarmouth 006A",2,52.596463,1.729998,0,1,0,0,4,"Lower-volume outer areas"
"Blackpool 006A",2,53.822732,-3.054323,0,1,0,0,4,"Lower-volume outer areas"
"Canterbury 014D",2,51.286366,1.094635,0,1,0,0,4,"Lower-volume outer areas"
"Welwyn Hatfield 010D",2,51.754966,-0.243019,0,1,0,0,4,"Lower-volume outer areas"
"Castle Point 010E",2,51.525353,0.568354,0,1,0,0,4,"Lower-volume outer areas"
"Central Bedfordshire 026E",2,51.907829,-0.515936,0,1,0,0,4,"Lower-volume outer areas"
"Chelmsford 023B",2,51.7351405,0.4699825,0,1,0,0,4,"Lower-volume outer areas"
"Cheshire West and Chester 045B",2,53.156404,-2.65989,0,0.5,0.5,0,4,"Lower-volume outer areas"
"Basildon 015C",2,51.571638,0.457283,0,1,0,0,4,"Lower-volume outer areas"
"Basildon 019E",2,51.5654115,0.485381,0,1,0,0,4,"Lower-volume outer areas"
"Doncaster 010B",2,53.5516935,-1.1342355,0,1,0,0,4,"Lower-volume outer areas"
"Dorset 037D",2,50.611925,-2.491261,0,1,0,0,4,"Lower-volume outer areas"
"Portsmouth 020B",2,50.790679,-1.0754705,0,1,0,0,4,"Lower-volume outer areas"
"Coventry 012A",2,52.4291475,-1.5241265,0,1,0,0,4,"Lower-volume outer areas"
"Thurrock 020B",2,51.4907965,0.3036065,0,1,0,0,4,"Lower-volume outer areas"
"Milton Keynes 014E",2,52.036598,-0.760495,0,1,0,0,4,"Lower-volume outer areas"
"Milton Keynes 023B",2,52.018506,-0.734086,0,1,0,0,4,"Lower-volume outer areas"
"Spelthorne 006C",2,51.425321,-0.430155,0,1,0,0,4,"Lower-volume outer areas"
"Milton Keynes 024E",2,52.0388975,-0.6636165,0,1,0,0,4,"Lower-volume outer areas"
"Milton Keynes 028F",2,52.000021,-0.785847,0,1,0,0,4,"Lower-volume outer areas"
"Spelthorne 010B",2,51.416316,-0.415529,0,1,0,0,4,"Lower-volume outer areas"
"Milton Keynes 037E",2,52.014638,-0.804497,0,1,0,0,4,"Lower-volume outer areas"
"Sevenoaks 002F",2,51.4041685,0.1723455,0,1,0,0,4,"Lower-volume outer areas"
"St Albans 013A",2,51.750352,-0.297917,0,1,0,0,4,"Lower-volume outer areas"
"Newark and Sherwood 013B",2,53.014539,-1.033615,0,1,0,0,4,"Lower-volume outer areas"
"Huntingdonshire 012G",2,52.3312845,-0.1940305,0,1,0,0,4,"Lower-volume outer areas"
"Stevenage 002E",2,51.924671,-0.2143235,0,1,0,0,4,"Lower-volume outer areas"
"Sunderland 011C",2,54.908506,-1.404762,0,1,0,0,4,"Lower-volume outer areas"
"Wolverhampton 017D",2,52.59254,-2.140445,0,1,0,0,4,"Lower-volume outer areas"
"Worthing 008C",2,50.82819,-0.375423,0,1,0,0,4,"Lower-volume outer areas"
"Brighton and Hove 021B",2,50.833406,-0.2124175,0,1,0,0,4,"Lower-volume outer areas"
"Birmingham 040A",2,52.501036,-1.909551,0,1,0,0,4,"Lower-volume outer areas"
"Birmingham 040B",2,52.4996425,-1.9153655,0,1,0,0,4,"Lower-volume outer areas"
"Maidstone 004H",2,51.273977,0.522016,0,1,0,0,4,"Lower-volume outer areas"
"Maidstone 004I",2,51.274465,0.525663,0,1,0,0,4,"Lower-volume outer areas"
"Birmingham 049B",2,52.493553,-1.904809,0,1,0,0,4,"Lower-volume outer areas"
"Birmingham 055D",2,52.488886,-1.824704,0,1,0,0,4,"Lower-volume outer areas"
"Birmingham 070B",2,52.468938,-1.851795,0,1,0,0,4,"Lower-volume outer areas"
"Birmingham 081C",2,52.461465,-1.766589,0,1,0,0,4,"Lower-volume outer areas"
"Reigate and Banstead 010B",2,51.243701,-0.1793865,0,1,0,0,4,"Lower-volume outer areas"
"Eastleigh 006D",2,50.971733,-1.385399,0,1,0,0,4,"Lower-volume outer areas"
"Bracknell Forest 007B",2,51.3998245,-0.7578295,0,1,0,0,4,"Lower-volume outer areas"
"Middlesbrough 003E",2,54.567111,-1.248243,0,1,0,0,4,"Lower-volume outer areas"
"Braintree 006C",2,51.9220905,0.713364,0,1,0,0,4,"Lower-volume outer areas"
"Dartford 001G",2,51.4584065,0.2245335,0,1,0,0,4,"Lower-volume outer areas"
"North Northamptonshire 036D",2,52.284923,-0.694893,0,1,0,0,4,"Lower-volume outer areas"
"North Somerset 002B",2,51.475749,-2.795573,0,1,0,0,4,"Lower-volume outer areas"
"Spelthorne 012C",2,51.401689,-0.471635,0,1,0,0,4,"Lower-volume outer areas"
"Tendring 017D",2,51.784838,1.14697,0,1,0,0,4,"Lower-volume outer areas"
"Dartford 009D",2,51.432842,0.21181,0,1,0,0,4,"Lower-volume outer areas"
"Southend-on-Sea 016F",2,51.536289,0.737697,0,1,0,0,4,"Lower-volume outer areas"
"Harlow 004E",2,51.777019,0.093538,0,1,0,0,4,"Lower-volume outer areas"
"Slough 009C",2,51.507209,-0.6074545,0,1,0,0,4,"Lower-volume outer areas"
"Portsmouth 013B",2,50.8053335,-1.080695,0,1,0,0,4,"Lower-volume outer areas"
"Thurrock 009B",2,51.4832385,0.323635,0,1,0,0,4,"Lower-volume outer areas"
"Preston 017F",2,53.7614545,-2.701364,0,1,0,0,4,"Lower-volume outer areas"
"Thurrock 018E",2,51.4696875,0.365597,0,1,0,0,4,"Lower-volume outer areas"
"Hastings 006D",2,50.870466,0.548581,0,1,0,0,4,"Lower-volume outer areas"
"Torfaen 001B",2,51.775238,-3.078453,0,1,0,0,4,"Lower-volume outer areas"
"South Norfolk 011A",2,52.501761,1.117127,0,1,0,0,4,"Lower-volume outer areas"
"North Northamptonshire 031A",2,52.3044875,-0.727047,0,1,0,0,4,"Lower-volume outer areas"
"Sevenoaks 005D",2,51.4021085,0.2493335,0,1,0,0,4,"Lower-volume outer areas"
"Sevenoaks 013A",2,51.28007,0.12518,0,1,0,0,4,"Lower-volume outer areas"
"Sheffield 027D",2,53.389356,-1.416358,0,1,0,0,4,"Lower-volume outer areas"
"Sheffield 050E",2,53.360012,-1.483617,0,1,0,0,4,"Lower-volume outer areas"
"Hertsmere 011C",2,51.653129,-0.262255,0,1,0,0,4,"Lower-volume outer areas"
"High Peak 013F",2,53.324089,-1.911331,0,1,0,0,4,"Lower-volume outer areas"
"Slough 009B",2,51.503566,-0.612298,0,1,0,0,4,"Lower-volume outer areas"
"Brentwood 004E",2,51.6348035,0.2874425,0,1,0,0,4,"Lower-volume outer areas"
"Slough 011D",2,51.503619,-0.598191,0,1,0,0,4,"Lower-volume outer areas"
"Swale 007J",2,51.36407,0.739449,0,1,0,0,4,"Lower-volume outer areas"
"Lewes 002A",2,50.989961,-0.081494,0,1,0,0,4,"Lower-volume outer areas"
"Spelthorne 011D",2,51.405889,-0.4171475,0,1,0,0,4,"Lower-volume outer areas"
"Oxford 001C",2,51.784827,-1.278564,0,1,0,0,4,"Lower-volume outer areas"
"Reigate and Banstead 001A",2,51.327896,-0.218268,0,1,0,0,4,"Lower-volume outer areas"
"Reigate and Banstead 002C",2,51.324137,-0.194761,0,1,0,0,4,"Lower-volume outer areas"
"Reigate and Banstead 002E",2,51.338481,-0.1898755,0,1,0,0,4,"Lower-volume outer areas"
"East Cambridgeshire 003A",2,52.409351,0.275035,0,1,0,0,4,"Lower-volume outer areas"
"Reigate and Banstead 005A",2,51.3010315,-0.2361565,0,1,0,0,4,"Lower-volume outer areas"
"Elmbridge 012B",2,51.3729825,-0.4618155,0,1,0,0,4,"Lower-volume outer areas"
"Uttlesford 006G",2,51.868447,0.261926,0,1,0,0,4,"Lower-volume outer areas"
"Elmbridge 002B",2,51.4006275,-0.358581,0,1,0,0,4,"Lower-volume outer areas"
"Welwyn Hatfield 007F",2,51.801726,-0.191498,0,1,0,0,4,"Lower-volume outer areas"
"Tunbridge Wells 001G",2,51.170464,0.392287,0,1,0,0,4,"Lower-volume outer areas"
"Three Rivers 001G",2,51.7114815,-0.441618,0,1,0,0,4,"Lower-volume outer areas"
"Salford 017C",2,53.5013325,-2.286752,0,1,0,0,4,"Lower-volume outer areas"
"Leicester 005B",2,52.661027,-1.104725,0,1,0,0,4,"Lower-volume outer areas"
"Leicester 028C",2,52.6300535,-1.1736385,0,1,0,0,4,"Lower-volume outer areas"
"Reigate and Banstead 009A",2,51.2633475,-0.153354,0,1,0,0,4,"Lower-volume outer areas"
"Welwyn Hatfield 007B",2,51.7923235,-0.1870595,0,1,0,0,4,"Lower-volume outer areas"
"Thurrock 016A",2,51.479946,0.313019,0,1,0,0,4,"Lower-volume outer areas"
"Nottingham 016C",2,52.9716515,-1.126122,0,1,0,0,4,"Lower-volume outer areas"
"Peterborough 016F",2,52.562318,-0.258603,0,1,0,0,4,"Lower-volume outer areas"
"Milton Keynes 015B",2,52.045266,-0.806683,0,1,0,0,4,"Lower-volume outer areas"
"Watford 008C",2,51.656176,-0.410395,0,1,0,0,4,"Lower-volume outer areas"
"Swale 007B",2,51.3557995,0.739465,0,1,0,0,4,"Lower-volume outer areas"
"Oxford 008A",2,51.754852,-1.258686,0,1,0,0,4,"Lower-volume outer areas"
"Reigate and Banstead 004B",2,51.318538,-0.170627,0,1,0,0,4,"Lower-volume outer areas"
"North Norfolk 016C",2,52.814649,1.374513,0,1,0,0,4,"Lower-volume outer areas"
"Windsor and Maidenhead 003B",2,51.538082,-0.7306385,0,1,0,0,4,"Lower-volume outer areas"
"Slough 009G",2,51.5121245,-0.597411,0,1,0,0,4,"Lower-volume outer areas"
"Milton Keynes 014F",2,52.041456,-0.766689,0,1,0,0,4,"Lower-volume outer areas"
"Thurrock 014B",2,51.4815865,0.3417855,0,1,0,0,4,"Lower-volume outer areas"
"Hertsmere 013F",2,51.641802,-0.356152,0,1,0,0,4,"Lower-volume outer areas"
"Thurrock 006A",2,51.509436,0.297816,0,1,0,0,4,"Lower-volume outer areas"
"Spelthorne 004F",2,51.4355655,-0.504947,0,1,0,0,4,"Lower-volume outer areas"
"Dacorum 020F",2,51.7328175,-0.4455395,0,1,0,0,4,"Lower-volume outer areas"
"Slough 009A",2,51.507639,-0.6005105,0,1,0,0,4,"Lower-volume outer areas"
"Dacorum 013C",2,51.758993,-0.45269,0,1,0,0,4,"Lower-volume outer areas"
"Reigate and Banstead 014C",2,51.217403,-0.163921,0,1,0,0,4,"Lower-volume outer areas"
"Woking 005C",2,51.3163005,-0.587958,0,1,0,0,4,"Lower-volume outer areas"
"Dacorum 015F",2,51.747209,-0.4725055,0,1,0,0,4,"Lower-volume outer areas"
"Southampton 034B",2,50.90071,-1.390558,0,1,0,0,4,"Lower-volume outer areas"
"Three Rivers 011B",2,51.617141,-0.412344,0,1,0,0,4,"Lower-volume outer areas"
"Woking 001D",2,51.3429695,-0.4806675,0,1,0,0,4,"Lower-volume outer areas"
"Adur 001D",1,50.843196,-0.238783,0,1,0,0,4,"Lower-volume outer areas"
"Allerdale 004B",1,54.710257,-3.448214,0,1,0,0,4,"Lower-volume outer areas"
"Amber Valley 007D",1,53.05275,-1.473018,0,1,0,0,4,"Lower-volume outer areas"
"Basildon 009A",1,51.606644,0.395221,0,1,0,0,4,"Lower-volume outer areas"
"Arun 005E",1,50.816493,-0.49499,0,1,0,0,4,"Lower-volume outer areas"
"Cheshire West and Chester 044A",1,53.170556,-2.916114,0,1,0,0,4,"Lower-volume outer areas"
"Arun 011D",1,50.804192,-0.536102,0,1,0,0,4,"Lower-volume outer areas"
"Dartford 011C",1,51.428796,0.195382,0,1,0,0,4,"Lower-volume outer areas"
"Ashfield 003C",1,53.128088,-1.300201,0,1,0,0,4,"Lower-volume outer areas"
"Basildon 013E",1,51.573224,0.496754,0,1,0,0,4,"Lower-volume outer areas"
"Ashfield 015E",1,53.034804,-1.227044,0,1,0,0,4,"Lower-volume outer areas"
"Ashford 001C",1,51.252893,0.988599,0,1,0,0,4,"Lower-volume outer areas"
"Ashford 001G",1,51.188451,0.891842,0,1,0,0,4,"Lower-volume outer areas"
"Ashford 003D",1,51.161238,0.89607,0,1,0,0,4,"Lower-volume outer areas"
"Basildon 016E",1,51.57304,0.441396,0,1,0,0,4,"Lower-volume outer areas"
"Ashford 008A",1,51.135104,0.858293,0,1,0,0,4,"Lower-volume outer areas"
"Basildon 019B",1,51.562329,0.483359,0,1,0,0,4,"Lower-volume outer areas"
"Ashford 011C",1,51.099244,0.680248,0,1,0,0,4,"Lower-volume outer areas"
"Ashford 011D",1,51.133124,0.701809,0,1,0,0,4,"Lower-volume outer areas"
"Colchester 007B",1,51.896845,0.91119,0,1,0,0,4,"Lower-volume outer areas"
"Babergh 008C",1,52.035235,0.75196,0,1,0,0,4,"Lower-volume outer areas"
"Babergh 008F",1,52.025601,0.758599,0,1,0,0,4,"Lower-volume outer areas"
"Babergh 010E",1,52.005298,1.042429,0,1,0,0,4,"Lower-volume outer areas"
"Rochdale 015E",1,53.606695,-2.151304,0,1,0,0,4,"Lower-volume outer areas"
"Basildon 022C",1,51.56011,0.492587,0,1,0,0,4,"Lower-volume outer areas"
"Rochdale 017D",1,53.581612,-2.17517,0,1,0,0,4,"Lower-volume outer areas"
"Rochdale 021F",1,53.563485,-2.185195,0,1,0,0,4,"Lower-volume outer areas"
"Basingstoke and Deane 010I",1,51.278492,-1.116884,0,1,0,0,4,"Lower-volume outer areas"
"Basingstoke and Deane 016C",1,51.241289,-1.109445,0,1,0,0,4,"Lower-volume outer areas"
"Colchester 018F",1,51.871441,0.898303,0,1,0,0,4,"Lower-volume outer areas"
"Rochford 011C",1,51.601981,0.648265,0,1,0,0,4,"Lower-volume outer areas"
"Rossendale 002F",1,53.70598,-2.325977,0,1,0,0,4,"Lower-volume outer areas"
"Rother 002A",1,50.932966,0.804726,0,1,0,0,4,"Lower-volume outer areas"
"Rother 003E",1,50.935697,0.541755,0,1,0,0,4,"Lower-volume outer areas"
"Rother 006A",1,50.913027,0.492333,0,1,0,0,4,"Lower-volume outer areas"
"Rother 007E",1,50.860041,0.466627,0,1,0,0,4,"Lower-volume outer areas"
"Cornwall 003B",1,50.626443,-4.723873,0,1,0,0,4,"Lower-volume outer areas"
"Rotherham 020D",1,53.419146,-1.195341,0,1,0,0,4,"Lower-volume outer areas"
"Rotherham 023E",1,53.416564,-1.328848,0,1,0,0,4,"Lower-volume outer areas"
"Cornwall 062E",1,50.157417,-5.08897,0,1,0,0,4,"Lower-volume outer areas"
"Bedford 008B",1,52.143929,-0.504929,0,1,0,0,4,"Lower-volume outer areas"
"Bedford 008F",1,52.134598,-0.515718,0,1,0,0,4,"Lower-volume outer areas"
"Runnymede 003A",1,51.429112,-0.517615,0,1,0,0,4,"Lower-volume outer areas"
"Runnymede 003C",1,51.432168,-0.529586,0,1,0,0,4,"Lower-volume outer areas"
"Bromsgrove 012A",1,52.331145,-2.056027,0,1,0,0,4,"Lower-volume outer areas"
"Broxbourne 002A",1,51.766803,-0.011835,0,1,0,0,4,"Lower-volume outer areas"
"Bedford 020F",1,52.091941,-0.525556,0,1,0,0,4,"Lower-volume outer areas"
"Runnymede 006D",1,51.388996,-0.512473,0,1,0,0,4,"Lower-volume outer areas"
"Rushcliffe 008G",1,52.912006,-1.124319,0,1,0,0,4,"Lower-volume outer areas"
"Rushcliffe 011D",1,52.898088,-1.157676,0,1,0,0,4,"Lower-volume outer areas"
"Broxbourne 005F",1,51.727638,-0.026572,0,1,0,0,4,"Lower-volume outer areas"
"Broxbourne 005G",1,51.722842,-0.027418,0,1,0,0,4,"Lower-volume outer areas"
"Rushmoor 008A",1,51.252155,-0.755779,0,1,0,0,4,"Lower-volume outer areas"
"Broxbourne 006D",1,51.710948,-0.045349,0,1,0,0,4,"Lower-volume outer areas"
"Rushmoor 010D",1,51.241622,-0.768212,0,1,0,0,4,"Lower-volume outer areas"
"Rushmoor 010E",1,51.248115,-0.764872,0,1,0,0,4,"Lower-volume outer areas"
"Broxbourne 008A",1,51.711859,-0.033165,0,1,0,0,4,"Lower-volume outer areas"
"Broxbourne 008C",1,51.714785,-0.031214,0,1,0,0,4,"Lower-volume outer areas"
"Broxbourne 009B",1,51.716533,-0.061684,0,1,0,0,4,"Lower-volume outer areas"
"Salford 021H",1,53.486206,-2.30976,0,1,0,0,4,"Lower-volume outer areas"
"Guildford 006B",1,51.249624,-0.58591,0,1,0,0,4,"Lower-volume outer areas"
"Salford 032A",1,53.497025,-2.262326,0,1,0,0,4,"Lower-volume outer areas"
"Broxbourne 011C",1,51.709175,-0.048523,0,1,0,0,4,"Lower-volume outer areas"
"Salford 036A",1,53.476903,-2.264793,0,1,0,0,4,"Lower-volume outer areas"
"Crawley 012A",1,51.102388,-0.212154,0,1,0,0,4,"Lower-volume outer areas"
"Salford 037B",1,53.472979,-2.301077,0,1,0,0,4,"Lower-volume outer areas"
"Sandwell 016D",1,52.525353,-2.043658,0,1,0,0,4,"Lower-volume outer areas"
"Sandwell 017A",1,52.531923,-1.983741,0,1,0,0,4,"Lower-volume outer areas"
"Sandwell 030D",1,52.490858,-2.003623,0,1,0,0,4,"Lower-volume outer areas"
"Buckinghamshire 007G",1,51.820002,-0.78763,0,1,0,0,4,"Lower-volume outer areas"
"Sandwell 031E",1,52.487322,-1.971431,0,1,0,0,4,"Lower-volume outer areas"
"Sandwell 041B",1,52.489124,-1.957247,0,1,0,0,4,"Lower-volume outer areas"
"Scarborough 010A",1,54.28054,-0.405966,0,1,0,0,4,"Lower-volume outer areas"
"Buckinghamshire 012D",1,51.834502,-0.80486,0,1,0,0,4,"Lower-volume outer areas"
"Buckinghamshire 015D",1,51.812324,-0.809755,0,1,0,0,4,"Lower-volume outer areas"
"Buckinghamshire 016B",1,51.816979,-0.831017,0,1,0,0,4,"Lower-volume outer areas"
"Buckinghamshire 018F",1,51.81218,-0.783343,0,1,0,0,4,"Lower-volume outer areas"
"Buckinghamshire 019A",1,51.803485,-0.807015,0,1,0,0,4,"Lower-volume outer areas"
"Buckinghamshire 022A",1,51.771762,-0.939159,0,1,0,0,4,"Lower-volume outer areas"
"Buckinghamshire 031A",1,51.702928,-0.706264,0,1,0,0,4,"Lower-volume outer areas"
"Buckinghamshire 032C",1,51.679173,-0.588424,0,1,0,0,4,"Lower-volume outer areas"
"Buckinghamshire 033F",1,51.674442,-0.786299,0,1,0,0,4,"Lower-volume outer areas"
"Mole Valley 002C",1,51.307263,-0.315236,0,1,0,0,4,"Lower-volume outer areas"
"Sevenoaks 002E",1,51.403034,0.167324,0,1,0,0,4,"Lower-volume outer areas"
"Buckinghamshire 039E",1,51.618281,-0.667028,0,1,0,0,4,"Lower-volume outer areas"
"Buckinghamshire 040E",1,51.675998,-0.822559,0,1,0,0,4,"Lower-volume outer areas"
"Mole Valley 005E",1,51.293444,-0.361653,0,1,0,0,4,"Lower-volume outer areas"
"Buckinghamshire 042A",1,51.633942,-0.735926,0,1,0,0,4,"Lower-volume outer areas"
"Buckinghamshire 042D",1,51.629716,-0.740913,0,1,0,0,4,"Lower-volume outer areas"
"Buckinghamshire 044C",1,51.632975,-0.772726,0,1,0,0,4,"Lower-volume outer areas"
"Buckinghamshire 046D",1,51.630763,-0.779649,0,1,0,0,4,"Lower-volume outer areas"
"Buckinghamshire 047C",1,51.629048,-0.581383,0,1,0,0,4,"Lower-volume outer areas"
"Buckinghamshire 048A",1,51.628096,-0.717495,0,1,0,0,4,"Lower-volume outer areas"
"Buckinghamshire 049B",1,51.632381,-0.755606,0,1,0,0,4,"Lower-volume outer areas"
"Buckinghamshire 049E",1,51.616141,-0.769988,0,1,0,0,4,"Lower-volume outer areas"
"Buckinghamshire 049F",1,51.617908,-0.766113,0,1,0,0,4,"Lower-volume outer areas"
"Buckinghamshire 050A",1,51.608991,-0.543521,0,1,0,0,4,"Lower-volume outer areas"
"Buckinghamshire 051D",1,51.617186,-0.709887,0,1,0,0,4,"Lower-volume outer areas"
"St Albans 019C",1,51.702552,-0.304906,0,1,0,0,4,"Lower-volume outer areas"
"Buckinghamshire 052C",1,51.612225,-0.787757,0,1,0,0,4,"Lower-volume outer areas"
"Sevenoaks 013B",1,51.247011,0.129631,0,1,0,0,4,"Lower-volume outer areas"
"Buckinghamshire 055D",1,51.600691,-0.712737,0,1,0,0,4,"Lower-volume outer areas"
"Buckinghamshire 056D",1,51.609122,-0.69862,0,1,0,0,4,"Lower-volume outer areas"
"Hertsmere 005B",1,51.663934,-0.308297,0,1,0,0,4,"Lower-volume outer areas"
"Hertsmere 006C",1,51.666561,-0.282246,0,1,0,0,4,"Lower-volume outer areas"
"Sheffield 022A",1,53.394117,-1.459625,0,1,0,0,4,"Lower-volume outer areas"
"Hertsmere 006E",1,51.659038,-0.270241,0,1,0,0,4,"Lower-volume outer areas"
"Ipswich 010E",1,52.058106,1.141525,0,1,0,0,4,"Lower-volume outer areas"
"Buckinghamshire 060D",1,51.576833,-0.70188,0,1,0,0,4,"Lower-volume outer areas"
"Buckinghamshire 064D",1,51.521349,-0.56203,0,1,0,0,4,"Lower-volume outer areas"
"Sheffield 043A",1,53.366672,-1.45112,0,1,0,0,4,"Lower-volume outer areas"
"Sheffield 048B",1,53.358391,-1.442843,0,1,0,0,4,"Lower-volume outer areas"
"Sheffield 065A",1,53.329876,-1.349879,0,1,0,0,4,"Lower-volume outer areas"
"Burnley 010A",1,53.782228,-2.263192,0,1,0,0,4,"Lower-volume outer areas"
"Bury 008C",1,53.598323,-2.29334,0,1,0,0,4,"Lower-volume outer areas"
"Sheffield 074F",1,53.378717,-1.477317,0,1,0,0,4,"Lower-volume outer areas"
"Bury 025B",1,53.515979,-2.283043,0,1,0,0,4,"Lower-volume outer areas"
"Calderdale 021D",1,53.707285,-1.874543,0,1,0,0,4,"Lower-volume outer areas"
"Cambridge 003F",1,52.21541,0.142565,0,1,0,0,4,"Lower-volume outer areas"
"Cambridge 006A",1,52.207891,0.146097,0,1,0,0,4,"Lower-volume outer areas"
"Epping Forest 004D",1,51.71481,0.245173,0,1,0,0,4,"Lower-volume outer areas"
"Epping Forest 005B",1,51.703609,0.126561,0,1,0,0,4,"Lower-volume outer areas"
"Epping Forest 005D",1,51.699091,0.101791,0,1,0,0,4,"Lower-volume outer areas"
"Cambridge 009C",1,52.200577,0.15271,0,1,0,0,4,"Lower-volume outer areas"
"Epping Forest 007A",1,51.690611,0.006136,0,1,0,0,4,"Lower-volume outer areas"
"Woking 003E",1,51.337165,-0.609921,0,1,0,0,4,"Lower-volume outer areas"
"Slough 006A",1,51.516898,-0.634218,0,1,0,0,4,"Lower-volume outer areas"
"Liverpool 020B",1,53.42345,-2.935193,0,1,0,0,4,"Lower-volume outer areas"
"Liverpool 022H",1,53.416281,-2.979497,0,1,0,0,4,"Lower-volume outer areas"
"Liverpool 027D",1,53.422688,-2.916351,0,1,0,0,4,"Lower-volume outer areas"
"Liverpool 030A",1,53.408924,-2.947751,0,1,0,0,4,"Lower-volume outer areas"
"Liverpool 035E",1,53.399357,-2.932032,0,1,0,0,4,"Lower-volume outer areas"
"Liverpool 040B",1,53.398066,-2.877049,0,1,0,0,4,"Lower-volume outer areas"
"Liverpool 048E",1,53.387937,-2.938278,0,1,0,0,4,"Lower-volume outer areas"
"Epping Forest 011F",1,51.656192,0.076254,0,1,0,0,4,"Lower-volume outer areas"
"Epping Forest 012B",1,51.650675,0.058134,0,1,0,0,4,"Lower-volume outer areas"
"Epping Forest 012D",1,51.645496,0.067309,0,1,0,0,4,"Lower-volume outer areas"
"Slough 011H",1,51.498731,-0.561042,0,1,0,0,4,"Lower-volume outer areas"
"Liverpool 062F",1,53.406453,-2.994043,0,1,0,0,4,"Lower-volume outer areas"
"Liverpool 062G",1,53.40453,-2.997202,0,1,0,0,4,"Lower-volume outer areas"
"Luton 002B",1,51.920052,-0.468491,0,1,0,0,4,"Lower-volume outer areas"
"Slough 013C",1,51.501098,-0.537915,0,1,0,0,4,"Lower-volume outer areas"
"Luton 005A",1,51.902795,-0.474558,0,1,0,0,4,"Lower-volume outer areas"
"Luton 005C",1,51.909127,-0.473341,0,1,0,0,4,"Lower-volume outer areas"
"Luton 005E",1,51.907812,-0.464895,0,1,0,0,4,"Lower-volume outer areas"
"Luton 007C",1,51.897444,-0.424015,0,1,0,0,4,"Lower-volume outer areas"
"Luton 007F",1,51.905985,-0.426566,0,1,0,0,4,"Lower-volume outer areas"
"Luton 009C",1,51.904324,-0.482284,0,1,0,0,4,"Lower-volume outer areas"
"Luton 009E",1,51.901905,-0.484981,0,1,0,0,4,"Lower-volume outer areas"
"Luton 010C",1,51.890826,-0.430728,0,1,0,0,4,"Lower-volume outer areas"
"Luton 010E",1,51.897156,-0.428647,0,1,0,0,4,"Lower-volume outer areas"
"Somerset West and Taunton 004C",1,51.196339,-3.135186,0,1,0,0,4,"Lower-volume outer areas"
"Luton 011F",1,51.901387,-0.458297,0,1,0,0,4,"Lower-volume outer areas"
"Luton 013E",1,51.895824,-0.485535,0,1,0,0,4,"Lower-volume outer areas"
"Luton 014A",1,51.884673,-0.380755,0,1,0,0,4,"Lower-volume outer areas"
"Brighton and Hove 029A",1,50.82447,-0.157732,0,1,0,0,4,"Lower-volume outer areas"
"Epsom and Ewell 001E",1,51.369808,-0.272083,0,1,0,0,4,"Lower-volume outer areas"
"Luton 016A",1,51.88091,-0.398776,0,1,0,0,4,"Lower-volume outer areas"
"Epsom and Ewell 003B",1,51.368721,-0.248577,0,1,0,0,4,"Lower-volume outer areas"
"Epsom and Ewell 004A",1,51.358774,-0.253869,0,1,0,0,4,"Lower-volume outer areas"
"South Gloucestershire 031F",1,51.437324,-2.520756,0,1,0,0,4,"Lower-volume outer areas"
"Epsom and Ewell 007A",1,51.342884,-0.268443,0,1,0,0,4,"Lower-volume outer areas"
"Birmingham 029D",1,52.51691,-1.792777,0,1,0,0,4,"Lower-volume outer areas"
"Epsom and Ewell 008A",1,51.32767,-0.262471,0,1,0,0,4,"Lower-volume outer areas"
"Epsom and Ewell 008F",1,51.332629,-0.265169,0,1,0,0,4,"Lower-volume outer areas"
"Bristol 053F",1,51.411661,-2.589352,0,1,0,0,4,"Lower-volume outer areas"
"South Lakeland 001A",1,54.431763,-2.962841,0,1,0,0,4,"Lower-volume outer areas"
"Maidstone 002A",1,51.283269,0.540452,0,1,0,0,4,"Lower-volume outer areas"
"Epsom and Ewell 010D",1,51.341395,-0.23259,0,1,0,0,4,"Lower-volume outer areas"
"Epsom and Ewell 010F",1,51.347189,-0.222646,0,1,0,0,4,"Lower-volume outer areas"
"Erewash 010D",1,52.906493,-1.289755,0,1,0,0,4,"Lower-volume outer areas"
"Exeter 001H",1,50.736127,-3.535023,0,1,0,0,4,"Lower-volume outer areas"
"Exeter 013C",1,50.716685,-3.50039,0,1,0,0,4,"Lower-volume outer areas"
"Fareham 006B",1,50.862619,-1.284515,0,1,0,0,4,"Lower-volume outer areas"
"Birmingham 044B",1,52.49724,-1.820252,0,1,0,0,4,"Lower-volume outer areas"
"South Oxfordshire 011A",1,51.621814,-1.115423,0,1,0,0,4,"Lower-volume outer areas"
"Fenland 005A",1,52.575782,0.080885,0,1,0,0,4,"Lower-volume outer areas"
"Maidstone 015E",1,51.238325,0.57428,0,1,0,0,4,"Lower-volume outer areas"
"Fenland 009A",1,52.536564,0.08481,0,1,0,0,4,"Lower-volume outer areas"
"South Tyneside 014B",1,54.96289,-1.470523,0,1,0,0,4,"Lower-volume outer areas"
"Southampton 013C",1,50.923841,-1.380666,0,1,0,0,4,"Lower-volume outer areas"
"Folkestone and Hythe 005C",1,51.089814,1.127365,0,1,0,0,4,"Lower-volume outer areas"
"Folkestone and Hythe 006C",1,51.086724,1.153963,0,1,0,0,4,"Lower-volume outer areas"
"Maldon 005D",1,51.717017,0.67201,0,1,0,0,4,"Lower-volume outer areas"
"Folkestone and Hythe 009B",1,51.05886,1.045062,0,1,0,0,4,"Lower-volume outer areas"
"Folkestone and Hythe 009D",1,51.093486,1.010185,0,1,0,0,4,"Lower-volume outer areas"
"Forest of Dean 002A",1,51.930114,-2.415563,0,1,0,0,4,"Lower-volume outer areas"
"Fylde 003B",1,53.779756,-2.882183,0,1,0,0,4,"Lower-volume outer areas"
"Malvern Hills 007B",1,52.114261,-2.307179,0,1,0,0,4,"Lower-volume outer areas"
"Gedling 010E",1,52.978838,-1.109162,0,1,0,0,4,"Lower-volume outer areas"
"Gedling 012A",1,52.971473,-1.070076,0,1,0,0,4,"Lower-volume outer areas"
"Manchester 009G",1,53.498144,-2.214999,0,1,0,0,4,"Lower-volume outer areas"
"Gloucester 004E",1,51.868606,-2.250776,0,1,0,0,4,"Lower-volume outer areas"
"Southend-on-Sea 009A",1,51.540436,0.758729,0,1,0,0,4,"Lower-volume outer areas"
"Gosport 004B",1,50.802234,-1.173046,0,1,0,0,4,"Lower-volume outer areas"
"Gravesham 001B",1,51.443255,0.331081,0,1,0,0,4,"Lower-volume outer areas"
"Gravesham 001C",1,51.448149,0.322853,0,1,0,0,4,"Lower-volume outer areas"
"Gravesham 001D",1,51.440206,0.347345,0,1,0,0,4,"Lower-volume outer areas"
"Manchester 047E",1,53.408348,-2.302259,0,1,0,0,4,"Lower-volume outer areas"
"Gravesham 002D",1,51.43771,0.369031,0,1,0,0,4,"Lower-volume outer areas"
"Southend-on-Sea 014D",1,51.534257,0.728778,0,1,0,0,4,"Lower-volume outer areas"
"Gravesham 003C",1,51.432919,0.390623,0,1,0,0,4,"Lower-volume outer areas"
"Manchester 057B",1,53.471498,-2.245099,0,1,0,0,4,"Lower-volume outer areas"
"Gravesham 003E",1,51.442013,0.383471,0,1,0,0,4,"Lower-volume outer areas"
"Manchester 060A",1,53.476252,-2.245534,0,1,0,0,4,"Lower-volume outer areas"
"Gravesham 004E",1,51.435243,0.354457,0,1,0,0,4,"Lower-volume outer areas"
"Manchester 063D",1,53.450976,-2.197564,0,1,0,0,4,"Lower-volume outer areas"
"Mansfield 008F",1,53.147191,-1.204365,0,1,0,0,4,"Lower-volume outer areas"
"Gravesham 006G",1,51.432604,0.331272,0,1,0,0,4,"Lower-volume outer areas"
"Medway 002B",1,51.415682,0.491466,0,1,0,0,4,"Lower-volume outer areas"
"Gravesham 009B",1,51.420037,0.354324,0,1,0,0,4,"Lower-volume outer areas"
"Medway 004E",1,51.411108,0.524898,0,1,0,0,4,"Lower-volume outer areas"
"Gravesham 011D",1,51.417861,0.380632,0,1,0,0,4,"Lower-volume outer areas"
"Watford 003D",1,51.678408,-0.380023,0,1,0,0,4,"Lower-volume outer areas"
"Gravesham 013B",1,51.332669,0.363654,0,1,0,0,4,"Lower-volume outer areas"
"Watford 004C",1,51.677386,-0.403274,0,1,0,0,4,"Lower-volume outer areas"
"Great Yarmouth 006B",1,52.606133,1.734248,0,1,0,0,4,"Lower-volume outer areas"
"Great Yarmouth 006C",1,52.600952,1.733984,0,1,0,0,4,"Lower-volume outer areas"
"Great Yarmouth 006E",1,52.600719,1.732812,0,1,0,0,4,"Lower-volume outer areas"
"Birmingham 139C",1,52.470995,-1.850861,0,1,0,0,4,"Lower-volume outer areas"
"Medway 015C",1,51.377732,0.533666,0,1,0,0,4,"Lower-volume outer areas"
"Medway 016C",1,51.378667,0.549871,0,1,0,0,4,"Lower-volume outer areas"
"Medway 019B",1,51.376585,0.551738,0,1,0,0,4,"Lower-volume outer areas"
"Medway 019D",1,51.374386,0.562652,0,1,0,0,4,"Lower-volume outer areas"
"Eastleigh 013B",1,50.886721,-1.324108,0,1,0,0,4,"Lower-volume outer areas"
"Medway 021A",1,51.375081,0.516506,0,1,0,0,4,"Lower-volume outer areas"
"Medway 024A",1,51.367966,0.503544,0,1,0,0,4,"Lower-volume outer areas"
"Medway 025E",1,51.362221,0.617368,0,1,0,0,4,"Lower-volume outer areas"
"Medway 028D",1,51.351376,0.42692,0,1,0,0,4,"Lower-volume outer areas"
"Medway 030D",1,51.368455,0.56589,0,1,0,0,4,"Lower-volume outer areas"
"Waverley 004C",1,51.215041,-0.787205,0,1,0,0,4,"Lower-volume outer areas"
"Medway 033C",1,51.352291,0.515644,0,1,0,0,4,"Lower-volume outer areas"
"Medway 033D",1,51.347153,0.523333,0,1,0,0,4,"Lower-volume outer areas"
"Canterbury 001C",1,51.371608,1.118045,0,1,0,0,4,"Lower-volume outer areas"
"Canterbury 005A",1,51.34883,1.061615,0,1,0,0,4,"Lower-volume outer areas"
"Canterbury 008B",1,51.360082,1.026306,0,1,0,0,4,"Lower-volume outer areas"
"Welwyn Hatfield 003A",1,51.807421,-0.201685,0,1,0,0,4,"Lower-volume outer areas"
"Canterbury 009E",1,51.344138,1.00387,0,1,0,0,4,"Lower-volume outer areas"
"Merthyr Tydfil 003C",1,51.754192,-3.37531,0,1,0,0,4,"Lower-volume outer areas"
"Canterbury 014A",1,51.28032,1.108284,0,1,0,0,4,"Lower-volume outer areas"
"Canterbury 014C",1,51.288707,1.094233,0,1,0,0,4,"Lower-volume outer areas"
"Canterbury 016A",1,51.27578,1.084416,0,1,0,0,4,"Lower-volume outer areas"
"Canterbury 016E",1,51.273678,1.081565,0,1,0,0,4,"Lower-volume outer areas"
"Canterbury 017B",1,51.251241,1.056027,0,1,0,0,4,"Lower-volume outer areas"
"Canterbury 020B",1,51.283904,1.068939,0,1,0,0,4,"Lower-volume outer areas"
"Cardiff 005A",1,51.52605,-3.179758,0,1,0,0,4,"Lower-volume outer areas"
"Cardiff 012B",1,51.524308,-3.203396,0,1,0,0,4,"Lower-volume outer areas"
"Cardiff 016C",1,51.516286,-3.108656,0,1,0,0,4,"Lower-volume outer areas"
"Welwyn Hatfield 012C",1,51.760265,-0.233004,0,1,0,0,4,"Lower-volume outer areas"
"Cardiff 029D",1,51.496043,-3.146369,0,1,0,0,4,"Lower-volume outer areas"
"Welwyn Hatfield 013C",1,51.757125,-0.23827,0,1,0,0,4,"Lower-volume outer areas"
"Welwyn Hatfield 015A",1,51.728391,-0.183624,0,1,0,0,4,"Lower-volume outer areas"
"Cardiff 046B",1,51.466663,-3.176584,0,1,0,0,4,"Lower-volume outer areas"
"Carlisle 001D",1,54.984157,-2.860008,0,1,0,0,4,"Lower-volume outer areas"
"Carlisle 011B",1,54.882127,-2.895492,0,1,0,0,4,"Lower-volume outer areas"
"Carmarthenshire 002A",1,52.033881,-3.818886,0,1,0,0,4,"Lower-volume outer areas"
"Carmarthenshire 010A",1,51.801624,-3.900475,0,1,0,0,4,"Lower-volume outer areas"
"Carmarthenshire 010E",1,51.809746,-3.840484,0,1,0,0,4,"Lower-volume outer areas"
"West Berkshire 007F",1,51.436643,-1.271472,0,1,0,0,4,"Lower-volume outer areas"
"North Hertfordshire 003D",1,51.9897,-0.234633,0,1,0,0,4,"Lower-volume outer areas"
"West Berkshire 019F",1,51.380821,-1.317707,0,1,0,0,4,"Lower-volume outer areas"
"Castle Point 006C",1,51.555146,0.607975,0,1,0,0,4,"Lower-volume outer areas"
"Bradford 008G",1,53.865879,-1.917849,0,1,0,0,4,"Lower-volume outer areas"
"Central Bedfordshire 001B",1,52.132386,-0.290627,0,1,0,0,4,"Lower-volume outer areas"
"West Northamptonshire 002E",1,52.322032,-0.950627,0,1,0,0,4,"Lower-volume outer areas"
"Hinckley and Bosworth 004C",1,52.626255,-1.421704,0,1,0,0,4,"Lower-volume outer areas"
"Central Bedfordshire 007J",1,52.065272,-0.609851,0,1,0,0,4,"Lower-volume outer areas"
"Central Bedfordshire 010A",1,52.00874,-0.266405,0,1,0,0,4,"Lower-volume outer areas"
"Central Bedfordshire 010B",1,52.023807,-0.265006,0,1,0,0,4,"Lower-volume outer areas"
"Central Bedfordshire 012C",1,52.035329,-0.524605,0,1,0,0,4,"Lower-volume outer areas"
"Central Bedfordshire 017C",1,51.967494,-0.493106,0,1,0,0,4,"Lower-volume outer areas"
"Central Bedfordshire 017E",1,51.983744,-0.493274,0,1,0,0,4,"Lower-volume outer areas"
"Central Bedfordshire 021A",1,51.916667,-0.665321,0,1,0,0,4,"Lower-volume outer areas"
"Central Bedfordshire 021D",1,51.925701,-0.658014,0,1,0,0,4,"Lower-volume outer areas"
"Central Bedfordshire 021E",1,51.927176,-0.654902,0,1,0,0,4,"Lower-volume outer areas"
"Horsham 016C",1,50.890524,-0.322766,0,1,0,0,4,"Lower-volume outer areas"
"West Northamptonshire 037C",1,52.20883,-0.871618,0,1,0,0,4,"Lower-volume outer areas"
"Dartford 002C",1,51.449385,0.280054,0,1,0,0,4,"Lower-volume outer areas"
"Charnwood 002A",1,52.770336,-1.200504,0,1,0,0,4,"Lower-volume outer areas"
"West Oxfordshire 012A",1,51.710042,-1.67265,0,1,0,0,4,"Lower-volume outer areas"
"Dartford 002F",1,51.444425,0.284455,0,1,0,0,4,"Lower-volume outer areas"
"Charnwood 009H",1,52.752598,-1.201644,0,1,0,0,4,"Lower-volume outer areas"
"Chelmsford 001F",1,51.765472,0.495843,0,1,0,0,4,"Lower-volume outer areas"
"Chelmsford 002A",1,51.774654,0.465993,0,1,0,0,4,"Lower-volume outer areas"
"North Somerset 007A",1,51.436581,-2.851837,0,1,0,0,4,"Lower-volume outer areas"
"West Suffolk 015A",1,52.24296,0.41899,0,1,0,0,4,"Lower-volume outer areas"
"Chelmsford 005B",1,51.765341,0.550941,0,1,0,0,4,"Lower-volume outer areas"
"Chelmsford 009F",1,51.728036,0.458647,0,1,0,0,4,"Lower-volume outer areas"
"West Suffolk 020E",1,52.082519,0.435028,0,1,0,0,4,"Lower-volume outer areas"
"Telford and Wrekin 015B",1,52.68489,-2.411157,0,1,0,0,4,"Lower-volume outer areas"
"Mole Valley 008A",1,51.265287,-0.270315,0,1,0,0,4,"Lower-volume outer areas"
"Northumberland 005D",1,55.413071,-1.705602,0,1,0,0,4,"Lower-volume outer areas"
"Chelmsford 022C",1,51.733699,0.477609,0,1,0,0,4,"Lower-volume outer areas"
"Northumberland 042J",1,55.078844,-1.567311,0,1,0,0,4,"Lower-volume outer areas"
"Tendring 003B",1,51.948691,1.054574,0,1,0,0,4,"Lower-volume outer areas"
"Norwich 004D",1,52.637318,1.319237,0,1,0,0,4,"Lower-volume outer areas"
"Cherwell 001E",1,52.089101,-1.366655,0,1,0,0,4,"Lower-volume outer areas"
"Norwich 011B",1,52.619605,1.294592,0,1,0,0,4,"Lower-volume outer areas"
"Cherwell 009B",1,51.996528,-1.48374,0,1,0,0,4,"Lower-volume outer areas"
"Barnsley 003B",1,53.589004,-1.404223,0,1,0,0,4,"Lower-volume outer areas"
"Basildon 002D",1,51.636467,0.398728,0,1,0,0,4,"Lower-volume outer areas"
"Cherwell 018B",1,51.818438,-1.27604,0,1,0,0,4,"Lower-volume outer areas"
"Cheshire East 005C",1,53.341271,-2.222589,0,1,0,0,4,"Lower-volume outer areas"
"Cheshire East 018F",1,53.253103,-2.129383,0,1,0,0,4,"Lower-volume outer areas"
"Basildon 007E",1,51.603877,0.538051,0,1,0,0,4,"Lower-volume outer areas"
"Dartford 010A",1,51.425384,0.174495,0,1,0,0,4,"Lower-volume outer areas"
"Kingston upon Hull 026C",1,53.74982,-0.328729,0,1,0,0,4,"Lower-volume outer areas"
"Basildon 011B",1,51.575596,0.507377,0,1,0,0,4,"Lower-volume outer areas"
"Nottingham 023E",1,52.958317,-1.151207,0,1,0,0,4,"Lower-volume outer areas"
"Basildon 013A",1,51.575838,0.492625,0,1,0,0,4,"Lower-volume outer areas"
"Dartford 013B",1,51.398582,0.300802,0,1,0,0,4,"Lower-volume outer areas"
"Dartford 013C",1,51.386807,0.336374,0,1,0,0,4,"Lower-volume outer areas"
"Chichester 010E",1,50.833604,-0.775361,0,1,0,0,4,"Lower-volume outer areas"
"Basildon 015E",1,51.572615,0.474105,0,1,0,0,4,"Lower-volume outer areas"
"Derby 011D",1,52.924159,-1.487476,0,1,0,0,4,"Lower-volume outer areas"
"Chorley 010D",1,53.65149,-2.627143,0,1,0,0,4,"Lower-volume outer areas"
"Oldham 012B",1,53.546634,-2.076552,0,1,0,0,4,"Lower-volume outer areas"
"Derby 013G",1,52.919092,-1.472247,0,1,0,0,4,"Lower-volume outer areas"
"Derby 026E",1,52.902456,-1.464599,0,1,0,0,4,"Lower-volume outer areas"
"Doncaster 008E",1,53.563106,-1.022442,0,1,0,0,4,"Lower-volume outer areas"
"Colchester 007G",1,51.887636,0.906074,0,1,0,0,4,"Lower-volume outer areas"
"Colchester 008A",1,51.889997,0.941329,0,1,0,0,4,"Lower-volume outer areas"
"Basildon 022A",1,51.55716,0.479008,0,1,0,0,4,"Lower-volume outer areas"
"Oxford 008B",1,51.749195,-1.257026,0,1,0,0,4,"Lower-volume outer areas"
"Dorset 011D",1,50.857726,-2.163802,0,1,0,0,4,"Lower-volume outer areas"
"Basingstoke and Deane 008C",1,51.285929,-1.064947,0,1,0,0,4,"Lower-volume outer areas"
"Basingstoke and Deane 009A",1,51.277279,-1.084291,0,1,0,0,4,"Lower-volume outer areas"
"Dorset 019E",1,50.867671,-2.602102,0,1,0,0,4,"Lower-volume outer areas"
"Dorset 031B",1,50.7132,-2.437775,0,1,0,0,4,"Lower-volume outer areas"
"Dorset 041A",1,50.615481,-2.470874,0,1,0,0,4,"Lower-volume outer areas"
"Dorset 041D",1,50.642776,-2.477101,0,1,0,0,4,"Lower-volume outer areas"
"Colchester 019B",1,51.836698,0.819939,0,1,0,0,4,"Lower-volume outer areas"
"Dover 007C",1,51.208638,1.387804,0,1,0,0,4,"Lower-volume outer areas"
"Dover 008C",1,51.194744,1.265657,0,1,0,0,4,"Lower-volume outer areas"
"Bath and North East Somerset 012A",1,51.379327,-2.327159,0,1,0,0,4,"Lower-volume outer areas"
"Cornwall 001E",1,50.830834,-4.519234,0,1,0,0,4,"Lower-volume outer areas"
"Thurrock 007A",1,51.501073,0.289506,0,1,0,0,4,"Lower-volume outer areas"
"Dudley 006F",1,52.522209,-2.099616,0,1,0,0,4,"Lower-volume outer areas"
"Bedford 002B",1,52.167226,-0.551786,0,1,0,0,4,"Lower-volume outer areas"
"Bedford 003B",1,52.160974,-0.487823,0,1,0,0,4,"Lower-volume outer areas"
"Plymouth 007E",1,50.411455,-4.149187,0,1,0,0,4,"Lower-volume outer areas"
"Plymouth 024C",1,50.376718,-4.162315,0,1,0,0,4,"Lower-volume outer areas"
"Plymouth 027E",1,50.368362,-4.141431,0,1,0,0,4,"Lower-volume outer areas"
"Bedford 010C",1,52.141492,-0.48233,0,1,0,0,4,"Lower-volume outer areas"
"County Durham 008B",1,54.860733,-1.699946,0,1,0,0,4,"Lower-volume outer areas"
"Bedford 015D",1,52.121991,-0.471994,0,1,0,0,4,"Lower-volume outer areas"
"Runnymede 005C",1,51.392169,-0.573917,0,1,0,0,4,"Lower-volume outer areas"
"County Durham 032F",1,54.770603,-1.324376,0,1,0,0,4,"Lower-volume outer areas"
"County Durham 039D",1,54.748312,-1.289634,0,1,0,0,4,"Lower-volume outer areas"
"County Durham 048E",1,54.716809,-1.424493,0,1,0,0,4,"Lower-volume outer areas"
"County Durham 058E",1,54.646714,-1.691016,0,1,0,0,4,"Lower-volume outer areas"
"Reading 004E",1,51.46624,-0.96074,0,1,0,0,4,"Lower-volume outer areas"
"Reading 009A",1,51.449567,-1.024424,0,1,0,0,4,"Lower-volume outer areas"
"Coventry 009D",1,52.430433,-1.502368,0,1,0,0,4,"Lower-volume outer areas"
"Coventry 016A",1,52.423658,-1.478077,0,1,0,0,4,"Lower-volume outer areas"
"Mid Sussex 001A",1,51.135073,-0.0029,0,1,0,0,4,"Lower-volume outer areas"
"Reading 015E",1,51.440677,-1.012901,0,1,0,0,4,"Lower-volume outer areas"
"Coventry 024A",1,52.416535,-1.489762,0,1,0,0,4,"Lower-volume outer areas"
"Coventry 024C",1,52.413405,-1.504221,0,1,0,0,4,"Lower-volume outer areas"
"Reading 017F",1,51.432624,-0.964351,0,1,0,0,4,"Lower-volume outer areas"
"Mid Sussex 014A",1,50.968122,-0.136801,0,1,0,0,4,"Lower-volume outer areas"
"Mid Sussex 016D",1,50.923253,-0.186431,0,1,0,0,4,"Lower-volume outer areas"
"Coventry 031A",1,52.403467,-1.505449,0,1,0,0,4,"Lower-volume outer areas"
"Guildford 003A",1,51.262734,-0.453531,0,1,0,0,4,"Lower-volume outer areas"
"Crawley 004B",1,51.123248,-0.182111,0,1,0,0,4,"Lower-volume outer areas"
"Milton Keynes 001B",1,52.159575,-0.699249,0,1,0,0,4,"Lower-volume outer areas"
"Bracknell Forest 013C",1,51.356952,-0.785013,0,1,0,0,4,"Lower-volume outer areas"
"Guildford 015A",1,51.236794,-0.58013,0,1,0,0,4,"Lower-volume outer areas"
"Crawley 010B",1,51.10361,-0.218549,0,1,0,0,4,"Lower-volume outer areas"
"Crawley 011D",1,51.100475,-0.18079,0,1,0,0,4,"Lower-volume outer areas"
"Tonbridge and Malling 002J",1,51.32938,0.441506,0,1,0,0,4,"Lower-volume outer areas"
"Crawley 012D",1,51.098398,-0.211694,0,1,0,0,4,"Lower-volume outer areas"
"Gwynedd 017C",1,52.697224,-4.043874,0,1,0,0,4,"Lower-volume outer areas"
"Milton Keynes 022E",1,52.007856,-0.699835,0,1,0,0,4,"Lower-volume outer areas"
"Milton Keynes 023F",1,52.008518,-0.741704,0,1,0,0,4,"Lower-volume outer areas"
"Milton Keynes 024A",1,51.984375,-0.682371,0,1,0,0,4,"Lower-volume outer areas"
"Milton Keynes 027A",1,52.00417,-0.753102,0,1,0,0,4,"Lower-volume outer areas"
"Milton Keynes 029A",1,51.991906,-0.759079,0,1,0,0,4,"Lower-volume outer areas"
"Milton Keynes 032A",1,51.982378,-0.723958,0,1,0,0,4,"Lower-volume outer areas"
"Milton Keynes 035D",1,52.026789,-0.696313,0,1,0,0,4,"Lower-volume outer areas"
"Milton Keynes 036D",1,52.016907,-0.81009,0,1,0,0,4,"Lower-volume outer areas"
"Mole Valley 001B",1,51.306792,-0.293216,0,1,0,0,4,"Lower-volume outer areas"
"Sevenoaks 001E",1,51.402434,0.184621,0,1,0,0,4,"Lower-volume outer areas"
"Spelthorne 013B",1,51.396823,-0.446958,0,1,0,0,4,"Lower-volume outer areas"
"Mole Valley 003C",1,51.294336,-0.332448,0,1,0,0,4,"Lower-volume outer areas"
"Dartford 003E",1,51.447962,0.210238,0,1,0,0,4,"Lower-volume outer areas"
"St Albans 004B",1,51.808825,-0.295309,0,1,0,0,4,"Lower-volume outer areas"
"Birmingham 051C",1,52.489805,-1.838691,0,1,0,0,4,"Lower-volume outer areas"
"Birmingham 051E",1,52.488463,-1.836973,0,1,0,0,4,"Lower-volume outer areas"
"Mole Valley 008D",1,51.236763,-0.267932,0,1,0,0,4,"Lower-volume outer areas"
"Mole Valley 010C",1,51.229373,-0.32553,0,1,0,0,4,"Lower-volume outer areas"
"Mole Valley 013C",1,51.187088,-0.269208,0,1,0,0,4,"Lower-volume outer areas"
"Monmouthshire 008C",1,51.641525,-2.678457,0,1,0,0,4,"Lower-volume outer areas"
"Neath Port Talbot 017C",1,51.593663,-3.794601,0,1,0,0,4,"Lower-volume outer areas"
"Neath Port Talbot 020G",1,51.764213,-3.787881,0,1,0,0,4,"Lower-volume outer areas"
"New Forest 002D",1,50.917864,-1.507995,0,1,0,0,4,"Lower-volume outer areas"
"Wiltshire 016C",1,51.439318,-1.995549,0,1,0,0,4,"Lower-volume outer areas"
"New Forest 016E",1,50.796024,-1.735443,0,1,0,0,4,"Lower-volume outer areas"
"Wiltshire 016D",1,51.426559,-1.988588,0,1,0,0,4,"Lower-volume outer areas"
"Newark and Sherwood 005A",1,53.16542,-1.047446,0,1,0,0,4,"Lower-volume outer areas"
"Wiltshire 030A",1,51.332595,-2.18438,0,1,0,0,4,"Lower-volume outer areas"
"Huntingdonshire 006A",1,52.374476,-0.036573,0,1,0,0,4,"Lower-volume outer areas"
"Huntingdonshire 006C",1,52.380649,-0.00036,0,1,0,0,4,"Lower-volume outer areas"
"Newcastle-under-Lyme 003D",1,53.082948,-2.254499,0,1,0,0,4,"Lower-volume outer areas"
"Ipswich 005B",1,52.066127,1.159731,0,1,0,0,4,"Lower-volume outer areas"
"Ipswich 006D",1,52.061134,1.153761,0,1,0,0,4,"Lower-volume outer areas"
"Staffordshire Moorlands 009B",1,53.02491,-2.089547,0,1,0,0,4,"Lower-volume outer areas"
"Sheffield 022B",1,53.394123,-1.464978,0,1,0,0,4,"Lower-volume outer areas"
"Ipswich 012D",1,52.039907,1.142348,0,1,0,0,4,"Lower-volume outer areas"
"Windsor and Maidenhead 005A",1,51.523161,-0.734931,0,1,0,0,4,"Lower-volume outer areas"
"Ipswich 014G",1,52.038306,1.198457,0,1,0,0,4,"Lower-volume outer areas"
"Sheffield 042F",1,53.371737,-1.466115,0,1,0,0,4,"Lower-volume outer areas"
"East Hertfordshire 011B",1,51.807111,0.132634,0,1,0,0,4,"Lower-volume outer areas"
"Stockport 039A",1,53.374668,-2.188853,0,1,0,0,4,"Lower-volume outer areas"
"Stockton-on-Tees 002F",1,54.614843,-1.287283,0,1,0,0,4,"Lower-volume outer areas"
"Stockton-on-Tees 008E",1,54.591186,-1.335671,0,1,0,0,4,"Lower-volume outer areas"
"Stockton-on-Tees 011C",1,54.573854,-1.363255,0,1,0,0,4,"Lower-volume outer areas"
"Stoke-on-Trent 006B",1,53.059976,-2.195425,0,1,0,0,4,"Lower-volume outer areas"
"Windsor and Maidenhead 014D",1,51.479971,-0.633737,0,1,0,0,4,"Lower-volume outer areas"
"Windsor and Maidenhead 016D",1,51.460789,-0.585771,0,1,0,0,4,"Lower-volume outer areas"
"Stoke-on-Trent 009B",1,53.041013,-2.208524,0,1,0,0,4,"Lower-volume outer areas"
"Birmingham 136B",1,52.475685,-1.910236,0,1,0,0,4,"Lower-volume outer areas"
"Epping Forest 002B",1,51.74524,0.012467,0,1,0,0,4,"Lower-volume outer areas"
"Stoke-on-Trent 018C",1,53.011019,-2.207351,0,1,0,0,4,"Lower-volume outer areas"
"Stoke-on-Trent 023E",1,52.989814,-2.206579,0,1,0,0,4,"Lower-volume outer areas"
"Stoke-on-Trent 031E",1,52.978889,-2.117063,0,1,0,0,4,"Lower-volume outer areas"
"Stoke-on-Trent 035C",1,52.994845,-2.141585,0,1,0,0,4,"Lower-volume outer areas"
"Stratford-on-Avon 002A",1,52.279912,-1.734094,0,1,0,0,4,"Lower-volume outer areas"
"Stratford-on-Avon 007B",1,52.201774,-1.785918,0,1,0,0,4,"Lower-volume outer areas"
"Stratford-on-Avon 008A",1,52.238725,-1.688899,0,1,0,0,4,"Lower-volume outer areas"
"Stratford-on-Avon 009A",1,52.198364,-1.705274,0,1,0,0,4,"Lower-volume outer areas"
"Brentwood 001A",1,51.669731,0.300345,0,1,0,0,4,"Lower-volume outer areas"
"Stratford-on-Avon 013D",1,52.200631,-1.485213,0,1,0,0,4,"Lower-volume outer areas"
"Stroud 001B",1,51.815154,-2.286412,0,1,0,0,4,"Lower-volume outer areas"
"Stroud 006F",1,51.749041,-2.230369,0,1,0,0,4,"Lower-volume outer areas"
"Stroud 007A",1,51.734045,-2.229526,0,1,0,0,4,"Lower-volume outer areas"
"Sunderland 004D",1,54.925379,-1.413314,0,1,0,0,4,"Lower-volume outer areas"
"Brentwood 004B",1,51.623413,0.293696,0,1,0,0,4,"Lower-volume outer areas"
"Sunderland 013C",1,54.906207,-1.394175,0,1,0,0,4,"Lower-volume outer areas"
"Sunderland 019E",1,54.897823,-1.518888,0,1,0,0,4,"Lower-volume outer areas"
"Sunderland 036D",1,54.805645,-1.43084,0,1,0,0,4,"Lower-volume outer areas"
"Surrey Heath 002C",1,51.359366,-0.689494,0,1,0,0,4,"Lower-volume outer areas"
"Surrey Heath 006D",1,51.343012,-0.643083,0,1,0,0,4,"Lower-volume outer areas"
"Surrey Heath 008B",1,51.333119,-0.759762,0,1,0,0,4,"Lower-volume outer areas"
"Wolverhampton 015C",1,52.590254,-2.108864,0,1,0,0,4,"Lower-volume outer areas"
"Wolverhampton 028B",1,52.568065,-2.171098,0,1,0,0,4,"Lower-volume outer areas"
"Slough 012B",1,51.501588,-0.562321,0,1,0,0,4,"Lower-volume outer areas"
"Worcester 006B",1,52.198497,-2.242298,0,1,0,0,4,"Lower-volume outer areas"
"Worcester 011E",1,52.191813,-2.218654,0,1,0,0,4,"Lower-volume outer areas"
"Brighton and Hove 002A",1,50.862366,-0.115313,0,1,0,0,4,"Lower-volume outer areas"
"Worthing 006D",1,50.829063,-0.4286,0,1,0,0,4,"Lower-volume outer areas"
"Worthing 009B",1,50.818924,-0.361065,0,1,0,0,4,"Lower-volume outer areas"
"Brighton and Hove 015D",1,50.83584,-0.126238,0,1,0,0,4,"Lower-volume outer areas"
"Wrexham 010F",1,53.047428,-2.96959,0,1,0,0,4,"Lower-volume outer areas"
"Wrexham 013C",1,53.002843,-3.06289,0,1,0,0,4,"Lower-volume outer areas"
"Brighton and Hove 019C",1,50.832559,-0.174512,0,1,0,0,4,"Lower-volume outer areas"
"Wychavon 016D",1,52.088737,-1.941414,0,1,0,0,4,"Lower-volume outer areas"
"Wyre 009C",1,53.89992,-2.865964,0,1,0,0,4,"Lower-volume outer areas"
"Wyre Forest 006D",1,52.389968,-2.262334,0,1,0,0,4,"Lower-volume outer areas"
"Bracknell Forest 005B",1,51.4199,-0.71949,0,1,0,0,4,"Lower-volume outer areas"
"York 013I",1,53.958064,-1.08143,0,1,0,0,4,"Lower-volume outer areas"
"Somerset West and Taunton 015B",1,51.013585,-3.099346,0,1,0,0,4,"Lower-volume outer areas"
"Brighton and Hove 027E",1,50.824206,-0.141059,0,1,0,0,4,"Lower-volume outer areas"
"Brighton and Hove 027F",1,50.827668,-0.139317,0,1,0,0,4,"Lower-volume outer areas"
"South Cambridgeshire 007D",1,52.220596,0.174132,0,1,0,0,4,"Lower-volume outer areas"
"Brighton and Hove 030C",1,50.824505,-0.134459,0,1,0,0,4,"Lower-volume outer areas"
"Bracknell Forest 013A",1,51.370224,-0.791625,0,1,0,0,4,"Lower-volume outer areas"
"Elmbridge 014E",1,51.368287,-0.403906,0,1,0,0,4,"Lower-volume outer areas"
"Bristol 004B",1,51.494809,-2.59102,0,1,0,0,4,"Lower-volume outer areas"
"Bradford 021C",1,53.838372,-1.755636,0,1,0,0,4,"Lower-volume outer areas"
"Bristol 012A",1,51.481606,-2.537144,0,1,0,0,4,"Lower-volume outer areas"
"South Gloucestershire 005C",1,51.580596,-2.638828,0,1,0,0,4,"Lower-volume outer areas"
"Birmingham 019D",1,52.539686,-1.900405,0,1,0,0,4,"Lower-volume outer areas"
"Bristol 021C",1,51.468283,-2.540399,0,1,0,0,4,"Lower-volume outer areas"
"Birmingham 026D",1,52.527609,-1.861356,0,1,0,0,4,"Lower-volume outer areas"
"Bristol 029B",1,51.45589,-2.554473,0,1,0,0,4,"Lower-volume outer areas"
"Birmingham 030C",1,52.52064,-1.859934,0,1,0,0,4,"Lower-volume outer areas"
"Birmingham 032A",1,52.515392,-1.919808,0,1,0,0,4,"Lower-volume outer areas"
"Birmingham 032E",1,52.513449,-1.933014,0,1,0,0,4,"Lower-volume outer areas"
"Luton 023B",1,51.88147,-0.421654,0,1,0,0,4,"Lower-volume outer areas"
"Birmingham 035A",1,52.517263,-1.909533,0,1,0,0,4,"Lower-volume outer areas"
"Bristol 056A",1,51.466329,-2.573299,0,1,0,0,4,"Lower-volume outer areas"
"South Lakeland 011E",1,54.228306,-2.767088,0,1,0,0,4,"Lower-volume outer areas"
"Breckland 010F",1,52.565629,0.854257,0,1,0,0,4,"Lower-volume outer areas"
"Maidstone 006G",1,51.267344,0.510714,0,1,0,0,4,"Lower-volume outer areas"
"South Oxfordshire 002A",1,51.791881,-1.172882,0,1,0,0,4,"Lower-volume outer areas"
"Birmingham 045E",1,52.492775,-1.779811,0,1,0,0,4,"Lower-volume outer areas"
"Birmingham 047E",1,52.496751,-1.942422,0,1,0,0,4,"Lower-volume outer areas"
"Birmingham 049A",1,52.501602,-1.908342,0,1,0,0,4,"Lower-volume outer areas"
"Birmingham 049F",1,52.495445,-1.909902,0,1,0,0,4,"Lower-volume outer areas"
"St Albans 002A",1,51.815271,-0.337298,0,1,0,0,4,"Lower-volume outer areas"
"Birmingham 051B",1,52.49104,-1.855491,0,1,0,0,4,"Lower-volume outer areas"
"Dartford 005A",1,51.448285,0.227381,0,1,0,0,4,"Lower-volume outer areas"
"Telford and Wrekin 014A",1,52.693385,-2.465594,0,1,0,0,4,"Lower-volume outer areas"
"Birmingham 052E",1,52.488417,-1.873599,0,1,0,0,4,"Lower-volume outer areas"
"Birmingham 056A",1,52.48825,-1.808846,0,1,0,0,4,"Lower-volume outer areas"
"Birmingham 056B",1,52.483829,-1.810028,0,1,0,0,4,"Lower-volume outer areas"
"Birmingham 057C",1,52.483289,-1.778857,0,1,0,0,4,"Lower-volume outer areas"
"Birmingham 058C",1,52.478743,-1.842236,0,1,0,0,4,"Lower-volume outer areas"
"Birmingham 060C",1,52.478774,-1.931859,0,1,0,0,4,"Lower-volume outer areas"
"Birmingham 064C",1,52.473552,-1.934252,0,1,0,0,4,"Lower-volume outer areas"
"Birmingham 067C",1,52.476068,-1.808869,0,1,0,0,4,"Lower-volume outer areas"
"Birmingham 071C",1,52.468085,-1.884756,0,1,0,0,4,"Lower-volume outer areas"
"Birmingham 078B",1,52.465046,-1.832055,0,1,0,0,4,"Lower-volume outer areas"
"Birmingham 078C",1,52.458244,-1.826706,0,1,0,0,4,"Lower-volume outer areas"
"Southend-on-Sea 009E",1,51.548477,0.736077,0,1,0,0,4,"Lower-volume outer areas"
"Birmingham 084B",1,52.460366,-1.889045,0,1,0,0,4,"Lower-volume outer areas"
"Birmingham 085A",1,52.453952,-1.978619,0,1,0,0,4,"Lower-volume outer areas"
"Birmingham 085E",1,52.452658,-1.979929,0,1,0,0,4,"Lower-volume outer areas"
"Birmingham 087C",1,52.451607,-1.950397,0,1,0,0,4,"Lower-volume outer areas"
"Birmingham 089G",1,52.444737,-1.825409,0,1,0,0,4,"Lower-volume outer areas"
"Birmingham 090A",1,52.446465,-1.846,0,1,0,0,4,"Lower-volume outer areas"
"Reigate and Banstead 005B",1,51.304392,-0.229737,0,1,0,0,4,"Lower-volume outer areas"
"Birmingham 094C",1,52.44357,-2.015536,0,1,0,0,4,"Lower-volume outer areas"
"Birmingham 095B",1,52.44398,-1.967604,0,1,0,0,4,"Lower-volume outer areas"
"Manchester 056B",1,53.491717,-2.243016,0,1,0,0,4,"Lower-volume outer areas"
"Birmingham 103C",1,52.441213,-1.819788,0,1,0,0,4,"Lower-volume outer areas"
"Birmingham 106F",1,52.433052,-1.987366,0,1,0,0,4,"Lower-volume outer areas"
"Thanet 011A",1,51.347241,1.407476,0,1,0,0,4,"Lower-volume outer areas"
"Birmingham 116D",1,52.412898,-1.956292,0,1,0,0,4,"Lower-volume outer areas"
"Birmingham 118C",1,52.41369,-1.898909,0,1,0,0,4,"Lower-volume outer areas"
"Birmingham 133A",1,52.521353,-1.922066,0,1,0,0,4,"Lower-volume outer areas"
"East Hertfordshire 016B",1,51.800161,-0.056765,0,1,0,0,4,"Lower-volume outer areas"
"Birmingham 134C",1,52.471877,-1.902986,0,1,0,0,4,"Lower-volume outer areas"
"Birmingham 135B",1,52.472196,-1.898201,0,1,0,0,4,"Lower-volume outer areas"
"East Hertfordshire 019E",1,51.851143,-0.155948,0,1,0,0,4,"Lower-volume outer areas"
"Reigate and Banstead 012E",1,51.237522,-0.18685,0,1,0,0,4,"Lower-volume outer areas"
"Oxford 003C",1,51.772841,-1.274204,0,1,0,0,4,"Lower-volume outer areas"
"Birmingham 136E",1,52.476,-1.922986,0,1,0,0,4,"Lower-volume outer areas"
"East Suffolk 015C",1,52.343583,1.502416,0,1,0,0,4,"Lower-volume outer areas"
"Birmingham 138C",1,52.487232,-1.903291,0,1,0,0,4,"Lower-volume outer areas"
"Uttlesford 005C",1,51.908553,0.196247,0,1,0,0,4,"Lower-volume outer areas"
"Eastbourne 003B",1,50.800598,0.306653,0,1,0,0,4,"Lower-volume outer areas"
"Eastbourne 008D",1,50.773724,0.285203,0,1,0,0,4,"Lower-volume outer areas"
"Blaby 007A",1,52.567363,-1.203358,0,1,0,0,4,"Lower-volume outer areas"
"Blaby 009A",1,52.549082,-1.1908,0,1,0,0,4,"Lower-volume outer areas"
"Watford 010A",1,51.653916,-0.405183,0,1,0,0,4,"Lower-volume outer areas"
"Eden 003C",1,54.661488,-2.748876,0,1,0,0,4,"Lower-volume outer areas"
"Eden 004B",1,54.658135,-2.734367,0,1,0,0,4,"Lower-volume outer areas"
"Blackpool 008B",1,53.823375,-3.041351,0,1,0,0,4,"Lower-volume outer areas"
"Blackpool 014A",1,53.798757,-3.002252,0,1,0,0,4,"Lower-volume outer areas"
"Bolsover 004B",1,53.251002,-1.302889,0,1,0,0,4,"Lower-volume outer areas"
"Bolton 010D",1,53.59284,-2.412249,0,1,0,0,4,"Lower-volume outer areas"
"Bolton 011C",1,53.59026,-2.442454,0,1,0,0,4,"Lower-volume outer areas"
"Bolton 016E",1,53.582386,-2.427811,0,1,0,0,4,"Lower-volume outer areas"
"Bolton 017A",1,53.579011,-2.41876,0,1,0,0,4,"Lower-volume outer areas"
"Wealden 001C",1,51.128743,0.075491,0,1,0,0,4,"Lower-volume outer areas"
"Walsall 037A",1,52.562029,-1.977077,0,1,0,0,4,"Lower-volume outer areas"
"Bolton 026A",1,53.558752,-2.45547,0,1,0,0,4,"Lower-volume outer areas"
"Elmbridge 004A",1,51.397057,-0.403422,0,1,0,0,4,"Lower-volume outer areas"
"Boston 004E",1,52.978199,-0.009072,0,1,0,0,4,"Lower-volume outer areas"
"Boston 007D",1,52.926706,-0.067123,0,1,0,0,4,"Lower-volume outer areas"
"Boston 008E",1,52.956818,-0.036019,0,1,0,0,4,"Lower-volume outer areas"
"Merthyr Tydfil 003E",1,51.762314,-3.404727,0,1,0,0,4,"Lower-volume outer areas"
"Bournemouth, Christchurch and Poole 006E",1,50.752058,-1.89291,0,1,0,0,4,"Lower-volume outer areas"
"Bournemouth, Christchurch and Poole 016D",1,50.752286,-1.953098,0,1,0,0,4,"Lower-volume outer areas"
"Bournemouth, Christchurch and Poole 020C",1,50.735529,-1.819828,0,1,0,0,4,"Lower-volume outer areas"
"Bournemouth, Christchurch and Poole 023C",1,50.730104,-1.939079,0,1,0,0,4,"Lower-volume outer areas"
"Bournemouth, Christchurch and Poole 023D",1,50.741946,-1.936569,0,1,0,0,4,"Lower-volume outer areas"
"Swale 004F",1,51.418409,0.795114,0,1,0,0,4,"Lower-volume outer areas"
"Bournemouth, Christchurch and Poole 038C",1,50.721866,-1.888629,0,1,0,0,4,"Lower-volume outer areas"
"Bournemouth, Christchurch and Poole 041F",1,50.723321,-1.861936,0,1,0,0,4,"Lower-volume outer areas"
"Elmbridge 010C",1,51.374552,-0.41159,0,1,0,0,4,"Lower-volume outer areas"
"Bournemouth, Christchurch and Poole 045B",1,50.715966,-1.888289,0,1,0,0,4,"Lower-volume outer areas"
"Elmbridge 011B",1,51.373962,-0.440001,0,1,0,0,4,"Lower-volume outer areas"
"Swale 012B",1,51.340079,0.720715,0,1,0,0,4,"Lower-volume outer areas"
"Swale 012C",1,51.3437,0.710388,0,1,0,0,4,"Lower-volume outer areas"
"Thurrock 018A",1,51.460962,0.359884,0,1,0,0,4,"Lower-volume outer areas"
"Elmbridge 012F",1,51.362672,-0.465522,0,1,0,0,4,"Lower-volume outer areas"
"Dacorum 003B",1,51.801611,-0.660512,0,1,0,0,4,"Lower-volume outer areas"
"Bracknell Forest 008A",1,51.392639,-0.734624,0,1,0,0,4,"Lower-volume outer areas"
"Bracknell Forest 009A",1,51.412343,-0.76688,0,1,0,0,4,"Lower-volume outer areas"
"Dacorum 008D",1,51.764742,-0.47013,0,1,0,0,4,"Lower-volume outer areas"
"Thurrock 020D",1,51.488151,0.31146,0,1,0,0,4,"Lower-volume outer areas"
"Elmbridge 015C",1,51.361655,-0.336353,0,1,0,0,4,"Lower-volume outer areas"
"Guildford 013C",1,51.238625,-0.574658,0,1,0,0,4,"Lower-volume outer areas"
"Bradford 030A",1,53.81707,-1.821587,0,1,0,0,4,"Lower-volume outer areas"
"Dacorum 014B",1,51.757346,-0.558719,0,1,0,0,4,"Lower-volume outer areas"
"Bradford 036B",1,53.807738,-1.832727,0,1,0,0,4,"Lower-volume outer areas"
"Bradford 046C",1,53.785828,-1.715022,0,1,0,0,4,"Lower-volume outer areas"
"Bradford 064D",1,53.795467,-1.744651,0,1,0,0,4,"Lower-volume outer areas"
"Bradford 065B",1,53.793041,-1.753288,0,1,0,0,4,"Lower-volume outer areas"
"Braintree 005B",1,51.948786,0.439971,0,1,0,0,4,"Lower-volume outer areas"
"Braintree 007D",1,51.901542,0.556268,0,1,0,0,4,"Lower-volume outer areas"
"Braintree 008D",1,51.889816,0.549178,0,1,0,0,4,"Lower-volume outer areas"
"Braintree 011B",1,51.880043,0.570131,0,1,0,0,4,"Lower-volume outer areas"
"Lewes 004B",1,50.897217,0.055637,0,1,0,0,4,"Lower-volume outer areas"
"Braintree 013A",1,51.854789,0.531644,0,1,0,0,4,"Lower-volume outer areas"
"South Norfolk 016F",1,52.653207,1.189119,0,1,0,0,4,"Lower-volume outer areas"
"North Northamptonshire 033A",1,52.298719,-0.712393,0,1,0,0,4,"Lower-volume outer areas"
"North Northamptonshire 037C",1,52.291899,-0.596771,0,1,0,0,4,"Lower-volume outer areas"
"North Somerset 013B",1,51.388903,-2.698799,0,1,0,0,4,"Lower-volume outer areas"
"North Somerset 021D",1,51.330995,-2.961448,0,1,0,0,4,"Lower-volume outer areas"
"South Tyneside 010B",1,54.973668,-1.525825,0,1,0,0,4,"Lower-volume outer areas"
"St Albans 003C",1,51.815547,-0.354349,0,1,0,0,4,"Lower-volume outer areas"
"Southampton 001D",1,50.947891,-1.405813,0,1,0,0,4,"Lower-volume outer areas"
"Telford and Wrekin 021E",1,52.641607,-2.461795,0,1,0,0,4,"Lower-volume outer areas"
"Harborough 005C",1,52.532391,-1.047534,0,1,0,0,4,"Lower-volume outer areas"
"Northumberland 024E",1,55.114752,-1.521444,0,1,0,0,4,"Lower-volume outer areas"
"Herefordshire 023E",1,51.984488,-2.588881,0,1,0,0,4,"Lower-volume outer areas"
"Norwich 002F",1,52.651254,1.26994,0,1,0,0,4,"Lower-volume outer areas"
"Hertsmere 001C",1,51.697307,-0.189615,0,1,0,0,4,"Lower-volume outer areas"
"Norwich 010B",1,52.624891,1.258632,0,1,0,0,4,"Lower-volume outer areas"
"Tendring 009A",1,51.85227,1.00984,0,1,0,0,4,"Lower-volume outer areas"
"Norwich 011D",1,52.620886,1.290919,0,1,0,0,4,"Lower-volume outer areas"
"Tendring 012A",1,51.804771,1.203476,0,1,0,0,4,"Lower-volume outer areas"
"King's Lynn and West Norfolk 011B",1,52.748981,0.404123,0,1,0,0,4,"Lower-volume outer areas"
"Norwich 017A",1,52.632884,1.2925,0,1,0,0,4,"Lower-volume outer areas"
"King's Lynn and West Norfolk 013B",1,52.671509,0.189324,0,1,0,0,4,"Lower-volume outer areas"
"Dartford 009A",1,51.439145,0.21187,0,1,0,0,4,"Lower-volume outer areas"
"Kingston upon Hull 024A",1,53.751661,-0.353317,0,1,0,0,4,"Lower-volume outer areas"
"Nottingham 019E",1,52.973421,-1.18744,0,1,0,0,4,"Lower-volume outer areas"
"Nottingham 022A",1,52.956646,-1.151254,0,1,0,0,4,"Lower-volume outer areas"
"Kingston upon Hull 029C",1,53.741907,-0.348043,0,1,0,0,4,"Lower-volume outer areas"
"Windsor and Maidenhead 001C",1,51.531358,-0.723776,0,1,0,0,4,"Lower-volume outer areas"
"Dartford 011D",1,51.42498,0.203792,0,1,0,0,4,"Lower-volume outer areas"
"Stevenage 003C",1,51.916366,-0.167788,0,1,0,0,4,"Lower-volume outer areas"
"Chichester 005A",1,50.9395,-0.656483,0,1,0,0,4,"Lower-volume outer areas"
"Thanet 007C",1,51.380148,1.334918,0,1,0,0,4,"Lower-volume outer areas"
"Oldham 005D",1,53.570991,-2.122275,0,1,0,0,4,"Lower-volume outer areas"
"Chichester 013C",1,50.765172,-0.867559,0,1,0,0,4,"Lower-volume outer areas"
"Oldham 007E",1,53.568873,-2.074614,0,1,0,0,4,"Lower-volume outer areas"
"Oldham 009C",1,53.565323,-2.118514,0,1,0,0,4,"Lower-volume outer areas"
"Oldham 014A",1,53.549201,-2.115541,0,1,0,0,4,"Lower-volume outer areas"
"Derbyshire Dales 009A",1,53.014464,-1.72652,0,1,0,0,4,"Lower-volume outer areas"
"Oldham 022C",1,53.537403,-2.10131,0,1,0,0,4,"Lower-volume outer areas"
"Oldham 028C",1,53.526492,-2.16476,0,1,0,0,4,"Lower-volume outer areas"
"Doncaster 022A",1,53.525178,-1.145003,0,1,0,0,4,"Lower-volume outer areas"
"Dorset 004B",1,50.953888,-2.514449,0,1,0,0,4,"Lower-volume outer areas"
"Rochdale 014D",1,53.603198,-2.088699,0,1,0,0,4,"Lower-volume outer areas"
"Three Rivers 010C",1,51.620383,-0.378118,0,1,0,0,4,"Lower-volume outer areas"
"Dorset 014B",1,50.823969,-2.281122,0,1,0,0,4,"Lower-volume outer areas"
"Dorset 015C",1,50.817617,-1.85405,0,1,0,0,4,"Lower-volume outer areas"
"Colchester 012C",1,51.886548,0.844628,0,1,0,0,4,"Lower-volume outer areas"
"Colchester 012E",1,51.868826,0.832904,0,1,0,0,4,"Lower-volume outer areas"
"Colchester 013D",1,51.878614,0.889726,0,1,0,0,4,"Lower-volume outer areas"
"Pendle 010D",1,53.836967,-2.202008,0,1,0,0,4,"Lower-volume outer areas"
"Pendle 012A",1,53.82468,-2.217322,0,1,0,0,4,"Lower-volume outer areas"
"Dorset 044B",1,50.607343,-2.452591,0,1,0,0,4,"Lower-volume outer areas"
"Peterborough 004B",1,52.641472,-0.476478,0,1,0,0,4,"Lower-volume outer areas"
"Thurrock 005D",1,51.522108,0.425076,0,1,0,0,4,"Lower-volume outer areas"
"Dover 010C",1,51.144358,1.273236,0,1,0,0,4,"Lower-volume outer areas"
"Thurrock 006C",1,51.510917,0.279061,0,1,0,0,4,"Lower-volume outer areas"
"Brentwood 003E",1,51.638256,0.352559,0,1,0,0,4,"Lower-volume outer areas"
"Peterborough 017E",1,52.555966,-0.228614,0,1,0,0,4,"Lower-volume outer areas"
"Dudley 011F",1,52.512734,-2.08788,0,1,0,0,4,"Lower-volume outer areas"
"Peterborough 021F",1,52.54193,-0.303399,0,1,0,0,4,"Lower-volume outer areas"
"Wokingham 012B",1,51.426837,-0.934679,0,1,0,0,4,"Lower-volume outer areas"
"Cotswold 001C",1,52.050394,-1.781771,0,1,0,0,4,"Lower-volume outer areas"
"Cotswold 003D",1,51.901012,-1.762975,0,1,0,0,4,"Lower-volume outer areas"
"Portsmouth 009A",1,50.824484,-1.07398,0,1,0,0,4,"Lower-volume outer areas"
"Brentwood 008C",1,51.605934,0.298577,0,1,0,0,4,"Lower-volume outer areas"
"Thurrock 009E",1,51.494725,0.331012,0,1,0,0,4,"Lower-volume outer areas"
"Preston 005C",1,53.788798,-2.74294,0,1,0,0,4,"Lower-volume outer areas"
"Preston 011A",1,53.769246,-2.687566,0,1,0,0,4,"Lower-volume outer areas"
"Runnymede 009A",1,51.368991,-0.490251,0,1,0,0,4,"Lower-volume outer areas"
"Thurrock 013C",1,51.482887,0.422519,0,1,0,0,4,"Lower-volume outer areas"
"Reading 010E",1,51.454836,-0.941454,0,1,0,0,4,"Lower-volume outer areas"
"Reading 010G",1,51.457499,-0.953584,0,1,0,0,4,"Lower-volume outer areas"
"Rushmoor 007A",1,51.284007,-0.748237,0,1,0,0,4,"Lower-volume outer areas"
"Reading 013A",1,51.446783,-0.982465,0,1,0,0,4,"Lower-volume outer areas"
"Rushmoor 009F",1,51.247406,-0.743027,0,1,0,0,4,"Lower-volume outer areas"
"Reading 017A",1,51.431484,-0.960522,0,1,0,0,4,"Lower-volume outer areas"
"Reading 017B",1,51.436822,-0.962199,0,1,0,0,4,"Lower-volume outer areas"
"Brighton and Hove 026A",1,50.82477,-0.164777,0,1,0,0,4,"Lower-volume outer areas"
"Reading 020C",1,51.45089,-0.967838,0,1,0,0,4,"Lower-volume outer areas"
"Hastings 003D",1,50.872824,0.52534,0,1,0,0,4,"Lower-volume outer areas"
"Thurrock 019B",1,51.484088,0.293034,0,1,0,0,4,"Lower-volume outer areas"
"Thurrock 020A",1,51.492623,0.318198,0,1,0,0,4,"Lower-volume outer areas"
"Spelthorne 002C",1,51.44608,-0.476198,0,1,0,0,4,"Lower-volume outer areas"
"North East Lincolnshire 016B",1,53.555649,-0.092483,0,1,0,0,4,"Lower-volume outer areas"
"Elmbridge 015B",1,51.364392,-0.352443,0,1,0,0,4,"Lower-volume outer areas"
"South Derbyshire 003G",1,52.875162,-1.543681,0,1,0,0,4,"Lower-volume outer areas"
"Salford 034D",1,53.488415,-2.261745,0,1,0,0,4,"Lower-volume outer areas"
"Salford 035C",1,53.477236,-2.280148,0,1,0,0,4,"Lower-volume outer areas"
"Guildford 018A",1,51.219552,-0.495602,0,1,0,0,4,"Lower-volume outer areas"
"Tonbridge and Malling 003H",1,51.302729,0.430852,0,1,0,0,4,"Lower-volume outer areas"
"Tonbridge and Malling 005A",1,51.292795,0.47914,0,1,0,0,4,"Lower-volume outer areas"
"Sandwell 014B",1,52.541916,-2.057668,0,1,0,0,4,"Lower-volume outer areas"
"Tonbridge and Malling 006C",1,51.292157,0.307124,0,1,0,0,4,"Lower-volume outer areas"
"Tonbridge and Malling 007A",1,51.259868,0.380471,0,1,0,0,4,"Lower-volume outer areas"
"Tonbridge and Malling 007E",1,51.277153,0.402042,0,1,0,0,4,"Lower-volume outer areas"
"Tonbridge and Malling 012A",1,51.196642,0.275224,0,1,0,0,4,"Lower-volume outer areas"
"Tonbridge and Malling 013D",1,51.189601,0.273317,0,1,0,0,4,"Lower-volume outer areas"
"Spelthorne 006E",1,51.421436,-0.440888,0,1,0,0,4,"Lower-volume outer areas"
"West Northamptonshire 032E",1,52.238409,-0.895252,0,1,0,0,4,"Lower-volume outer areas"
"Torbay 019A",1,50.463366,-3.554479,0,1,0,0,4,"Lower-volume outer areas"
"West Northamptonshire 042D",1,52.174903,-1.210781,0,1,0,0,4,"Lower-volume outer areas"
"Sedgemoor 014D",1,51.090076,-3.010602,0,1,0,0,4,"Lower-volume outer areas"
"Sefton 014D",1,53.559954,-3.061092,0,1,0,0,4,"Lower-volume outer areas"
"North Northamptonshire 034D",1,52.291249,-0.615559,0,1,0,0,4,"Lower-volume outer areas"
"Sefton 034A",1,53.462044,-3.009711,0,1,0,0,4,"Lower-volume outer areas"
"West Suffolk 004B",1,52.346697,0.50303,0,1,0,0,4,"Lower-volume outer areas"
"Maidstone 013H",1,51.243601,0.55311,0,1,0,0,4,"Lower-volume outer areas"
"Maidstone 014A",1,51.267498,0.470968,0,1,0,0,4,"Lower-volume outer areas"
"Sheffield 074C",1,53.381171,-1.471064,0,1,0,0,4,"Lower-volume outer areas"
"Teignbridge 012C",1,50.540475,-3.618658,0,1,0,0,4,"Lower-volume outer areas"
"North Tyneside 003A",1,55.041738,-1.462849,0,1,0,0,4,"Lower-volume outer areas"
"North Tyneside 008C",1,55.037527,-1.575439,0,1,0,0,4,"Lower-volume outer areas"
"Telford and Wrekin 004D",1,52.723972,-2.422243,0,1,0,0,4,"Lower-volume outer areas"
"Southampton 017B",1,50.917669,-1.400778,0,1,0,0,4,"Lower-volume outer areas"
"Kirklees 008B",1,53.712548,-1.714729,0,1,0,0,4,"Lower-volume outer areas"
"Kirklees 021C",1,53.686054,-1.697617,0,1,0,0,4,"Lower-volume outer areas"
"Redcar and Cleveland 012B",1,54.566536,-0.978362,0,1,0,0,4,"Lower-volume outer areas"
"St Albans 016B",1,51.745916,-0.325229,0,1,0,0,4,"Lower-volume outer areas"
"Redcar and Cleveland 021B",1,54.548165,-1.178946,0,1,0,0,4,"Lower-volume outer areas"
"Wigan 037B",1,53.490955,-2.518754,0,1,0,0,4,"Lower-volume outer areas"
"Kirklees 057F",1,53.580393,-1.669957,0,1,0,0,4,"Lower-volume outer areas"
"Knowsley 008F",1,53.425923,-2.859714,0,1,0,0,4,"Lower-volume outer areas"
"Reigate and Banstead 001C",1,51.3212,-0.228545,0,1,0,0,4,"Lower-volume outer areas"
"Wiltshire 023B",1,51.360886,-2.237564,0,1,0,0,4,"Lower-volume outer areas"
"Sevenoaks 012B",1,51.24275,0.242209,0,1,0,0,4,"Lower-volume outer areas"
"Newark and Sherwood 007F",1,53.081139,-0.802843,0,1,0,0,4,"Lower-volume outer areas"
"St. Helens 013B",1,53.45138,-2.637336,0,1,0,0,4,"Lower-volume outer areas"
"Sevenoaks 014C",1,51.20496,0.067434,0,1,0,0,4,"Lower-volume outer areas"
"Sheffield 014B",1,53.420461,-1.422726,0,1,0,0,4,"Lower-volume outer areas"
"Stafford 013D",1,52.7875,-2.113271,0,1,0,0,4,"Lower-volume outer areas"
"Windsor and Maidenhead 001B",1,51.536549,-0.736492,0,1,0,0,4,"Lower-volume outer areas"
"Reigate and Banstead 006C",1,51.296635,-0.237681,0,1,0,0,4,"Lower-volume outer areas"
"Kingston upon Hull 030C",1,53.742514,-0.36015,0,1,0,0,4,"Lower-volume outer areas"
"Hertsmere 008B",1,51.655093,-0.376257,0,1,0,0,4,"Lower-volume outer areas"
"Stevenage 007C",1,51.904142,-0.166919,0,1,0,0,4,"Lower-volume outer areas"
"Nottingham 041E",1,52.940365,-1.187137,0,1,0,0,4,"Lower-volume outer areas"
"Southend-on-Sea 017D",1,51.532705,0.78031,0,1,0,0,4,"Lower-volume outer areas"
"East Hertfordshire 012A",1,51.809592,-0.024329,0,1,0,0,4,"Lower-volume outer areas"
"Harlow 002B",1,51.783311,0.117041,0,1,0,0,4,"Lower-volume outer areas"
"Hertsmere 011B",1,51.649757,-0.265318,0,1,0,0,4,"Lower-volume outer areas"
"Brighton and Hove 019A",1,50.831036,-0.177198,0,1,0,0,4,"Lower-volume outer areas"
"Hertsmere 011F",1,51.654604,-0.275715,0,1,0,0,4,"Lower-volume outer areas"
"Watford 003C",1,51.686,-0.385452,0,1,0,0,4,"Lower-volume outer areas"
"East Suffolk 002E",1,52.496372,1.725034,0,1,0,0,4,"Lower-volume outer areas"
"Tunbridge Wells 012D",1,51.126872,0.266805,0,1,0,0,4,"Lower-volume outer areas"
"Harlow 006C",1,51.758662,0.109063,0,1,0,0,4,"Lower-volume outer areas"
"Harlow 006D",1,51.757559,0.11788,0,1,0,0,4,"Lower-volume outer areas"
"Lincoln 006D",1,53.21806,-0.536436,0,1,0,0,4,"Lower-volume outer areas"
"Harlow 008B",1,51.758421,0.136323,0,1,0,0,4,"Lower-volume outer areas"
"Harlow 008D",1,51.760695,0.130446,0,1,0,0,4,"Lower-volume outer areas"
"Harlow 010A",1,51.75036,0.114689,0,1,0,0,4,"Lower-volume outer areas"
"Harlow 010B",1,51.747842,0.106661,0,1,0,0,4,"Lower-volume outer areas"
"Slough 005E",1,51.519377,-0.584692,0,1,0,0,4,"Lower-volume outer areas"
"Harlow 011B",1,51.751157,0.085692,0,1,0,0,4,"Lower-volume outer areas"
"Harrogate 013A",1,54.0018,-1.512842,0,1,0,0,4,"Lower-volume outer areas"
"Brentwood 003B",1,51.628661,0.357467,0,1,0,0,4,"Lower-volume outer areas"
"Watford 011C",1,51.643644,-0.408896,0,1,0,0,4,"Lower-volume outer areas"
"Peterborough 013C",1,52.596043,-0.204408,0,1,0,0,4,"Lower-volume outer areas"
"Brentwood 005A",1,51.625827,0.34446,0,1,0,0,4,"Lower-volume outer areas"
"Wokingham 010B",1,51.425315,-0.847926,0,1,0,0,4,"Lower-volume outer areas"
"Walsall 030G",1,52.57948,-1.987693,0,1,0,0,4,"Lower-volume outer areas"
"Slough 011F",1,51.509494,-0.595114,0,1,0,0,4,"Lower-volume outer areas"
"Elmbridge 004D",1,51.392589,-0.405504,0,1,0,0,4,"Lower-volume outer areas"
"Brentwood 008A",1,51.617464,0.315946,0,1,0,0,4,"Lower-volume outer areas"
"Welwyn Hatfield 005B",1,51.801073,-0.180066,0,1,0,0,4,"Lower-volume outer areas"
"Thurrock 008E",1,51.501133,0.252536,0,1,0,0,4,"Lower-volume outer areas"
"Merthyr Tydfil 007A",1,51.673137,-3.295742,0,1,0,0,4,"Lower-volume outer areas"
"Merthyr Tydfil 007C",1,51.661883,-3.319639,0,1,0,0,4,"Lower-volume outer areas"
"Luton 003B",1,51.918885,-0.456971,0,1,0,0,4,"Lower-volume outer areas"
"Brighton and Hove 004D",1,50.846118,-0.142973,0,1,0,0,4,"Lower-volume outer areas"
"Slough 013F",1,51.494815,-0.546846,0,1,0,0,4,"Lower-volume outer areas"
"Lancaster 020H",1,54.056561,-2.812192,0,1,0,0,4,"Lower-volume outer areas"
"Brighton and Hove 017B",1,50.838618,-0.076984,0,1,0,0,4,"Lower-volume outer areas"
"East Hertfordshire 016C",1,51.80077,-0.046862,0,1,0,0,4,"Lower-volume outer areas"
"Solihull 006D",1,52.483826,-1.742144,0,1,0,0,4,"Lower-volume outer areas"
"Brighton and Hove 019D",1,50.833778,-0.169139,0,1,0,0,4,"Lower-volume outer areas"
"Brighton and Hove 023C",1,50.833984,-0.19387,0,1,0,0,4,"Lower-volume outer areas"
"Elmbridge 012D",1,51.371524,-0.463071,0,1,0,0,4,"Lower-volume outer areas"
"Leeds 063D",1,53.80607,-1.56779,0,1,0,0,4,"Lower-volume outer areas"
"Welwyn Hatfield 016C",1,51.717802,-0.127747,0,1,0,0,4,"Lower-volume outer areas"
"Salford 004B",1,53.5305,-2.431798,0,1,0,0,4,"Lower-volume outer areas"
"Elmbridge 013B",1,51.369233,-0.372626,0,1,0,0,4,"Lower-volume outer areas"
"Elmbridge 013C",1,51.359251,-0.381009,0,1,0,0,4,"Lower-volume outer areas"
"Elmbridge 013D",1,51.38041,-0.371942,0,1,0,0,4,"Lower-volume outer areas"
"West Berkshire 007A",1,51.454879,-1.217268,0,1,0,0,4,"Lower-volume outer areas"
"Dacorum 007C",1,51.776574,-0.450828,0,1,0,0,4,"Lower-volume outer areas"
"Swindon 007D",1,51.57784,-1.793736,0,1,0,0,4,"Lower-volume outer areas"
"West Lancashire 005A",1,53.588961,-2.757074,0,1,0,0,4,"Lower-volume outer areas"
"Leeds 112F",1,53.79007,-1.533756,0,1,0,0,4,"Lower-volume outer areas"
"Luton 017D",1,51.886906,-0.430719,0,1,0,0,4,"Lower-volume outer areas"
"South Derbyshire 005D",1,52.851031,-1.561917,0,1,0,0,4,"Lower-volume outer areas"
"Bristol 020F",1,51.473173,-2.589367,0,1,0,0,4,"Lower-volume outer areas"
"South Gloucestershire 028D",1,51.460894,-2.50581,0,1,0,0,4,"Lower-volume outer areas"
"Leicester 011D",1,52.646564,-1.103837,0,1,0,0,4,"Lower-volume outer areas"
"Leicester 021E",1,52.633153,-1.101732,0,1,0,0,4,"Lower-volume outer areas"
"Bristol 029C",1,51.45657,-2.557086,0,1,0,0,4,"Lower-volume outer areas"
"Bristol 038D",1,51.43758,-2.531966,0,1,0,0,4,"Lower-volume outer areas"
"Luton 023A",1,51.879148,-0.420151,0,1,0,0,4,"Lower-volume outer areas"
"South Holland 006E",1,52.790329,-0.169381,0,1,0,0,4,"Lower-volume outer areas"
"Bristol 054B",1,51.449712,-2.580617,0,1,0,0,4,"Lower-volume outer areas"
"South Holland 008A",1,52.768572,0.12348,0,1,0,0,4,"Lower-volume outer areas"
"Horsham 014D",1,50.934738,-0.283418,0,1,0,0,4,"Lower-volume outer areas"
"Bristol 058B",1,51.467844,-2.579595,0,1,0,0,4,"Lower-volume outer areas"
"North Northamptonshire 030A",1,52.306362,-0.684744,0,1,0,0,4,"Lower-volume outer areas"
"Dartford 001K",1,51.449661,0.225462,0,1,0,0,4,"Lower-volume outer areas"
"North Northamptonshire 032D",1,52.301742,-0.694575,0,1,0,0,4,"Lower-volume outer areas"
"Spelthorne 011A",1,51.411269,-0.425029,0,1,0,0,4,"Lower-volume outer areas"
"Tandridge 009C",1,51.220066,-0.047584,0,1,0,0,4,"Lower-volume outer areas"
"Leeds 020C",1,53.845662,-1.507224,0,1,0,0,4,"Lower-volume outer areas"
"Tunbridge Wells 004D",1,51.149854,0.327945,0,1,0,0,4,"Lower-volume outer areas"
"Watford 002C",1,51.688073,-0.40093,0,1,0,0,4,"Lower-volume outer areas"
"Tunbridge Wells 002E",1,51.165868,0.249091,0,1,0,0,4,"Lower-volume outer areas"
"Three Rivers 008C",1,51.634083,-0.393524,0,1,0,0,4,"Lower-volume outer areas"
"Watford 004A",1,51.679785,-0.410407,0,1,0,0,4,"Lower-volume outer areas"
"Southampton 022F",1,50.912678,-1.400657,0,1,0,0,4,"Lower-volume outer areas"
"Southampton 023A",1,50.912252,-1.410605,0,1,0,0,4,"Lower-volume outer areas"
"Northumberland 020F",1,55.139767,-1.56659,0,1,0,0,4,"Lower-volume outer areas"
"Tendring 001A",1,51.943702,1.288338,0,1,0,0,4,"Lower-volume outer areas"
"Redcar and Cleveland 018A",1,54.530264,-1.053643,0,1,0,0,4,"Lower-volume outer areas"
"Sevenoaks 008B",1,51.291283,0.168899,0,1,0,0,4,"Lower-volume outer areas"
"Redditch 005A",1,52.308273,-1.881431,0,1,0,0,4,"Lower-volume outer areas"
"Reigate and Banstead 001B",1,51.328398,-0.219325,0,1,0,0,4,"Lower-volume outer areas"
"Tendring 011E",1,51.795764,1.031066,0,1,0,0,4,"Lower-volume outer areas"
"Cherwell 016I",1,51.895347,-1.202171,0,1,0,0,4,"Lower-volume outer areas"
"East Cambridgeshire 007A",1,52.313741,0.374519,0,1,0,0,4,"Lower-volume outer areas"
"Nottingham 009A",1,52.986943,-1.18379,0,1,0,0,4,"Lower-volume outer areas"
"Reigate and Banstead 004D",1,51.314215,-0.166781,0,1,0,0,4,"Lower-volume outer areas"
"Southend-on-Sea 012F",1,51.545341,0.681452,0,1,0,0,4,"Lower-volume outer areas"
"East Hertfordshire 003B",1,51.881548,0.144597,0,1,0,0,4,"Lower-volume outer areas"
"Test Valley 017A",1,51.222144,-1.444018,0,1,0,0,4,"Lower-volume outer areas"
"East Hertfordshire 004D",1,51.88772,0.169451,0,1,0,0,4,"Lower-volume outer areas"
"Welwyn Hatfield 005A",1,51.800881,-0.16483,0,1,0,0,4,"Lower-volume outer areas"
"Nottingham 040B",1,52.945211,-1.1513,0,1,0,0,4,"Lower-volume outer areas"
"East Hertfordshire 008F",1,51.859005,0.132212,0,1,0,0,4,"Lower-volume outer areas"
"Manchester 058C",1,53.492135,-2.245505,0,1,0,0,4,"Lower-volume outer areas"
"Southend-on-Sea 016D",1,51.538332,0.731055,0,1,0,0,4,"Lower-volume outer areas"
"East Hertfordshire 011E",1,51.807098,0.150099,0,1,0,0,4,"Lower-volume outer areas"
"Thanet 012B",1,51.338374,1.428044,0,1,0,0,4,"Lower-volume outer areas"
"Warwick 007F",1,52.304688,-1.531101,0,1,0,0,4,"Lower-volume outer areas"
"Reigate and Banstead 010E",1,51.248444,-0.175545,0,1,0,0,4,"Lower-volume outer areas"
"Tandridge 008A",1,51.240694,-0.099949,0,1,0,0,4,"Lower-volume outer areas"
"Thanet 012E",1,51.353612,1.425246,0,1,0,0,4,"Lower-volume outer areas"
"Leeds 023C",1,53.845127,-1.532978,0,1,0,0,4,"Lower-volume outer areas"
"Welwyn Hatfield 012A",1,51.764266,-0.229398,0,1,0,0,4,"Lower-volume outer areas"
"Leeds 027E",1,53.831513,-1.634944,0,1,0,0,4,"Lower-volume outer areas"
"Thurrock 016D",1,51.477066,0.33171,0,1,0,0,4,"Lower-volume outer areas"
"Mid Sussex 003A",1,51.113173,0.019158,0,1,0,0,4,"Lower-volume outer areas"
"East Suffolk 023D",1,52.058023,1.454207,0,1,0,0,4,"Lower-volume outer areas"
"Medway 011E",1,51.38768,0.469188,0,1,0,0,4,"Lower-volume outer areas"
"Watford 006D",1,51.671611,-0.395827,0,1,0,0,4,"Lower-volume outer areas"
"Medway 014C",1,51.389833,0.506319,0,1,0,0,4,"Lower-volume outer areas"
"Rhondda Cynon Taf 015D",1,51.644312,-3.366909,0,1,0,0,4,"Lower-volume outer areas"
"Rhondda Cynon Taf 024A",1,51.581951,-3.431212,0,1,0,0,4,"Lower-volume outer areas"
"Eastleigh 009C",1,50.934164,-1.354046,0,1,0,0,4,"Lower-volume outer areas"
"Vale of Glamorgan 005H",1,51.444075,-3.175773,0,1,0,0,4,"Lower-volume outer areas"
"Peterborough 001A",1,52.634367,-0.291667,0,1,0,0,4,"Lower-volume outer areas"
"Thurrock 004B",1,51.547369,0.402836,0,1,0,0,4,"Lower-volume outer areas"
"Eden 007E",1,54.542564,-2.477586,0,1,0,0,4,"Lower-volume outer areas"
"Wakefield 019B",1,53.686649,-1.501799,0,1,0,0,4,"Lower-volume outer areas"
"Colchester 022F",1,51.894173,0.923562,0,1,0,0,4,"Lower-volume outer areas"
"Harrogate 013B",1,53.993574,-1.511063,0,1,0,0,4,"Lower-volume outer areas"
"Walsall 029A",1,52.585175,-1.966438,0,1,0,0,4,"Lower-volume outer areas"
"Walsall 030D",1,52.575064,-1.979077,0,1,0,0,4,"Lower-volume outer areas"
"Waverley 015A",1,51.12728,-0.52757,0,1,0,0,4,"Lower-volume outer areas"
"Wealden 011B",1,50.96739,0.296605,0,1,0,0,4,"Lower-volume outer areas"
"Medway 038B",1,51.334397,0.544642,0,1,0,0,4,"Lower-volume outer areas"
"Melton 004D",1,52.773256,-0.890671,0,1,0,0,4,"Lower-volume outer areas"
"Wealden 016C",1,50.867216,0.249565,0,1,0,0,4,"Lower-volume outer areas"
"Darlington 006F",1,54.538595,-1.596797,0,1,0,0,4,"Lower-volume outer areas"
"Runnymede 003F",1,51.424579,-0.532548,0,1,0,0,4,"Lower-volume outer areas"
"Sedgemoor 004B",1,51.237309,-2.997668,0,1,0,0,4,"Lower-volume outer areas"
"Spelthorne 008C",1,51.422933,-0.425735,0,1,0,0,4,"Lower-volume outer areas"
"Welwyn Hatfield 006A",1,51.794255,-0.221684,0,1,0,0,4,"Lower-volume outer areas"
"Lancaster 009B",1,54.059176,-2.890983,0,1,0,0,4,"Lower-volume outer areas"
"Swale 004A",1,51.418629,0.775249,0,1,0,0,4,"Lower-volume outer areas"
"Thanet 012C",1,51.349098,1.420585,0,1,0,0,4,"Lower-volume outer areas"
"Trafford 027D",1,53.377215,-2.35946,0,1,0,0,4,"Lower-volume outer areas"
"Watford 001D",1,51.690451,-0.407212,0,1,0,0,4,"Lower-volume outer areas"
"Slough 001B",1,51.535984,-0.629235,0,1,0,0,4,"Lower-volume outer areas"
"Tunbridge Wells 004E",1,51.141962,0.319599,0,1,0,0,4,"Lower-volume outer areas"
"Solihull 028F",1,52.365286,-1.739471,0,1,0,0,4,"Lower-volume outer areas"
"Ryedale 009C",1,54.134822,-0.777306,0,1,0,0,4,"Lower-volume outer areas"
"Swale 014E",1,51.30446,0.881305,0,1,0,0,4,"Lower-volume outer areas"
"Welwyn Hatfield 017A",1,51.746956,-0.227555,0,1,0,0,4,"Lower-volume outer areas"
"Salford 013C",1,53.505603,-2.418654,0,1,0,0,4,"Lower-volume outer areas"
"Dacorum 005D",1,51.777757,-0.43764,0,1,0,0,4,"Lower-volume outer areas"
"Hastings 005A",1,50.87005,0.592366,0,1,0,0,4,"Lower-volume outer areas"
"Leeds 072D",1,53.790521,-1.481656,0,1,0,0,4,"Lower-volume outer areas"
"Swindon 010C",1,51.572292,-1.776814,0,1,0,0,4,"Lower-volume outer areas"
"Havant 013D",1,50.849715,-0.943359,0,1,0,0,4,"Lower-volume outer areas"
"North Lincolnshire 007B",1,53.595114,-0.653839,0,1,0,0,4,"Lower-volume outer areas"
"Spelthorne 005C",1,51.434259,-0.451774,0,1,0,0,4,"Lower-volume outer areas"
"Gwynedd 015C",1,52.917331,-3.57425,0,1,0,0,4,"Lower-volume outer areas"
"Leicester 022E",1,52.62796,-1.111619,0,1,0,0,4,"Lower-volume outer areas"
"Leicester 023A",1,52.626137,-1.151235,0,1,0,0,4,"Lower-volume outer areas"
"Leicester 026B",1,52.622618,-1.183949,0,1,0,0,4,"Lower-volume outer areas"
"Leicester 030C",1,52.6194,-1.123094,0,1,0,0,4,"Lower-volume outer areas"
"Horsham 009F",1,51.023556,-0.351636,0,1,0,0,4,"Lower-volume outer areas"
"Leicester 043A",1,52.646837,-1.088844,0,1,0,0,4,"Lower-volume outer areas"
"Test Valley 017C",1,51.212787,-1.45451,0,1,0,0,4,"Lower-volume outer areas"
"Nottingham 040C",1,52.939017,-1.149977,0,1,0,0,4,"Lower-volume outer areas"
"North Northamptonshire 028D",1,52.318841,-0.698561,0,1,0,0,4,"Lower-volume outer areas"
"North Northamptonshire 030B",1,52.302073,-0.686323,0,1,0,0,4,"Lower-volume outer areas"
"Chichester 012H",1,50.827425,-0.7558,0,1,0,0,4,"Lower-volume outer areas"
"Warrington 013D",1,53.390529,-2.612713,0,1,0,0,4,"Lower-volume outer areas"
"Tandridge 007A",1,51.239559,0.008914,0,1,0,0,4,"Lower-volume outer areas"
"Hertsmere 010C",1,51.654085,-0.286924,0,1,0,0,4,"Lower-volume outer areas"
"Rushcliffe 015C",1,52.823364,-1.184291,0,1,0,0,4,"Lower-volume outer areas"
"Mid Suffolk 008B",1,52.192608,0.990059,0,1,0,0,4,"Lower-volume outer areas"
"Luton 007D",1,51.909287,-0.412683,0,1,0,0,4,"Lower-volume outer areas"
"Swale 007C",1,51.363531,0.732866,0,1,0,0,4,"Lower-volume outer areas"
"Three Rivers 009C",1,51.618974,-0.51073,0,1,0,0,4,"Lower-volume outer areas"
"Colchester 008E",1,51.884607,0.938215,0,1,0,0,4,"Lower-volume outer areas"
"Epping Forest 004A",1,51.70059,0.241546,0,1,0,0,4,"Lower-volume outer areas"
"Sevenoaks 007A",1,51.342409,0.267675,0,1,0,0,4,"Lower-volume outer areas"
"Wigan 014B",1,53.535522,-2.670073,0,1,0,0,4,"Lower-volume outer areas"
"Wigan 015B",1,53.541915,-2.656804,0,1,0,0,4,"Lower-volume outer areas"
"Maldon 007E",1,51.680463,0.764674,0,1,0,0,4,"Lower-volume outer areas"
"Wigan 036E",1,53.491278,-2.642787,0,1,0,0,4,"Lower-volume outer areas"
"Southend-on-Sea 002A",1,51.566882,0.675086,0,1,0,0,4,"Lower-volume outer areas"
"Hertsmere 001E",1,51.704276,-0.182028,0,1,0,0,4,"Lower-volume outer areas"
"Sevenoaks 009C",1,51.301943,0.226227,0,1,0,0,4,"Lower-volume outer areas"
"Manchester 008D",1,53.517679,-2.250087,0,1,0,0,4,"Lower-volume outer areas"
"King's Lynn and West Norfolk 009B",1,52.748495,0.405489,0,1,0,0,4,"Lower-volume outer areas"
"Norwich 013C",1,52.608974,1.29558,0,1,0,0,4,"Lower-volume outer areas"
"Wiltshire 028C",1,51.283342,-2.040241,0,1,0,0,4,"Lower-volume outer areas"
"Nottingham 001B",1,53.012209,-1.183254,0,1,0,0,4,"Lower-volume outer areas"
"King's Lynn and West Norfolk 013C",1,52.729908,0.223174,0,1,0,0,4,"Lower-volume outer areas"
"Sevenoaks 013E",1,51.271129,0.074174,0,1,0,0,4,"Lower-volume outer areas"
"Cheshire East 035A",1,53.104182,-2.438791,0,1,0,0,4,"Lower-volume outer areas"
"Kingston upon Hull 018D",1,53.763404,-0.362067,0,1,0,0,4,"Lower-volume outer areas"
"Test Valley 004C",1,51.207308,-1.485666,0,1,0,0,4,"Lower-volume outer areas"
"Winchester 008D",1,51.05306,-1.322104,0,1,0,0,4,"Lower-volume outer areas"
"North Northamptonshire 005B",1,52.487829,-0.699042,0,1,0,0,4,"Lower-volume outer areas"
"Cotswold 009E",1,51.696406,-1.773348,0,1,0,0,4,"Lower-volume outer areas"
"Spelthorne 008B",1,51.427896,-0.414373,0,1,0,0,4,"Lower-volume outer areas"
"South Norfolk 002G",1,52.604723,1.240131,0,1,0,0,4,"Lower-volume outer areas"
"Thanet 003D",1,51.382197,1.379514,0,1,0,0,4,"Lower-volume outer areas"
"Thanet 004B",1,51.381008,1.390782,0,1,0,0,4,"Lower-volume outer areas"
"Tandridge 003B",1,51.297138,-0.096386,0,1,0,0,4,"Lower-volume outer areas"
"Swale 002D",1,51.428757,0.75467,0,1,0,0,4,"Lower-volume outer areas"
"Warrington 017B",1,53.38815,-2.583374,0,1,0,0,4,"Lower-volume outer areas"
"Thurrock 012E",1,51.489951,0.36818,0,1,0,0,4,"Lower-volume outer areas"
"Liverpool 006B",1,53.452681,-2.960231,0,1,0,0,4,"Lower-volume outer areas"
"Trafford 008D",1,53.445273,-2.332693,0,1,0,0,4,"Lower-volume outer areas"
"Windsor and Maidenhead 011B",1,51.49082,-0.583387,0,1,0,0,4,"Lower-volume outer areas"
"Sheffield 073D",1,53.380414,-1.466623,0,1,0,0,4,"Lower-volume outer areas"
"Welwyn Hatfield 011D",1,51.765769,-0.219325,0,1,0,0,4,"Lower-volume outer areas"
"Mid Suffolk 006E",1,52.220484,0.89176,0,1,0,0,4,"Lower-volume outer areas"
"Solihull 016F",1,52.424767,-1.771062,0,1,0,0,4,"Lower-volume outer areas"
"Hartlepool 009C",1,54.673984,-1.241045,0,1,0,0,4,"Lower-volume outer areas"
"Hartlepool 015B",1,54.687025,-1.214447,0,1,0,0,4,"Lower-volume outer areas"
"Colchester 011I",1,51.885007,0.921426,0,1,0,0,4,"Lower-volume outer areas"
"Colchester 011J",1,51.883221,0.925627,0,1,0,0,4,"Lower-volume outer areas"
"Oxford 016F",1,51.724539,-1.232934,0,1,0,0,4,"Lower-volume outer areas"
"West Northamptonshire 017C",1,52.251561,-0.859211,0,1,0,0,4,"Lower-volume outer areas"
"Pendle 009D",1,53.841269,-2.209004,0,1,0,0,4,"Lower-volume outer areas"
"Liverpool 014C",1,53.437263,-2.982553,0,1,0,0,4,"Lower-volume outer areas"
"Woking 002C",1,51.337039,-0.513251,0,1,0,0,4,"Lower-volume outer areas"
"Slough 004B",1,51.521778,-0.597417,0,1,0,0,4,"Lower-volume outer areas"
"Thurrock 005A",1,51.518327,0.428753,0,1,0,0,4,"Lower-volume outer areas"
"Peterborough 008C",1,52.596867,-0.228677,0,1,0,0,4,"Lower-volume outer areas"
"Woking 007C",1,51.318138,-0.610754,0,1,0,0,4,"Lower-volume outer areas"
"Guildford 018B",1,51.215856,-0.450133,0,1,0,0,4,"Lower-volume outer areas"
"Woking 008A",1,51.319161,-0.561387,0,1,0,0,4,"Lower-volume outer areas"
"Thurrock 007B",1,51.504452,0.270208,0,1,0,0,4,"Lower-volume outer areas"
"North East Derbyshire 008A",1,53.257764,-1.485493,0,1,0,0,4,"Lower-volume outer areas"
"Spelthorne 006B",1,51.424015,-0.449574,0,1,0,0,4,"Lower-volume outer areas"
"South Holland 005C",1,52.800387,-0.230223,0,1,0,0,4,"Lower-volume outer areas"
"Slough 011A",1,51.506541,-0.585796,0,1,0,0,4,"Lower-volume outer areas"
"Southend-on-Sea 013B",1,51.529252,0.796912,0,1,0,0,4,"Lower-volume outer areas"
"Dacorum 021B",1,51.717941,-0.512302,0,1,0,0,4,"Lower-volume outer areas"
"Wealden 021B",1,50.80972,0.249485,0,1,0,0,4,"Lower-volume outer areas"
"Darlington 011C",1,54.530807,-1.579227,0,1,0,0,4,"Lower-volume outer areas"
"West Northamptonshire 033C",1,52.24131,-0.926185,0,1,0,0,4,"Lower-volume outer areas"
"North Northamptonshire 021A",1,52.375364,-0.691891,0,1,0,0,4,"Lower-volume outer areas"
"Tameside 030B",1,53.445932,-2.084275,0,1,0,0,4,"Lower-volume outer areas"
"Welwyn Hatfield 009A",1,51.788493,-0.192274,0,1,0,0,4,"Lower-volume outer areas"
"West Berkshire 006D",1,51.44073,-1.041014,0,1,0,0,4,"Lower-volume outer areas"
"Halton 008D",1,53.363574,-2.759323,0,1,0,0,4,"Lower-volume outer areas"
"Welwyn Hatfield 011A",1,51.760652,-0.225845,0,1,0,0,4,"Lower-volume outer areas"
"North East Lincolnshire 024E",1,53.558274,-0.03638,0,1,0,0,4,"Lower-volume outer areas"
"Hastings 007E",1,50.865694,0.588869,0,1,0,0,4,"Lower-volume outer areas"
"Milton Keynes 004D",1,52.086175,-0.722562,0,1,0,0,4,"Lower-volume outer areas"
"Medway 009F",1,51.392945,0.55584,0,1,0,0,4,"Lower-volume outer areas"
"Thurrock 018D",1,51.466284,0.358229,0,1,0,0,4,"Lower-volume outer areas"
"Reigate and Banstead 015D",1,51.218028,-0.203325,0,1,0,0,4,"Lower-volume outer areas"
"Wiltshire 050C",1,51.085386,-2.319297,0,1,0,0,4,"Lower-volume outer areas"
"Newcastle upon Tyne 012C",1,54.996178,-1.566762,0,1,0,0,4,"Lower-volume outer areas"
"Hastings 005B",1,50.87135,0.585672,0,1,0,0,4,"Lower-volume outer areas"
"Horsham 003D",1,51.115276,-0.333358,0,1,0,0,4,"Lower-volume outer areas"
"West Northamptonshire 022B",1,52.249661,-1.165189,0,1,0,0,4,"Lower-volume outer areas"
"Guildford 017C",1,51.224078,-0.628338,0,1,0,0,4,"Lower-volume outer areas"
"Spelthorne 004B",1,51.438055,-0.50878,0,1,0,0,4,"Lower-volume outer areas"
"West Northamptonshire 001A",1,52.395529,-0.987684,0,1,0,0,4,"Lower-volume outer areas"
"North Lincolnshire 008D",1,53.590571,-0.651112,0,1,0,0,4,"Lower-volume outer areas"
"Hinckley and Bosworth 007B",1,52.570807,-1.342596,0,1,0,0,4,"Lower-volume outer areas"
"Newark and Sherwood 012D",1,53.105911,-0.82141,0,1,0,0,4,"Lower-volume outer areas"
"Wigan 013A",1,53.529587,-2.584955,0,1,0,0,4,"Lower-volume outer areas"
"Southampton 031B",1,50.897658,-1.369552,0,1,0,0,4,"Lower-volume outer areas"
"Middlesbrough 001A",1,54.573083,-1.231829,0,1,0,0,4,"Lower-volume outer areas"
"Sandwell 030E",1,52.481552,-2.016595,0,1,0,0,4,"Lower-volume outer areas"
"Wigan 024A",1,53.524789,-2.599158,0,1,0,0,4,"Lower-volume outer areas"
"Southend-on-Sea 003E",1,51.562819,0.651602,0,1,0,0,4,"Lower-volume outer areas"
"Manchester 003F",1,53.526503,-2.181926,0,1,0,0,4,"Lower-volume outer areas"
"Sevenoaks 009A",1,51.305004,0.212286,0,1,0,0,4,"Lower-volume outer areas"
"Thurrock 017D",1,51.47402,0.326183,0,1,0,0,4,"Lower-volume outer areas"
"Tunbridge Wells 008E",1,51.139243,0.260049,0,1,0,0,4,"Lower-volume outer areas"
"Manchester 028B",1,53.449152,-2.270372,0,1,0,0,4,"Lower-volume outer areas"
"Liverpool 012E",1,53.437786,-2.972479,0,1,0,0,4,"Lower-volume outer areas"
"Wiltshire 062E",1,50.996021,-1.758775,0,1,0,0,4,"Lower-volume outer areas"
"Manchester 053C",1,53.371515,-2.271398,0,1,0,0,4,"Lower-volume outer areas"
"Test Valley 001D",1,51.216805,-1.483856,0,1,0,0,4,"Lower-volume outer areas"
"Tameside 027A",1,53.447549,-2.02905,0,1,0,0,4,"Lower-volume outer areas"
"Southend-on-Sea 007B",1,51.547079,0.688421,0,1,0,0,4,"Lower-volume outer areas"
"Southend-on-Sea 007D",1,51.550603,0.6916,0,1,0,0,4,"Lower-volume outer areas"
"Tendring 013E",1,51.806474,1.153831,0,1,0,0,4,"Lower-volume outer areas"
"Swindon 018C",1,51.560434,-1.840971,0,1,0,0,4,"Lower-volume outer areas"
"Reigate and Banstead 013A",1,51.226628,-0.195886,0,1,0,0,4,"Lower-volume outer areas"
"Hertsmere 013E",1,51.645646,-0.346849,0,1,0,0,4,"Lower-volume outer areas"
"Luton 022C",1,51.883911,-0.417907,0,1,0,0,4,"Lower-volume outer areas"
"Lincoln 010C",1,53.210109,-0.564933,0,1,0,0,4,"Lower-volume outer areas"
"Liverpool 009A",1,53.445612,-2.958415,0,1,0,0,4,"Lower-volume outer areas"
"North East Derbyshire 009C",1,53.190284,-1.362648,0,1,0,0,4,"Lower-volume outer areas"
"Leeds 082C",1,53.779876,-1.557178,0,1,0,0,4,"Lower-volume outer areas"
"St Albans 020A",1,51.706051,-0.360713,0,1,0,0,4,"Lower-volume outer areas"
"Tandridge 002A",1,51.30135,-0.062012,0,1,0,0,4,"Lower-volume outer areas"
"Wakefield 017C",1,53.689551,-1.492754,0,1,0,0,4,"Lower-volume outer areas"
"Milton Keynes 002G",1,52.079632,-0.753029,0,1,0,0,4,"Lower-volume outer areas"
"West Northamptonshire 013C",1,52.269592,-0.916987,0,1,0,0,4,"Lower-volume outer areas"
"Oxford 015D",1,51.727488,-1.211137,0,1,0,0,4,"Lower-volume outer areas"
"Southend-on-Sea 012E",1,51.544009,0.688168,0,1,0,0,4,"Lower-volume outer areas"
"Horsham 001H",1,51.098887,-0.233256,0,1,0,0,4,"Lower-volume outer areas"
"Dacorum 018B",1,51.744197,-0.475111,0,1,0,0,4,"Lower-volume outer areas"
"North Norfolk 002A",1,52.886177,1.048119,0,1,0,0,4,"Lower-volume outer areas"
"Southend-on-Sea 006A",1,51.54946,0.727481,0,1,0,0,4,"Lower-volume outer areas"
"Milton Keynes 010A",1,52.052391,-0.841291,0,1,0,0,4,"Lower-volume outer areas"
"Wiltshire 045G",1,51.197456,-1.815058,0,1,0,0,4,"Lower-volume outer areas"
"Oxford 009D",1,51.75734,-1.272583,0,1,0,0,4,"Lower-volume outer areas"
"Leeds 065D",1,53.799486,-1.516981,0,1,0,0,4,"Lower-volume outer areas"
"Halton 006E",1,53.366024,-2.755654,0,1,0,0,4,"Lower-volume outer areas"
"Swansea 016A",1,51.630654,-3.941131,0,1,0,0,4,"Lower-volume outer areas"
"Tameside 001C",1,53.520872,-2.045631,0,1,0,0,4,"Lower-volume outer areas"
"West Northamptonshire 032B",1,52.242385,-0.901275,0,1,0,0,4,"Lower-volume outer areas"
"Southend-on-Sea 010D",1,51.543936,0.712799,0,1,0,0,4,"Lower-volume outer areas"
"Hastings 002A",1,50.878011,0.595139,0,1,0,0,4,"Lower-volume outer areas"
"Swindon 001E",1,51.632178,-1.710559,0,1,0,0,4,"Lower-volume outer areas"
"Southend-on-Sea 006C",1,51.551022,0.727185,0,1,0,0,4,"Lower-volume outer areas"
"Tendring 017A",1,51.796647,1.144282,0,1,0,0,4,"Lower-volume outer areas"
"North Norfolk 013C",1,52.77374,1.51459,0,1,0,0,4,"Lower-volume outer areas"
"North Norfolk 006D",1,52.873147,1.26642,0,1,0,0,4,"Lower-volume outer areas"
"Dacorum 013A",1,51.758646,-0.439386,0,1,0,0,4,"Lower-volume outer areas"
"Dacorum 014A",1,51.759086,-0.567894,0,1,0,0,4,"Lower-volume outer areas"
"St Albans 017D",1,51.747248,-0.33674,0,1,0,0,4,"Lower-volume outer areas"
"Wiltshire 045B",1,51.192426,-1.745603,0,1,0,0,4,"Lower-volume outer areas"
"Tendring 016C",1,51.794151,1.148184,0,1,0,0,4,"Lower-volume outer areas"
"Hastings 010F",1,50.857817,0.530952,0,1,0,0,4,"Lower-volume outer areas"
"Swindon 027B",1,51.602854,-1.804337,0,1,0,0,4,"Lower-volume outer areas"
"Tendring 012C",1,51.79727,1.180619,0,1,0,0,4,"Lower-volume outer areas"
"Uttlesford 001D",1,52.06636,0.203384,0,1,0,0,4,"Lower-volume outer areas"
"Swindon 015E",1,51.561517,-1.786886,0,1,0,0,4,"Lower-volume outer areas"
"West Northamptonshire 008B",1,52.273565,-0.912024,0,1,0,0,4,"Lower-volume outer areas"
"Harlow 011C",1,51.750098,0.079993,0,1,0,0,4,"Lower-volume outer areas"
"Southend-on-Sea 010H",1,51.542656,0.711381,0,1,0,0,4,"Lower-volume outer areas"
"Nottingham 014C",1,52.97446,-1.230131,0,1,0,0,4,"Lower-volume outer areas"
"Hertsmere 012E",1,51.652452,-0.35383,0,1,0,0,4,"Lower-volume outer areas"
"North Hertfordshire 016E",1,51.941292,-0.159702,0,1,0,0,4,"Lower-volume outer areas"
"North Hertfordshire 014F",1,51.928135,-0.353245,0,1,0,0,4,"Lower-volume outer areas"
"Hastings 011E",1,50.857779,0.561545,0,1,0,0,4,"Lower-volume outer areas"
"West Northamptonshire 019C",1,52.25791,-0.880014,0,1,0,0,4,"Lower-volume outer areas"
"Tunbridge Wells 013D",1,51.116312,0.516563,0,1,0,0,4,"Lower-volume outer areas"
"Leicester 010C",1,52.648382,-1.108826,0,1,0,0,4,"Lower-volume outer areas"

